mission_days,total_delta_v_m_s
100.2923151782589,311.1012461692541
100.27960192006337,351.8731569815145
100.26159550260235,363.60374668412146
100.2498802034321,365.51098361532024
100.27998734658078,372.195715412254
100.27810967978044,373.6985491435475
100.23954560140767,379.49180027075585
100.20943842787557,382.2435168573669
100.28983092511729,382.67306258131816
101.72673921699666,378.6470598289501
100.29132301555696,388.16285897294375
100.23766790422391,390.4310823855941
100.25186070730236,390.912193174463
108.57818406653111,365.33044722600346
106.78003792345845,377.22235601207905
100.20982385439297,402.56607528810645
100.20794643306968,402.8040124804014
100.22214163433735,404.51442196970703
100.23805336734951,407.77094942556477
100.25224613381977,411.2347516052025
100.25036846701943,412.7375853364959
106.7395961522011,390.58082095602384
101.30951805950981,421.4390378630963
101.2794108859777,424.19075444970747
100.21664691981752,429.6574255971755
108.84137515818502,398.43160688502155
106.70987443127065,407.59271588793143
100.24487688871054,434.5130903688174
102.3391869591901,427.08316496647547
101.28178073923618,431.0940701397939
106.40073928288555,412.76674612632723
101.68281225041507,430.79732206438314
101.30764036232605,432.3783199779346
106.73810394422719,412.79759002538975
101.68430424216987,432.1679691524703
101.25167620937034,433.8101888878433
101.68430424216987,433.0567972750162
100.21476949087278,440.5156218732471
106.75229671069744,416.26139220502756
106.40073928288555,418.2565425179528
101.71253366090515,439.50463540367025
106.40073928288555,422.4545132431634
106.40073928288555,422.5194389386006
101.71253366090515,440.3934635262162
101.27990304205242,442.03335225463223
101.27979631249511,444.51331288044696
101.27791889117181,444.75125007274187
108.08977926874942,420.47814959198774
102.30292064785839,442.7393852187768
101.30802582545165,449.7181870179053
109.56035035244805,419.98324305983476
102.33957238570751,447.40572339721496
100.2151548989274,456.280301305653
102.33769471890717,448.90855712850845
101.71253366090515,451.7547406188716
101.25206163588776,454.13274731858286
109.56134215495372,424.1812137850453
109.5607357714385,424.2461394804826
107.09238612420589,434.3008680474964
109.55885810463816,425.74897321177605
107.80956861030324,432.5280585483643
101.23827913171128,457.54006899855074
106.74932425588077,438.0834378748412
101.28028850517802,459.3732192946029
109.7128029021395,428.92232887193126
106.71669747061095,440.7464462824435
106.40073928288555,445.4346257136684
106.40073928288555,445.5279425487529
106.40073928288555,446.4292043853029
106.40073928288555,446.7148307435473
106.77755367461604,445.42010412604117
107.78183129002961,442.1830908250619
106.40073928288555,448.1297627075854
106.40073928288555,449.63259643887886
107.12462724511855,447.21603886933076
106.7449269469593,448.9340118106707
109.91134761628716,440.378844477362
101.65656567307514,471.1714075068571
101.65656567307514,472.060235629403
107.77984688937278,449.539953480272
101.22822851297798,474.69314551676507
102.65094106740389,469.49750006086913
102.65094106740389,470.386328183415
108.81847647659487,448.5972322114412
107.80807640232932,454.7448276177303
101.68479244814412,478.54367159661876
108.83962296258518,452.43236399704
101.68479244814412,479.43249971916464
106.71520547580506,461.306941905478
108.84670598955141,453.80210634889966
109.88361029601353,450.03387675405963
107.75211221276543,459.15938791840784
102.65094106740389,481.74760527607043
107.7803390820557,464.39985989442795
101.68479244814412,490.79377681182007
109.64264380270625,465.7904485712229
106.72158568678601,477.08687622922804
107.71596108111478,475.41296878324005
108.06303465161729,477.20890352652964
109.67087057777523,473.1627126609846
106.74981246185502,484.4591403189897
110.69318685418379,471.0300272643177
110.69506451470525,472.02460593595225
107.09688603235752,486.2550750622793
110.66486205118663,474.3929805059009
110.66817171233073,475.658594149729
110.66855713562035,476.5474222722749
107.09727145134794,490.517971482927
110.67104116610449,477.26281271634974
110.67004934625481,477.27057107984325
101.25976890851554,512.4890380843648
110.67065579433692,478.03506085561907
110.6658538536923,478.59095123111143
110.66524747017706,478.65587692654873
114.1973279536678,465.8412947521524
110.6691635148364,479.8565648749396
110.66337007161576,480.07762481907537
103.73585259656116,507.68535072430575
110.69927113499753,482.11847748799164
110.69827931514784,482.12623585148515
110.69309152753497,482.58054603412813
110.6955756293726,482.6738628692126
110.69888576322997,482.89072562726096
103.73734468659617,509.3963707559268
110.69496918805645,483.5751247057627
110.6934769831336,483.86075106400705
103.73734468659617,510.2851988784727
114.1973279536678,471.331091143778
110.69596099684098,485.2756830280452
114.1973279536678,472.22455970305117
103.72091352550603,511.4447376532096
114.1973279536678,473.05779168565994
103.72091352550603,512.3335657757556
114.1973279536678,473.2746544437083
114.1973279536678,473.5526982178129
110.69408333004064,486.77851675933863
114.1973279536678,474.1634825662542
114.1973279536678,475.60998797572876
103.77211870003188,514.7146433886312
114.1973279536678,475.9353822596022
114.1973279536678,476.008550002849
103.77211870003188,515.6034715111772
114.1973279536678,477.14372652791747
114.1973279536678,477.32068810630767
114.1973279536678,477.3366885176107
114.1973279536678,477.55355127565906
114.1973279536678,478.8235218376012
103.69317908199434,520.048574444993
103.69317908199434,520.9374025675389
103.72091352550603,523.694842868411
103.77211870003188,526.9647486038326
106.40073928288555,521.9437080553208
103.69317908199434,532.2986796601944
119.93908542395695,472.24330093471156
119.93908542395695,473.13212905725743
108.80236470030705,515.3118394782978
108.78593353921693,517.3602063755806
119.93908542395695,476.4412716599221
119.93908542395695,478.1587696570825
109.13300710971941,519.1561411188701
108.83713871374276,520.6301121110022
119.93908542395695,479.95470440037207
109.18421228424526,522.4260468542917
119.93908542395695,482.82453661082087
119.93908542395695,482.83229497431427
109.13339252870985,523.4190375395178
119.93908542395695,483.5921443133628
119.93908542395695,484.1526751255826
119.93908542395695,484.2176008210198
108.75819909570522,525.964043167364
119.93908542395695,484.7634594740239
119.93908542395695,484.77121783751727
110.62541652993933,519.5419825685042
110.62911125238396,519.5767457901452
110.62811943253429,519.5845041536386
119.93908542395695,485.22552802016037
119.93908542395695,485.3188448552447
119.93908542395695,485.5357076132931
110.6287258806164,520.3489939294145
112.50752292258616,513.3964188602877
110.62481008862319,520.4432444050543
111.68148294216526,516.7213390489185
119.93908542395695,486.22010669179485
119.93908542395695,486.5057330500392
109.18459770323568,526.6889432749394
111.63217219105063,517.757831033151
111.68109751624739,517.8732474876654
109.10527266620772,527.7599779106536
110.62580189740773,522.1438027273368
111.68297503220028,518.4323590805395
119.93908542395695,487.7158254804077
119.93908542395695,487.9206650140774
111.63167670730952,519.0926841945192
119.93908542395695,489.4234987453709
103.72091352550603,550.0220267870993
110.60208594560815,524.4269647386584
112.50851472509183,517.5943895854982
112.5079083415766,517.6593152809355
110.60396360612961,525.4215434102929
110.60247140120676,525.7071697685374
109.10565808519814,532.0228743313013
111.63266850981519,523.2906549197296
110.654028766698,527.3842747033568
111.71774904563598,523.750631713244
110.65364336262142,527.765145935293
110.65303686369221,527.815508494816
112.53574975526824,521.6195822270766
115.1586154707737,512.3122789495687
113.51477495398406,518.8061674733283
115.1586154707737,512.7108409766889
112.53613521086687,522.8997872569555
115.1586154707737,514.0389794914506
115.1586154707737,514.255842249499
103.25848157026147,559.2911958475903
111.66480103157137,528.686434689818
103.69317908199434,558.6258635788827
110.57435150209645,533.0308015304419
112.53674155777391,525.8175529522871
106.40073928288555,549.5212367018568
110.5762291626179,534.0253802020763
110.57473695769507,534.3110065603207
115.1586154707737,517.8505393169271
115.1586154707737,517.9451165696933
106.40073928288555,554.3769014734986
109.52089882417731,543.5200568929063
115.1586154707737,523.3403357085527
109.52029238286117,544.4213187294563
114.1973279536678,527.467529131726
115.1586154707737,524.2338042678259
115.1586154707737,525.0670362504346
109.5212841916457,546.1218770517388
114.1973279536678,528.7331427755541
115.1586154707737,525.283899008483
106.40073928288555,558.1899130189528
115.1586154707737,525.5619427825876
114.1973279536678,529.6219708981
115.1586154707737,526.1727271310289
114.1973279536678,530.3451197056684
114.1973279536678,530.4182874489152
106.40073928288555,559.5542732474596
115.1586154707737,527.944626824377
114.1973279536678,531.5534639739835
106.40073928288555,560.7282659744523
114.1973279536678,531.7304255523738
114.1973279536678,531.7464259636768
106.40073928288555,560.8891264088278
106.40073928288555,560.9060317670021
115.1586154707737,529.3299326710825
114.1973279536678,533.0120396075049
114.1973279536678,533.1521734449005
106.40073928288555,562.2396866193629
115.1586154707737,530.8327664023759
114.1973279536678,535.2007844773102
114.1973279536678,535.273952220557
114.1973279536678,535.6550946599532
106.40073928288555,565.0870971340382
114.1973279536678,536.1922659875771
114.1973279536678,536.4091287456255
106.40073928288555,565.6195285846559
114.1973279536678,536.6496733315878
114.1973279536678,536.9352996898322
114.1973279536678,537.0797429852953
114.1973279536678,538.4311577606106
106.40073928288555,567.6287092412566
106.40073928288555,568.6154580078392
114.1973279536678,539.933991491904
120.88846558314044,518.5947829006831
120.88846558314044,519.483611023229
120.88846558314044,522.7927536258936
120.88846558314044,524.510251623054
120.88846558314044,526.3061863663436
120.88846558314044,529.1760185767923
120.88846558314044,529.1837769402857
120.88846558314044,529.9436262793344
120.88846558314044,530.5041570915541
120.88846558314044,530.5690827869913
120.88846558314044,531.1149414399954
120.88846558314044,531.1226998034888
120.88846558314044,531.5770099861319
120.88846558314044,531.6703268212162
120.88846558314044,531.8871895792646
120.88846558314044,532.5715886577664
120.88846558314044,532.8572150160107
120.88846558314044,534.0673074463792
120.88846558314044,534.2721469800489
119.93908542395695,539.2591970497738
120.88846558314044,535.7749807113424
119.93908542395695,539.5541796274597
119.93908542395695,539.7285823013108
119.93908542395695,540.2219478058698
119.93908542395695,540.2297061693632
119.93908542395695,540.629844137861
111.64193939908084,571.7953814580787
119.93908542395695,540.9941959451389
119.93908542395695,542.1255629264738
119.93908542395695,542.3304024601434
111.64155402468502,574.6083661586408
119.93908542395695,543.7521503526702
114.1973279536678,565.649386119353
114.1973279536678,565.944368697039
114.1973279536678,566.4709674861128
114.1973279536678,566.5626258634295
114.1973279536678,566.6198952389424
114.1973279536678,566.6930629821892
114.1973279536678,567.0200332074402
114.1973279536678,567.2779788470231
114.1973279536678,567.4501028611477
114.1973279536678,567.8282395072576
114.1973279536678,568.1668069695689
112.65175185863735,574.123466136562
119.93908542395695,546.9812276981157
114.1973279536678,568.801517636463
119.93908542395695,547.5352765976019
119.93908542395695,547.916147829538
114.1973279536678,569.3485580600551
119.93908542395695,547.9665103890609
114.1973279536678,569.4217258033019
114.1973279536678,570.2232655289897
119.93908542395695,548.837436584063
114.1973279536678,570.5569023283704
115.1586154707737,567.120578422755
114.1973279536678,570.7338639067606
114.1973279536678,570.7498643180636
114.1973279536678,571.5568756789738
114.1973279536678,571.8807160991535
115.1586154707737,568.4487169375168
114.1973279536678,572.3057676327896
110.56515901359245,586.118423505783
115.1586154707737,569.7143305813449
110.51122192098416,587.2787096743119
114.1973279536678,574.0063917739213
114.1973279536678,574.2398206702587
114.1973279536678,574.3129884135055
114.1973279536678,574.3566994586402
114.1973279536678,574.6941308529017
114.1973279536678,574.7501913916567
114.1973279536678,575.1688641228886
114.1973279536678,575.2313021805256
110.56477363919662,588.9314082063452
114.1973279536678,575.448164938574
115.1586154707737,571.976243194397
114.1973279536678,575.6887095245362
115.1586154707737,572.3548540157594
114.1973279536678,575.9743358827807
114.1973279536678,576.1187791782437
114.1973279536678,577.470193953559
106.40073928288555,607.2150160833161
111.57497147314896,588.4465081842662
115.1586154707737,575.1334487344504
114.1973279536678,578.9730276848525
115.1586154707737,575.9499434936715
111.575931163578,589.4172298821096
115.1586154707737,576.636282465744
108.05660753149485,603.4373799950112
115.1586154707737,576.9936560293529
115.1586154707737,577.2105187874013
106.40073928288555,610.1074266000841
108.05660753149485,604.4309915171692
110.53742169331882,595.7734557824807
106.40073928288555,612.070680854958
115.1586154707737,579.4767736965007
108.05660753149485,606.2746511481574
109.09608134886565,603.1700183100684
115.1586154707737,580.7423873403288
108.00267043888655,607.4349373166864
110.537036318923,598.5864404830428
106.40073928288555,614.1057877003393
109.04214425625736,604.3303044785973
115.1586154707737,581.6312154628747
106.40073928288555,614.8775368051909
115.1586154707737,582.354364270443
109.06641999105136,605.7654646734944
109.09569597446982,605.9830030106306
115.1586154707737,583.7396701171485
109.06641999105136,606.7590761956525
106.40073928288555,616.834450521452
111.54723415287533,598.101540460964
115.1586154707737,585.1614180096752
106.40073928288555,618.0732123593876
109.06641999105136,608.6027358266407
110.10589380842217,605.4981029885516
108.05660753149485,613.5918236723872
115.1586154707737,587.210029042085
110.15585742207804,606.0624288268364
115.1586154707737,587.6643392247279
108.05660753149485,614.8121291886099
110.10192032946975,607.2227149953653
106.40073928288555,621.0467087149224
115.1586154707737,588.6589178963625
115.1586154707737,588.9445442546069
127.68776403809528,543.0722626088714
109.06834667225829,612.7894527482043
110.15547204768221,608.8754135273986
127.68776403809528,543.9610907314172
109.06796129786247,615.6024374487665
109.06641999105136,615.9199083508705
111.16566988163456,608.3905135053196
108.74862243985808,617.7220762344759
127.68776403809528,547.3511594408221
119.93908542395695,576.2493630271227
109.06641999105136,617.1402138670932
109.77362417378268,614.5264006802792
106.40073928288555,627.4177510973897
119.93908542395695,576.9478691203445
127.68776403809528,548.9877313312423
119.93908542395695,577.9593750462598
119.93908542395695,578.2054218666237
119.93908542395695,578.2827222817126
110.0781591318148,615.1175374266876
119.93908542395695,578.4003384597479
119.93908542395695,578.7320206556976
119.93908542395695,578.7667838773386
119.93908542395695,578.774542240832
119.93908542395695,579.2077964599154
119.93908542395695,579.5390320166078
119.93908542395695,579.6332824922478
127.68776403809528,550.7836660745319
119.93908542395695,581.1290012808606
119.93908542395695,581.3338408145303
109.7584348994146,620.0501609129592
119.93908542395695,582.4806930069232
127.68776403809528,553.661256648474
127.68776403809528,553.734424391721
110.78343663333919,616.8544853587624
109.80839824483145,620.6955725900107
127.68776403809528,554.8649604800621
127.68776403809528,555.0465624951796
127.68776403809528,555.0625629064826
127.68776403809528,555.6001795116771
127.68776403809528,555.6733472549239
127.68776403809528,556.0544896943202
127.68776403809528,556.591661021944
115.1586154707737,603.3953539560291
127.68776403809528,556.8085237799924
127.68776403809528,557.0490683659547
119.93908542395695,586.0202638910642
119.93908542395695,586.2047756603002
127.68776403809528,557.334694724199
127.68776403809528,557.4791380196622
119.93908542395695,586.5743127905504
119.93908542395695,586.9551840224865
119.93908542395695,587.0055465820094
115.1586154707737,605.5038086103029
127.68776403809528,558.8305527949775
119.93908542395695,587.8764727770114
115.1586154707737,606.1240167771418
115.1586154707737,606.3203033695239
109.7296317742195,627.0666149724781
110.81821070438797,623.0236572684939
115.1586154707737,606.9255565028296
120.88846558314044,585.6106790157453
127.68776403809528,560.3333865262709
120.88846558314044,585.9056615934312
115.1586154707737,607.3640159052053
120.88846558314044,586.0800642672823
115.1586154707737,607.4521552919035
120.88846558314044,586.5734297718413
120.88846558314044,586.5811881353347
115.1586154707737,608.2591666528137
120.88846558314044,586.9813261038325
115.1586154707737,608.6296295490334
120.88846558314044,587.3456779111104
109.06641999105136,632.0479674384378
120.88846558314044,588.4770448924453
120.88846558314044,588.681884426115
115.1586154707737,610.7086827477613
115.1586154707737,611.0152793873455
111.86021388693571,623.3430678436233
115.1586154707737,611.1759681411659
115.1586154707737,611.3582923701462
120.88846558314044,590.1036323186418
133.42952150838443,543.8067931346055
110.73944423377601,629.3946996509613
115.1586154707737,614.1724849273991
115.1586154707737,614.5242440995685
120.88846558314044,593.3327096640872
115.1586154707737,614.9889796866199
120.88846558314044,593.8867585635734
115.1586154707737,615.5515814334326
120.88846558314044,594.2676297955096
115.1586154707737,615.6753186586924
120.88846558314044,594.3179923550324
115.1586154707737,616.0326922223014
112.8852156393231,624.7052712877602
115.1586154707737,616.2495549803498
120.88846558314044,595.1889185500345
115.1586154707737,617.6586306841278
115.1586154707737,617.9536132618136
115.1586154707737,618.4802120508876
115.1586154707737,618.6291398037173
115.1586154707737,619.0292777722149
115.1586154707737,619.2872234117978
112.91998974698008,627.8917518067228
115.1586154707737,620.1760515343437
110.7819445402531,637.0746080382629
115.1586154707737,621.3578026248299
114.1973279536678,624.9508561906441
114.1973279536678,625.2133219036298
133.42952150838443,554.561067639187
133.42952150838443,554.5688260026803
115.1586154707737,622.7431084715354
112.84133330451061,631.6477359979432
133.42952150838443,555.3333157784563
133.42952150838443,555.3897375138015
114.1973279536678,627.198014762387
115.1586154707737,623.8899606639282
114.1973279536678,628.1099749294767
114.1973279536678,628.1267692770052
115.1586154707737,626.2490652350335
115.1586154707737,626.365944023415
115.1586154707737,626.7033754176765
114.1973279536678,631.0470837860164
115.1586154707737,627.697954089311
133.42952150838443,559.587708239012
115.1586154707737,627.9835804475555
133.42952150838443,563.0447192441167
133.42952150838443,563.9459810806667
133.42952150838443,565.4416998692795
133.42952150838443,565.6465394029493
133.42952150838443,567.3806227324826
114.1973279536678,639.2738982383484
114.1973279536678,639.5363639513342
133.42952150838443,567.9346716319687
133.42952150838443,568.315542863905
133.42952150838443,568.3659054234279
133.42952150838443,569.2368316184298
114.1973279536678,641.5210568100914
114.1973279536678,642.4330169771812
114.1973279536678,642.4498113247097
120.88846558314044,622.6008449930943
121.63449174097315,620.3854426375024
120.88846558314044,623.299351086316
114.1973279536678,648.9289305150461
114.1973279536678,649.1913962280317
120.88846558314044,624.3108570122314
120.88846558314044,624.5569038325954
120.88846558314044,624.6342042476841
120.88846558314044,624.7518204257195
120.88846558314044,625.0835026216693
120.88846558314044,625.1182658433103
120.88846558314044,625.1260242068037
120.88846558314044,625.5592784258869
120.88846558314044,625.8905139825795
120.88846558314044,625.9847644582193
114.1973279536678,651.1760890867889
114.1973279536678,652.0880492538788
114.1973279536678,652.1048436014073
120.88846558314044,627.4804832468321
120.88846558314044,627.6853227805019
120.88846558314044,628.8321749728947
121.59495367256625,627.8637449305754
114.1973279536678,656.3254930426338
114.1973279536678,656.5879587556195
114.1973279536678,656.5928547275764
120.88846558314044,632.3717458570358
120.88846558314044,632.5562576262718
114.1973279536678,657.5864662497346
120.88846558314044,632.9257947565219
120.88846558314044,633.3066659884581
121.59456829817043,630.6767296311375
120.88846558314044,633.357028547981
114.1973279536678,658.3195552694584
121.59495367256625,630.9854195452721
114.1973279536678,658.5726516143767
114.1973279536678,658.5820209824442
114.1973279536678,658.8400132993194
119.93908542395695,637.5385411137456
120.88846558314044,634.227954742983
114.1973279536678,659.4301258807228
114.1973279536678,659.5014061289951
114.1973279536678,659.7687678139378
114.1973279536678,659.8336248214775
127.68776403809528,610.0881587239337
114.1973279536678,660.5667138412014
122.60998093189868,629.2727858852068
127.68776403809528,610.3831413016194
114.1973279536678,660.7623793360958
127.68776403809528,611.0013984680102
127.68776403809528,611.0586678435229
121.59456829817043,633.7984042458343
127.68776403809528,611.1318355867697
114.1973279536678,661.4954683558198
122.60476613212276,630.1918296090587
114.1973279536678,661.6772844524658
127.68776403809528,611.4588058120207
127.68776403809528,611.8888754657282
122.6057258225518,631.1625513069021
127.68776403809528,612.2670121118383
114.1973279536678,662.6060389670841
127.68776403809528,613.2402902410436
122.60998093189868,632.3944604999035
122.60476613212276,633.3135042237553
127.68776403809528,614.6620381335701
115.1586154707737,661.6531471644839
122.6057258225518,634.2842259215987
114.1973279536678,665.9449274807697
114.1973279536678,666.2073931937555
114.1973279536678,666.7472984049526
127.68776403809528,616.7445402373701
115.1586154707737,663.7108175131249
115.1586154707737,664.083522412006
114.1973279536678,667.6818754128445
114.1973279536678,667.865181635145
114.1973279536678,668.1920860525126
127.68776403809528,618.4451643785019
114.1973279536678,668.9944569766956
127.68776403809528,618.7954720632208
114.1973279536678,669.1208405671309
127.68776403809528,619.1889639962374
127.68776403809528,619.6076367274691
114.1973279536678,669.9232114913139
114.1973279536678,669.9290339845875
114.1973279536678,670.1123402068879
114.1973279536678,670.8775509670413
115.1586154707737,667.4653549061566
115.1586154707737,668.9281593187811
114.1973279536678,673.1247095387843
119.93908542395695,651.8615831614499
121.59495367256625,646.0655534546493
114.1973279536678,673.851047322576
114.1973279536678,674.5890578377837
121.54101657995795,647.2258396231782
114.1973279536678,676.098205894319
114.1973279536678,676.4176164694484
121.59456829817043,648.8785381552115
114.1973279536678,677.7798199135852
122.60998093189868,647.4745944092807
115.1586154707737,675.9761892121884
114.1973279536678,679.718120723639
122.60476613212276,648.3936381331325
114.1973279536678,680.2220897050435
114.1973279536678,680.9663004325479
115.1586154707737,678.4065644597105
114.1973279536678,682.4692482767864
115.1586154707737,679.2072593271616
115.1586154707737,681.029774002353
115.1586154707737,681.214948809886
115.1586154707737,681.788396953861
115.1586154707737,682.756474544235
115.1586154707737,683.2512013664856
115.1586154707737,683.8670451554993
115.1586154707737,684.107359326654
115.1586154707737,685.6312214888859
119.93908542395695,669.1805396506779
119.93908542395695,670.9072401925599
133.42952150838443,620.6881356317033
115.1586154707737,688.8774695317608
121.59495367256625,665.1355418774302
121.59495367256625,665.3142076630033
133.42952150838443,622.3981476508404
133.42952150838443,622.6441944712044
133.42952150838443,622.8391110643286
133.42952150838443,623.6465690644959
115.1586154707737,692.0731450859575
115.1586154707737,692.1187946876211
115.1586154707737,692.3021009099214
115.1586154707737,692.3039694951541
115.1586154707737,692.9062336431831
115.1586154707737,693.0277840164737
115.1586154707737,693.2951457014163
115.1586154707737,693.5303013748661
127.68776403809528,647.1592508080229
115.1586154707737,694.2887572235745
127.68776403809528,647.7768307945043
127.68776403809528,648.1636509990025
115.1586154707737,695.0218462432983
115.1586154707737,695.0466414414923
115.1586154707737,695.1963800119221
122.60476613212276,667.4636265559135
122.60476613212276,667.6422923414866
127.68776403809528,648.7883367204196
127.68776403809528,649.1116839558724
115.1586154707737,696.1324168545627
127.68776403809528,649.478238033323
127.68776403809528,649.6035039149918
127.68776403809528,649.6766716582388
127.68776403809528,649.9779966033217
127.68776403809528,650.0048368223969
115.1586154707737,696.7788185408172
127.68776403809528,650.4622441664076
127.68776403809528,650.8118481833072
127.68776403809528,650.8923138201151
119.93908542395695,680.269560335946
119.93908542395695,680.4528665582465
115.1586154707737,698.3808277624817
115.1586154707737,698.5641339847821
133.42952150838443,630.6435482648808
127.68776403809528,652.2437285954304
115.1586154707737,699.9695806166188
127.68776403809528,653.3905807878232
122.59516020378454,672.3946872022772
115.1586154707737,701.5765033166784
127.68776403809528,654.9334990783568
122.54433383174974,674.2152268965469
115.1586154707737,701.9078814266726
127.68776403809528,655.7835764303187
115.1586154707737,703.1853336515637
127.68776403809528,657.4842005714505
115.1586154707737,704.5499996722132
127.68776403809528,657.8345082561692
122.5439484573539,677.028211597109
122.54433383174974,677.3369015112436
127.68776403809528,658.2280001891858
120.88846558314044,683.8900230797169
127.68776403809528,658.6466729204177
123.55936109108217,675.6242678511783
122.5439484573539,680.1498862118058
123.55414629130627,676.5433115750302
119.93908542395695,690.0586470749977
123.5551059817353,677.5140332728736
123.55936109108217,678.745942465875
122.60476613212276,682.5322373978482
115.1586154707737,710.5818961791515
115.1586154707737,710.8492578640942
123.55414629130627,679.6649861897268
115.1586154707737,711.8428693862523
123.5551059817353,680.6357078875702
115.1586154707737,712.5759584059762
122.60476613212276,684.9682184674513
115.1586154707737,713.6865290172406
120.88846558314044,698.2130651274214
122.54433383174974,692.4170354206208
115.1586154707737,720.2013306172873
122.49039673914145,693.5773215891497
115.1586154707737,721.0037015414703
133.42952150838443,653.6675382531175
115.1586154707737,721.9382785493623
115.1586154707737,722.1215847716626
122.5439484573539,695.230020121183
115.1586154707737,725.1339541035591
123.55936109108217,693.8260763752522
123.55414629130627,694.745120099104
133.42952150838443,658.376807702274
115.1586154707737,726.5983024025584
115.1586154707737,728.1074504590938
115.1586154707737,728.4268610342232
133.42952150838443,660.3859883588747
133.42952150838443,661.3727371254573
133.42952150838443,661.3839471357975
115.1586154707737,729.78906447836
133.42952150838443,662.6500074188829
115.1586154707737,731.7273652884138
115.1586154707737,732.9755449973227
115.1586154707737,734.4784928415611
120.88846558314044,715.5320216166494
133.42952150838443,669.6825844578293
120.88846558314044,717.2587221585314
122.54433383174974,711.4870238434017
122.54433383174974,711.6656896289749
123.55414629130627,713.815108521885
123.55414629130627,713.9937743074581
127.68776403809528,698.7736327114756
127.68776403809528,699.0360984244612
127.68776403809528,701.0207912832184
120.88846558314044,726.6210423019176
120.88846558314044,726.804348524218
127.68776403809528,701.8953073261722
127.68776403809528,701.9327514503082
127.68776403809528,701.9495457978367
127.68776403809528,702.157773039158
127.68776403809528,704.1424658979151
127.68776403809528,704.8698603068478
127.68776403809528,705.0544260650049
127.68776403809528,705.0712204125334
127.68776403809528,706.3611881400911
127.68776403809528,707.9915349215445
120.88846558314044,736.4101290409692
123.55414629130627,728.8837193638198
135.12492782540062,686.9761873838562
135.12454239948278,688.1280958226032
123.55414629130627,731.3197004334228
127.68776403809528,716.9754412355494
127.68776403809528,717.2379069485352
127.68776403809528,719.2225998072923
127.68776403809528,720.1345599743821
127.68776403809528,720.1513543219106
135.08538975699372,697.5761642916259
135.03145266438543,698.7364504601547
135.0850043825979,700.3891489921881
136.10041701632616,698.9852052462574
136.09520221655026,699.9042489701092
136.0961619069793,700.8749706679525
133.42952150838443,711.3613176345771
127.68776403809528,736.0454296583304
127.68776403809528,736.2240954439035
127.68776403809528,736.3078953713161
136.1389989202799,705.8535562498417
127.68776403809528,738.2925882300733
127.68776403809528,738.4712540156464
127.68776403809528,739.2213427446916
127.68776403809528,739.4000085302647
164.72792160297593,612.2628892031557
127.68776403809528,751.1140405002651
164.72792160297593,612.9974197288899
164.72792160297593,613.1517173257016
164.72792160297593,616.5417860351065
164.72792160297593,618.1783579255267
164.72792160297593,618.4113404186355
164.72792160297593,619.9742926688162
164.72792160297593,622.8518832427584
164.72792160297593,622.9250509860053
164.72792160297593,623.7516942334713
164.72792160297593,623.7594525969647
164.72792160297593,623.901136810261
164.72792160297593,624.025081953601
164.72792160297593,624.0555870743464
164.72792160297593,624.237189089464
164.72792160297593,624.253189500767
164.72792160297593,624.5239423727406
164.72792160297593,624.5803641080859
164.72792160297593,624.7908061059615
164.72792160297593,624.7946053695342
164.72792160297593,624.8639738492083
164.72792160297593,624.9139100761469
164.72792160297593,625.2451162886044
164.72792160297593,625.627837352143
164.72792160297593,625.7822876162284
164.72792160297593,625.8447001101914
164.72792160297593,625.9991503742767
164.72792160297593,626.122743884296
164.72792160297593,626.239694960239
164.72792160297593,626.369221658166
164.72792160297593,626.5253213184834
164.72792160297593,626.6697646139464
164.72792160297593,626.7335282327373
164.72792160297593,626.7677836852863
164.72792160297593,628.0211793892619
164.72792160297593,628.095922200048
164.72792160297593,628.2230526788115
164.72792160297593,628.3127849580964
164.72792160297593,628.5054279260852
164.72792160297593,628.7783348332964
164.72792160297593,629.092400856407
164.72792160297593,629.5240131205552
164.72792160297593,629.8907337727908
164.72792160297593,629.940550675972
164.72792160297593,631.3935675040842
164.72792160297593,631.7364854192615
164.72792160297593,632.2353458384011
164.72792160297593,633.1366076749512
164.72792160297593,634.6063176297102
164.72792160297593,634.6140759932036
164.72792160297593,634.6323264635639
164.72792160297593,634.8371659972337
164.72792160297593,635.3739253322522
164.72792160297593,635.934456144472
164.72792160297593,635.9993818399092
164.72792160297593,636.5452404929133
164.72792160297593,636.5529988564067
164.72792160297593,636.571249326767
164.72792160297593,637.0073090390497
164.72792160297593,637.1006258741342
164.72792160297593,637.1252982262531
164.72792160297593,637.3174886321826
164.72792160297593,637.5061694581893
164.72792160297593,637.5565320177121
164.72792160297593,638.0018877106843
164.72792160297593,638.2875140689287
164.72792160297593,638.4274582127142
164.72792160297593,639.497606499297
164.72792160297593,639.7024460329668
164.72792160297593,641.2052797642602
164.72792160297593,655.5835243734172
164.72792160297593,661.688349059332
164.72792160297593,661.9667893243159
164.72792160297593,663.2949278390777
164.72792160297593,663.9057121875189
164.72792160297593,666.6115811324012
164.72792160297593,667.0629177275724
164.72792160297593,667.1964244805929
164.72792160297593,667.5004092549469
164.72792160297593,667.8794124867933
164.72792160297593,668.5657514588659
164.72792160297593,668.9231250224749
164.72792160297593,669.1399877805233
164.72792160297593,672.4426235639135
164.72792160297593,672.4503819274069
164.72792160297593,672.527049854772
164.72792160297593,673.2148717031827
164.72792160297593,673.271293438528
164.72792160297593,674.3229845980617
164.72792160297593,677.2005751720038
164.72792160297593,677.4692641637386
164.72792160297593,678.5858810187094
164.72792160297593,679.1394980352069
164.72792160297593,679.2787853182181
164.72792160297593,679.5737678959038
164.72792160297593,679.5938082178499
164.72792160297593,680.0375747982091
164.72792160297593,680.1920250622945
164.72792160297593,680.2492944378073
164.72792160297593,680.3224621810541
164.72792160297593,680.5883868894845
164.72792160297593,680.6494324063051
164.72792160297593,680.8740132477287
164.72792160297593,680.9262751688432
164.72792160297593,681.0795020600126
164.72792160297593,681.1775211313525
164.72792160297593,681.3031884420373
164.72792160297593,681.4576387061227
164.72792160297593,681.8275370053933
164.72792160297593,682.1920165645831
164.72792160297593,682.4309168353279
164.72792160297593,682.505659646114
164.72792160297593,682.9151653721513
164.72792160297593,683.3232557940061
164.72792160297593,683.5021383024732
164.72792160297593,683.5280953276759
164.72792160297593,683.7712732899422
164.72792160297593,683.8526647278545
173.35368651237852,651.7671140255197
164.72792160297593,684.300471218857
173.35368651237852,652.6559421480655
164.72792160297593,685.2621786572091
164.72792160297593,685.7222191113835
164.72792160297593,685.8162275566953
164.72792160297593,685.9351668316544
164.72792160297593,686.0331859029943
164.72792160297593,686.1658287675205
164.72792160297593,686.1970987886314
164.72792160297593,686.2474613481544
164.72792160297593,687.1183875431564
173.35368651237852,655.1596082677976
164.72792160297593,687.6357909727863
164.72792160297593,687.7708301437933
164.72792160297593,687.986098657505
173.35368651237852,655.8941387935317
173.35368651237852,655.9650847507303
164.72792160297593,688.1409403160667
173.35368651237852,656.0484363903433
164.72792160297593,688.2251403264363
164.72792160297593,688.357803074115
164.72792160297593,688.3795905905215
164.72792160297593,688.4806724982216
164.72792160297593,688.7982633217534
164.72792160297593,689.1903914430479
173.35368651237852,657.0384521062354
164.72792160297593,689.2197189980709
164.72792160297593,689.5053453563153
173.35368651237852,657.6825827478906
164.72792160297593,689.8787622259877
164.72792160297593,690.6932251743413
164.72792160297593,691.0409780686632
164.72792160297593,691.3359606463491
164.72792160297593,691.5103633202002
164.72792160297593,691.5887742451248
173.35368651237852,659.4385050997483
173.35368651237852,659.4785174911802
164.72792160297593,691.8348210654888
164.72792160297593,692.0037288247593
164.72792160297593,692.0114871882527
164.72792160297593,692.0297376586129
164.72792160297593,692.4116251567505
164.72792160297593,692.7759769640286
164.72792160297593,692.8371956587803
173.35368651237852,661.0750769901684
164.72792160297593,693.9073439453632
164.72792160297593,694.1121834790329
173.35368651237852,662.348349701629
173.35368651237852,662.3561080651224
173.35368651237852,662.5282484978609
173.35368651237852,662.7671930904545
173.35368651237852,662.8710117334581
173.35368651237852,663.115957404171
173.35368651237852,663.1657551175747
164.72792160297593,695.5339313715597
173.35368651237852,663.4217170571341
173.35368651237852,663.6764882163908
173.35368651237852,663.741413911828
164.72792160297593,696.3445590999613
173.35368651237852,664.2549490397429
173.35368651237852,664.287272564832
173.35368651237852,664.2950309283254
173.35368651237852,664.4718117977912
173.35368651237852,664.4938936323365
164.72792160297593,696.7658056752903
173.35368651237852,664.7107563903849
173.35368651237852,664.7493411109684
173.35368651237852,664.7498555718959
164.72792160297593,696.9278616355953
164.72792160297593,697.0010293788421
173.35368651237852,664.842657946053
173.35368651237852,665.0595207041014
173.35368651237852,665.3606399203371
164.72792160297593,697.7487731467164
173.35368651237852,665.743919782603
173.35368651237852,665.7486023074002
173.35368651237852,665.821770050647
164.72792160297593,698.1362059039105
173.35368651237852,666.0295461408473
173.35368651237852,666.4174370762181
164.72792160297593,698.763008717005
173.35368651237852,666.6022813123172
173.35368651237852,666.6484132981132
173.35368651237852,666.6561716616065
173.35368651237852,666.9523061389882
173.35368651237852,667.132539613685
173.35368651237852,667.1339081541058
173.35368651237852,667.1499085654089
164.72792160297593,699.3170576164912
173.35368651237852,667.2396385712158
173.35368651237852,667.4206614373824
173.35368651237852,667.4444781048855
173.35368651237852,667.4770831727277
164.72792160297593,699.6979288484274
164.72792160297593,699.7482914079503
164.72792160297593,699.8341748591652
173.35368651237852,667.6875251706033
173.35368651237852,667.7606929138501
173.35368651237852,668.1418353532463
164.72792160297593,700.6192176029524
173.35368651237852,668.5178454603906
173.35368651237852,668.6790066808702
173.35368651237852,668.8958694389186
173.35368651237852,668.947311836179
173.35368651237852,669.1364140248809
178.21836351208356,651.1544499240856
173.35368651237852,669.4220403831251
173.35368651237852,669.5664836785883
164.72792160297593,702.0276699786672
173.35368651237852,670.020679191684
173.35368651237852,670.9178984539037
173.35368651237852,671.6750538979383
173.35368651237852,672.420732185197
173.35368651237852,672.7071059982322
173.35368651237852,672.985546263216
164.72792160297593,705.847609369571
164.72792160297593,706.3050167135817
173.35368651237852,674.3136847779778
191.5013295698414,606.6526031718842
164.72792160297593,706.7350863672891
173.35368651237852,674.924469126419
173.35368651237852,675.1320649030429
164.72792160297593,708.0865011426046
173.35368651237852,676.033326739593
164.72792160297593,708.6740092304922
164.72792160297593,708.7083048564008
173.35368651237852,677.5290455282058
173.35368651237852,677.6303380713013
173.35368651237852,677.7338850618756
164.72792160297593,710.0098263163012
173.35368651237852,678.0816746664726
164.72792160297593,710.3746333716239
173.35368651237852,678.2151814194931
173.35368651237852,678.5191661938471
164.72792160297593,710.7249410563428
173.35368651237852,678.8981694256935
164.72792160297593,711.1184329893592
164.72792160297593,711.5371057205912
173.35368651237852,679.4679683914088
178.21836351208356,661.3331802565265
173.35368651237852,679.584508397766
178.21836351208356,661.7544268318554
173.35368651237852,679.9418819613751
173.35368651237852,680.022017290895
178.21836351208356,661.9164827921604
178.21836351208356,661.9896505354072
173.35368651237852,680.1587447194235
173.35368651237852,680.4028885228311
173.35368651237852,680.4532510823541
178.21836351208356,662.7373943032816
178.21836351208356,662.9166426745309
191.5013295698414,613.3855236884355
178.21836351208356,662.9703767963903
178.21836351208356,663.1248270604757
173.35368651237852,681.3241772773561
191.5013295698414,614.1200542141696
191.5013295698414,614.2743518109813
178.21836351208356,663.8592049189361
173.35368651237852,683.4613805028137
173.35368651237852,683.469138866307
173.35368651237852,683.5458067936722
178.21836351208356,665.4384616442952
164.72792160297593,716.3498774023072
173.35368651237852,684.2336286420829
173.35368651237852,684.2900503774282
191.5013295698414,616.8313335043249
164.72792160297593,716.9674573887887
191.5013295698414,617.2525800796539
191.5013295698414,617.414636039959
178.21836351208356,667.0162911352323
191.5013295698414,617.4878037832058
164.72792160297593,717.3542775932868
164.72792160297593,717.4522966646265
191.5013295698414,617.6644205203863
173.35368651237852,685.3417415369618
164.72792160297593,717.978963314704
191.5013295698414,618.23554755108
164.72792160297593,718.2194317858363
191.5013295698414,618.4147959223294
164.72792160297593,718.3023105501568
191.5013295698414,618.4685300441888
191.5013295698414,618.6229803082741
164.72792160297593,718.4927799660569
164.72792160297593,718.5113001919191
164.72792160297593,718.514414363522
191.5013295698414,618.7101339724613
164.72792160297593,718.6688646276074
164.72792160297593,718.7941305092762
164.72792160297593,718.851032374074
164.72792160297593,718.8672982525231
164.72792160297593,719.0410131525961
191.5013295698414,619.3009924108064
164.72792160297593,719.168623197606
164.72792160297593,719.1899409054255
178.21836351208356,668.8858455187612
164.72792160297593,719.1954634166813
191.5013295698414,619.3573581667347
164.72792160297593,719.3642005193649
164.72792160297593,719.5607513189003
164.72792160297593,719.5900788739233
164.72792160297593,719.652870760692
164.72792160297593,719.7769138357472
164.72792160297593,719.8480245135062
164.72792160297593,720.0024747775916
164.72792160297593,720.0829404143993
164.72792160297593,720.1809594857392
173.35368651237852,688.219332110904
173.35368651237852,688.4880211026388
164.72792160297593,720.736852636052
191.5013295698414,620.9366148920938
191.5013295698414,621.096927154096
164.72792160297593,720.9824992114269
178.21836351208356,670.6817802620508
178.21836351208356,670.8362305261362
164.72792160297593,721.4343551897149
164.72792160297593,721.4726551736385
164.72792160297593,721.509098000501
178.21836351208356,671.2936378701469
173.35368651237852,689.6046379576096
164.72792160297593,721.9186037265382
178.21836351208356,671.7237075238543
178.21836351208356,671.8217265951939
164.72792160297593,722.2891499328593
164.72792160297593,722.3161093614111
173.35368651237852,690.1582549741071
191.5013295698414,622.5144443830309
164.72792160297593,722.50557665686
164.72792160297593,722.5730172580028
164.72792160297593,722.5812073821076
173.35368651237852,690.61256515675
164.72792160297593,722.8581648474019
164.72792160297593,722.8944030661653
164.72792160297593,723.3039095732437
164.72792160297593,723.332862468541
178.21836351208356,673.0751222991697
178.21836351208356,673.1498651099557
164.72792160297593,723.706697145716
173.35368651237852,691.6071438283846
191.5013295698414,623.9745177280382
178.21836351208356,673.559370835993
191.5013295698414,624.047685471285
178.21836351208356,673.6626303870573
178.21836351208356,673.6709171791123
178.21836351208356,673.6786755426057
178.21836351208356,673.696926012966
191.5013295698414,624.1999303640869
173.35368651237852,691.8927701866289
178.21836351208356,673.760649458397
173.35368651237852,691.9450321077434
164.72792160297593,724.1241256726413
191.5013295698414,624.3177444694352
191.5013295698414,624.3839987665598
178.21836351208356,674.1417033295875
164.72792160297593,724.4507617656366
164.72792160297593,724.5984761123691
191.5013295698414,624.874328718751
191.5013295698414,624.8820870822444
178.21836351208356,674.4431653183816
164.72792160297593,724.7656254563586
178.21836351208356,674.4995870537268
191.5013295698414,625.09339892336
164.72792160297593,724.9742030246031
173.35368651237852,692.8462939442935
191.5013295698414,625.1782215596261
191.5013295698414,625.2065725919811
164.72792160297593,725.0722220959428
191.5013295698414,625.3598235747438
191.5013295698414,625.3758239860468
178.21836351208356,674.9446766826986
178.21836351208356,674.9984474728664
191.5013295698414,625.6465768580202
191.5013295698414,625.7029985933656
178.21836351208356,675.363254528189
191.5013295698414,625.9134405912413
191.5013295698414,625.9266309059689
178.21836351208356,675.4982936991961
191.5013295698414,625.9866083344881
191.5013295698414,626.1434936640172
191.5013295698414,626.1799335098493
178.21836351208356,675.713562212908
191.5013295698414,626.3343837739346
178.21836351208356,675.8684038714695
191.5013295698414,626.3677507738842
178.21836351208356,675.952603881839
191.5013295698414,626.4215374381218
178.21836351208356,676.0852666295178
178.21836351208356,676.1070541459244
173.35368651237852,694.3420127329063
178.21836351208356,676.2081360536241
191.5013295698414,626.7917911179453
164.72792160297593,726.6748271657348
164.72792160297593,726.6775293110968
164.72792160297593,726.6988657201465
173.35368651237852,694.5468522665761
191.5013295698414,626.9049221015081
164.72792160297593,726.8098663367418
178.21836351208356,676.5257268771563
191.5013295698414,627.0323217865631
164.72792160297593,726.9267451251234
191.5013295698414,627.1217848595564
164.72792160297593,726.9881001387988
164.72792160297593,727.0251348504536
191.5013295698414,627.1964538244533
191.5013295698414,627.2218607716527
164.72792160297593,727.1448147045014
191.5013295698414,627.3198798429925
164.72792160297593,727.1799765090152
191.5013295698414,627.3623294455188
178.21836351208356,676.9178549984506
178.21836351208356,676.9471825534736
164.72792160297593,727.2641765193848
164.72792160297593,727.3968392670636
164.72792160297593,727.4186267834701
191.5013295698414,627.5950158515736
191.5013295698414,627.6479558037631
164.72792160297593,727.5197086911701
178.21836351208356,677.2328089117179
164.72792160297593,727.5674342965584
191.5013295698414,627.7923990992263
164.72792160297593,727.8372995147021
164.72792160297593,728.0311440460122
164.72792160297593,728.2294276359964
164.72792160297593,728.2587551910194
191.5013295698414,628.5157151946457
191.5013295698414,628.5732755469681
173.35368651237852,696.2809355961093
191.5013295698414,628.6480183577543
164.72792160297593,728.5443815492638
191.5013295698414,628.804221479911
178.21836351208356,678.4206887297439
164.72792160297593,728.729650139234
191.5013295698414,628.9231543663353
191.5013295698414,629.0575240837915
191.5013295698414,629.1400171243837
191.5013295698414,629.1438138745416
191.5013295698414,629.1607836348558
173.35368651237852,696.8349844955954
178.21836351208356,678.6975577789374
191.5013295698414,629.1690704269107
191.5013295698414,629.1768287904042
191.5013295698414,629.1950792607644
191.5013295698414,629.2588027061955
173.35368651237852,697.1845857064205
173.35368651237852,697.2158557275316
173.35368651237852,697.2662182870546
191.5013295698414,629.639856577386
191.5013295698414,629.6602065605622
164.72792160297593,729.576614953159
164.72792160297593,729.7322613672898
191.5013295698414,629.9009693185761
164.72792160297593,729.7411560651493
191.5013295698414,629.94131856618
191.5013295698414,629.9977403015254
164.72792160297593,729.9872028855133
191.5013295698414,630.1895273266166
164.72792160297593,730.064503300602
191.5013295698414,630.2332131918062
164.72792160297593,730.1821194786374
191.5013295698414,630.442829930497
173.35368651237852,698.1371444820566
191.5013295698414,630.4966007206648
191.5013295698414,630.646647605835
164.72792160297593,730.493090662904
164.72792160297593,730.5138016745872
164.72792160297593,730.5485648962282
164.72792160297593,730.5563232597216
164.72792160297593,730.5633637197417
164.72792160297593,730.5745737300819
191.5013295698414,630.8614077759876
191.5013295698414,630.9964469469945
164.72792160297593,730.9895774788048
191.5013295698414,631.2117154607064
191.5013295698414,631.366557119268
191.5013295698414,631.4507571296375
164.72792160297593,731.3208130354975
164.72792160297593,731.4150635111372
191.5013295698414,631.5834198773164
191.5013295698414,631.6052073937228
164.72792160297593,731.5204279967681
191.5013295698414,631.69236105791
191.5013295698414,631.7062893014227
164.72792160297593,731.8406340131672
191.5013295698414,632.0238801249549
191.5013295698414,632.0291479350957
191.5013295698414,632.4160082462491
191.5013295698414,632.4453358012721
178.21836351208356,682.1545687840421
191.5013295698414,632.7309621595165
164.72792160297593,732.9107822997499
164.72792160297593,733.1156218334198
191.5013295698414,633.3579803236807
178.21836351208356,683.0558306205921
164.72792160297593,733.6274772474633
191.5013295698414,633.9188419775425
178.21836351208356,683.4814011226221
164.72792160297593,733.9224598251492
191.5013295698414,634.1957110267358
191.5013295698414,634.2592421602309
164.72792160297593,734.2624740258126
164.72792160297593,734.5979863670527
191.5013295698414,634.8989801455444
191.5013295698414,634.9067385090378
178.21836351208356,684.5515494092049
164.72792160297593,734.9981243355505
178.21836351208356,684.7563889428748
191.5013295698414,635.6665878480864
191.5013295698414,635.7549609488436
191.5013295698414,635.9598004825134
191.5013295698414,636.2271186603062
191.5013295698414,636.2920443557434
191.5013295698414,636.8379030087475
191.5013295698414,636.8456613722409
178.21836351208356,686.4904722724079
191.5013295698414,637.2999715548839
191.5013295698414,637.3932883899683
178.21836351208356,687.0445211718941
191.5013295698414,637.6101511480168
191.5013295698414,637.6527220318405
191.5013295698414,637.6938838120467
178.21836351208356,687.4253924038303
178.21836351208356,687.4757549633531
164.72792160297593,737.8020449099537
178.21836351208356,687.5616384145679
164.72792160297593,737.9865566791897
191.5013295698414,638.2479327115328
191.5013295698414,638.2945502265185
164.72792160297593,738.3560938094398
191.5013295698414,638.5539838683907
191.5013295698414,638.5801765847629
191.5013295698414,638.6288039434689
191.5013295698414,638.679166502992
164.72792160297593,738.5696915564299
178.21836351208356,688.3466811583552
164.72792160297593,738.736965041376
164.72792160297593,738.787327600899
191.5013295698414,638.9795543704205
164.72792160297593,738.8732110521137
191.5013295698414,639.5500926979939
173.35368651237852,707.3633160388614
191.5013295698414,639.7902690151312
164.72792160297593,739.6582537959009
191.5013295698414,639.995108548801
191.5013295698414,640.0497026570033
173.35368651237852,707.7845626141903
191.5013295698414,640.2545421906732
173.35368651237852,707.9466185744953
173.35368651237852,708.0197863177422
164.72792160297593,740.2797035755668
164.72792160297593,740.5257503959308
164.72792160297593,740.720666989055
173.35368651237852,708.7675300856165
173.35368651237852,709.1549628428106
191.5013295698414,641.4979422800944
164.72792160297593,741.5281249892225
191.5013295698414,641.9886255202064
164.72792160297593,742.3347905867504
191.5013295698414,642.5426744196925
191.5013295698414,642.9235456516287
191.5013295698414,642.9739082111518
191.5013295698414,643.0597916623664
191.5013295698414,643.8448344061536
173.35368651237852,713.0464269175673
164.72792160297593,748.5251041896072
173.35368651237852,716.8663663084711
173.35368651237852,717.3237736524818
173.35368651237852,717.5754925636409
173.35368651237852,717.7538433061892
173.35368651237852,718.6646864858089
173.35368651237852,718.7830101405818
173.35368651237852,718.9036310784027
173.35368651237852,719.0779927182678
173.35368651237852,719.1052580815046
178.21836351208356,701.0313888737178
173.35368651237852,719.2523953921191
173.35368651237852,719.6927661693923
173.35368651237852,719.7270617953009
173.35368651237852,719.7457608966779
173.35368651237852,719.7535192601713
173.35368651237852,719.9303001296371
173.35368651237852,720.1536572286691
173.35368651237852,720.1692447222308
173.35368651237852,720.5180090359472
173.35368651237852,720.819128252183
173.35368651237852,720.8271745222842
173.35368651237852,721.0285832552014
173.35368651237852,721.393390310524
173.35368651237852,721.5422770597511
173.35368651237852,721.6493760172818
173.35368651237852,721.7436979952428
173.35368651237852,721.8542155509517
173.35368651237852,722.1371899282593
173.35368651237852,722.1755043828598
173.35368651237852,722.4311573352827
173.35368651237852,722.4704869605457
173.35368651237852,722.5558626594913
173.35368651237852,722.9275829064568
173.35368651237852,723.0887441269363
173.35368651237852,723.1460135024493
173.35368651237852,723.2191812456961
164.72792160297593,755.3916157406178
173.35368651237852,723.2759634434783
173.35368651237852,723.546151470947
178.21836351208356,705.503141853331
173.35368651237852,723.9762211246543
164.72792160297593,756.1668139781406
178.21836351208356,706.0580294735429
191.5013295698414,656.5295421215162
164.72792160297593,756.3953886197362
164.72792160297593,756.468556362983
173.35368651237852,724.3493307989834
173.35368651237852,724.3543577707644
178.21836351208356,706.2656644667221
164.72792160297593,757.2659764016657
164.72792160297593,757.3187224168876
164.72792160297593,757.420426665751
164.72792160297593,757.4492826239662
173.35368651237852,725.3276358999699
164.72792160297593,757.6037328880515
173.35368651237852,725.4659765358779
173.35368651237852,725.5883628753363
173.35368651237852,725.6828392939262
164.72792160297593,757.8778340097617
164.72792160297593,757.9090365908338
164.72792160297593,758.2971149946477
164.72792160297593,758.3079036634691
164.72792160297593,758.338110746512
164.72792160297593,758.405922734809
173.35368651237852,726.3979418313932
164.72792160297593,758.5639254661336
173.35368651237852,726.5036663535889
173.35368651237852,726.5050407889239
173.35368651237852,726.7493837924965
173.35368651237852,726.8522520140361
191.5013295698414,659.2883212140985
173.35368651237852,727.05908968841
173.35368651237852,727.0911966066296
164.72792160297593,759.3015151856273
164.72792160297593,759.3995342569671
173.35368651237852,727.4399609203463
173.35368651237852,727.490323479869
164.72792160297593,759.6593184387846
164.72792160297593,759.7340612495707
164.72792160297593,759.8843986258931
164.72792160297593,759.9173674718711
164.72792160297593,759.9262009070445
173.35368651237852,727.8468306856707
164.72792160297593,760.1435669756079
164.72792160297593,760.1666693781767
173.35368651237852,728.1324570439151
178.21836351208356,710.0241095869686
164.72792160297593,760.4585377842596
164.72792160297593,760.4616519558625
164.72792160297593,760.4760935280254
173.35368651237852,728.361249674871
164.72792160297593,760.6161022199478
164.72792160297593,760.7305399059297
178.21836351208356,710.4453561622976
164.72792160297593,760.7982699664145
191.5013295698414,661.0012951011295
164.72792160297593,760.8634505387566
191.5013295698414,661.0799652888936
173.35368651237852,728.8318858962964
164.72792160297593,761.1158607899465
164.72792160297593,761.1371784977661
164.72792160297593,761.1451748166155
164.72792160297593,761.2431938879553
164.72792160297593,761.2925882872463
191.5013295698414,661.5561827213413
164.72792160297593,761.5079889112409
164.72792160297593,761.5288728223135
164.72792160297593,761.5373164662639
164.72792160297593,761.5976192488383
191.5013295698414,661.7638177145207
164.72792160297593,761.6229457204182
173.35368651237852,729.511536904957
164.72792160297593,761.7241514280878
164.72792160297593,761.8097020338538
164.72792160297593,762.3363008229279
178.21836351208356,712.1168606374803
173.35368651237852,730.3829574582649
173.35368651237852,730.532510037428
164.72792160297593,762.8457989577472
164.72792160297593,762.9297368037675
164.72792160297593,762.9808381287543
173.35368651237852,730.8828177221469
164.72792160297593,763.1280973713585
164.72792160297593,763.143312183838
164.72792160297593,763.196106642466
178.21836351208356,712.9333553967011
164.72792160297593,763.3509483010276
164.72792160297593,763.4351483113973
173.35368651237852,731.2763096551635
164.72792160297593,763.4671736323673
164.72792160297593,763.567811059076
164.72792160297593,763.5895985754826
164.72792160297593,763.6906804831825
173.35368651237852,731.6949823863954
164.72792160297593,764.0082713067145
164.72792160297593,764.1324975623381
178.21836351208356,713.9770679323826
191.5013295698414,664.4724595311714
164.72792160297593,764.4003994280089
164.72792160297593,764.4297269830319
173.35368651237852,732.4914121125387
178.21836351208356,714.4049928664996
164.72792160297593,764.7153533412762
164.72792160297593,764.7571832837552
173.35368651237852,732.7754812906296
178.21836351208356,714.8722782599042
191.5013295698414,665.3931459000135
191.5013295698414,665.522262834767
164.72792160297593,765.4470845966587
173.35368651237852,733.3079068717595
191.5013295698414,665.6715861649972
164.72792160297593,765.6539347380565
164.72792160297593,765.7165655040454
173.35368651237852,733.5917741969029
191.5013295698414,665.943509410096
164.72792160297593,765.9032331593022
164.72792160297593,765.9468431666573
164.72792160297593,766.0429455619691
164.72792160297593,766.0713632649818
173.35368651237852,733.9131600050653
164.72792160297593,766.1838508974499
173.35368651237852,734.3516194074411
178.21836351208356,716.2651747214059
164.72792160297593,766.6017831489675
173.35368651237852,734.4854933097665
164.72792160297593,766.7128630486992
164.72792160297593,766.7667908859103
191.5013295698414,666.999724679759
173.35368651237852,734.7315401301305
173.35368651237852,734.9264567232547
178.21836351208356,717.086086232527
191.5013295698414,667.6105090282002
191.5013295698414,667.6150138852787
164.72792160297593,767.598233669059
164.72792160297593,767.6890415834376
173.35368651237852,735.6172330512693
173.35368651237852,735.7339147234222
164.72792160297593,767.9270770544391
164.72792160297593,767.9290067285858
164.72792160297593,768.149823006688
164.72792160297593,768.1575813701814
164.72792160297593,768.1758318405417
191.5013295698414,668.4315086444997
164.72792160297593,768.3197829598979
164.72792160297593,768.4623473408452
164.72792160297593,768.4713375324965
178.21836351208356,718.2205542183068
164.72792160297593,768.5300376988279
164.72792160297593,768.5603664121851
164.72792160297593,768.646103312487
164.72792160297593,768.7387649236568
164.72792160297593,768.8739827174638
164.72792160297593,768.9220711459574
164.72792160297593,768.9353377311393
164.72792160297593,769.0809151673329
164.72792160297593,769.0948755643935
191.5013295698414,669.4752211801812
164.72792160297593,769.4828434584118
164.72792160297593,769.5321268558527
164.72792160297593,769.5513734333216
178.21836351208356,719.2478915521708
164.72792160297593,769.5797755864726
164.72792160297593,769.640026760207
191.5013295698414,669.903146114298
164.72792160297593,769.8061906938646
173.35368651237852,737.696286249997
164.72792160297593,769.9216936907407
164.72792160297593,769.9606409579499
164.72792160297593,769.9783816383527
164.72792160297593,770.0655972622369
164.72792160297593,770.0779722223955
191.5013295698414,670.3163779730825
191.5013295698414,670.3704315077027
164.72792160297593,770.2980106529841
173.35368651237852,738.1635716434016
164.72792160297593,770.4177044045504
164.72792160297593,770.5594641897167
191.5013295698414,670.7677145682538
191.7519584593731,669.9115009941661
164.72792160297593,770.7352952280825
191.5013295698414,670.9012213212743
164.72792160297593,770.8849835833058
164.72792160297593,770.9023456416924
191.5013295698414,671.2052060956283
164.72792160297593,771.1274233493767
164.72792160297593,771.1357455488197
164.72792160297593,771.1567509043997
191.7519584593731,670.4136736762354
164.72792160297593,771.316149318034
164.72792160297593,771.3405850824895
191.5013295698414,671.5842093274747
164.72792160297593,771.5490941778442
191.5013295698414,671.7633279692043
191.5013295698414,671.834239793475
191.5013295698414,671.8419981569684
164.72792160297593,771.6883936574898
191.5013295698414,672.0187790264341
164.72792160297593,771.9344404778537
191.5013295698414,672.2577236190278
191.5013295698414,672.2705482995472
164.72792160297593,772.1293570709779
164.72792160297593,772.2742755417695
164.72792160297593,772.3276552439494
191.5013295698414,672.5842394803254
164.72792160297593,772.4292160457699
191.5013295698414,672.6064879327442
191.5013295698414,672.6279218631563
191.5013295698414,672.6629096680896
164.72792160297593,772.6510024794022
191.5013295698414,672.8447846212047
178.21836351208356,722.3878553434081
191.5013295698414,672.90760714898
164.72792160297593,772.9368150711454
191.7519584593731,672.2832280597642
164.72792160297593,773.1428224385216
164.72792160297593,773.2788858925435
191.5013295698414,673.7187074661053
173.35368651237852,741.5118476018042
164.72792160297593,773.9730167019661
178.21836351208356,723.6893768033086
164.72792160297593,774.0015626899375
164.72792160297593,774.24610230116
191.5013295698414,674.6511898636122
164.72792160297593,774.5270656014523
191.5013295698414,674.7460447999694
173.35368651237852,742.5391849356683
173.35368651237852,742.7308939238069
164.72792160297593,774.9079368333885
191.5013295698414,675.0724364389412
164.72792160297593,774.9582993929114
164.72792160297593,775.0441828441261
191.5013295698414,675.2344923992462
191.5013295698414,675.3076601424931
164.72792160297593,775.308967014754
164.72792160297593,775.7263955416793
164.72792160297593,775.8292255879134
191.5013295698414,676.0554039103673
178.21836351208356,725.6423297993923
191.5013295698414,676.1474204045949
191.5013295698414,676.1551787680883
191.5013295698414,676.2318466954534
164.72792160297593,776.2583636270006
191.5013295698414,676.4428366675614
164.72792160297593,776.3666115728325
164.72792160297593,776.3678953253967
191.5013295698414,676.8608803933001
191.5013295698414,676.9196685438641
173.35368651237852,744.6462341863635
191.5013295698414,676.9760902792094
173.35368651237852,744.9412167640494
191.7519584593731,676.845151628818
191.5013295698414,677.8860085912065
191.5013295698414,677.9342477488051
173.35368651237852,745.6167433059529
191.5013295698414,678.027781438743
173.35368651237852,746.0168812744507
164.72792160297593,778.2675442836012
164.72792160297593,778.2830497926725
164.72792160297593,778.3011355891845
178.21836351208356,728.1167185279237
191.5013295698414,678.6409885699265
164.72792160297593,778.5290149941615
164.72792160297593,778.5903700078368
191.5013295698414,679.187530051107
164.72792160297593,779.2542930501837
164.72792160297593,779.2655030605239
178.21836351208356,729.1211187189033
178.21836351208356,729.2191377902429
191.5013295698414,679.7301824920946
191.5013295698414,679.9691270846884
164.72792160297593,779.9337942715301
178.21836351208356,729.7458044403204
191.5013295698414,680.3178913984048
191.5013295698414,680.3343007423182
191.5013295698414,680.3363683520349
191.5013295698414,680.4014198034977
164.72792160297593,780.2922304492731
178.21836351208356,729.9862729114525
178.21836351208356,730.0622541421534
191.5013295698414,680.5799114331296
164.72792160297593,780.5315633436093
191.5013295698414,680.6964023811836
178.21836351208356,730.2781413175355
178.21836351208356,730.2812554891384
178.21836351208356,730.4357057532238
191.5013295698414,680.9053720126852
178.21836351208356,730.6178734996902
191.5013295698414,681.1404830471907
191.5013295698414,681.17406100442
191.5013295698414,681.2191532349549
191.5013295698414,681.3146595475741
191.5013295698414,681.3719289230871
178.21836351208356,730.9354643232225
178.21836351208356,730.9567820310419
164.72792160297593,781.2789792158558
191.5013295698414,681.4450966663339
164.72792160297593,781.2901892261958
164.72792160297593,781.373826779699
191.5013295698414,681.6019819958631
191.5013295698414,681.7720668915849
178.21836351208356,731.3275924445168
178.21836351208356,731.3569199995397
191.5013295698414,681.8880300918427
173.35368651237852,749.5884484953301
191.5013295698414,682.0047532976398
178.21836351208356,731.5437549613637
191.7519584593731,681.2095976157002
191.5013295698414,682.2021365452924
191.7519584593731,681.30761668704
191.5013295698414,682.2906778593908
191.5013295698414,682.471436355062
191.5013295698414,682.490810118409
191.5013295698414,682.5802731914023
191.5013295698414,682.6077730660369
191.7519584593731,681.6736937446115
178.21836351208356,732.1723304530642
191.5013295698414,682.7148720235676
164.72792160297593,782.5562495092812
191.5013295698414,682.8442948758883
191.5013295698414,682.9197115572375
191.7519584593731,682.0949403199404
191.5013295698414,683.2139589259771
178.21836351208356,732.7493403370433
191.5013295698414,683.2986050585312
191.5013295698414,683.3328918124014
191.5013295698414,683.5535513206078
191.5013295698414,683.6147306337247
191.5013295698414,683.6148717757221
173.35368651237852,751.298460514467
191.5013295698414,683.7371169731832
191.5013295698414,683.831593391773
173.35368651237852,751.544507334831
191.7519584593731,683.045260927839
191.5013295698414,683.9930789127425
173.35368651237852,751.7394239279552
191.5013295698414,684.0699440066282
191.5013295698414,684.154240133222
191.5013295698414,684.2931837301658
191.5013295698414,684.54669592924
191.7519584593731,683.6322338581608
191.5013295698414,684.5788100884101
191.5013295698414,684.5985054562295
191.5013295698414,684.5992647726828
191.5013295698414,684.6116474772326
191.5013295698414,684.6192719667017
191.5013295698414,684.6310720095246
191.5013295698414,684.6524204514358
191.5013295698414,684.6537948867707
191.5013295698414,684.7172910380414
191.7519584593731,683.8661724389601
173.35368651237852,752.5468819281227
191.7519584593731,684.0206227030454
178.21836351208356,734.5015892951569
191.5013295698414,684.9752992131343
191.5013295698414,685.0010061118828
191.5013295698414,685.04171713094
191.5013295698414,685.2078437862568
191.5013295698414,685.2399507044765
191.5013295698414,685.2439576881188
178.21836351208356,735.0037619772261
191.5013295698414,685.4844261592511
191.5013295698414,685.5323338460747
191.5013295698414,685.5604073899518
191.5013295698414,685.5887150181929
191.5013295698414,685.639077577716
173.35368651237852,753.3535475256506
191.5013295698414,685.7762945653342
191.5013295698414,685.7794087369368
191.5013295698414,685.9338590010223
178.21836351208356,735.4735382713322
191.5013295698414,685.9955847835174
191.5013295698414,686.0210126652094
191.5013295698414,686.1160267474888
173.35368651237852,753.8502680969151
191.5013295698414,686.2812111417618
178.21836351208356,735.8909667982575
191.5013295698414,686.3931319062556
191.5013295698414,686.4336175710209
191.5013295698414,686.4549352788404
191.5013295698414,686.5100037727179
178.21836351208356,736.2525677450101
191.5013295698414,686.8257456923152
191.5013295698414,686.8550732473382
191.5013295698414,686.8604180692816
191.5013295698414,686.9431893346753
191.5013295698414,686.9806399941431
178.21836351208356,736.5324665819749
191.5013295698414,687.0149356200517
191.5013295698414,687.0280526346875
191.5013295698414,687.0419082091623
191.5013295698414,687.0578013169343
191.5013295698414,687.2328921683574
191.7519584593731,686.3342572868651
191.5013295698414,687.4980769548871
191.5013295698414,687.6704837008626
191.5013295698414,687.7057119480663
164.72792160297593,787.5641403825558
178.21836351208356,737.417837202335
191.5013295698414,688.0696236976191
173.35368651237852,755.773176117931
173.35368651237852,755.8363364117303
191.5013295698414,688.2474935848418
173.35368651237852,755.9587227511889
191.5013295698414,688.3164570799521
191.5013295698414,688.5239338802621
191.5013295698414,688.6812641352749
191.5013295698414,688.7087460202217
191.5013295698414,688.7584254580661
173.35368651237852,756.4716822111526
173.35368651237852,756.5789309180276
191.5013295698414,688.9256087782701
178.21836351208356,738.4657068457627
191.5013295698414,688.9669754978905
191.5013295698414,689.0315718199937
191.5013295698414,689.1087331427848
178.21836351208356,738.6935862507396
173.35368651237852,756.8465434734361
173.35368651237852,756.8740262294415
178.21836351208356,738.754941264415
191.5013295698414,689.4250637530101
173.35368651237852,757.1019500555584
173.35368651237852,757.1415260511218
191.5013295698414,689.5022250758013
191.5013295698414,689.5185125518967
191.5013295698414,689.5210243973767
173.35368651237852,757.3804706437155
164.72792160297593,789.5888265482278
191.5013295698414,689.7809539953676
191.5013295698414,689.8041389101411
173.35368651237852,757.4831881370679
191.5013295698414,689.8437364842422
191.5013295698414,689.8706256082017
191.5013295698414,689.9018956293128
191.5013295698414,689.9208978070333
191.5013295698414,689.9522581888358
173.35368651237852,757.6681248401959
191.5013295698414,689.9997425429555
191.5013295698414,690.0176236093353
173.35368651237852,757.7292349574319
173.35368651237852,757.8065353725208
173.35368651237852,757.8170525930253
173.35368651237852,757.9070694327894
173.35368651237852,757.9241515505561
178.21836351208356,739.7979851716286
191.5013295698414,690.5019152250246
173.35368651237852,758.2171905615231
173.35368651237852,758.255833746506
173.35368651237852,758.2905969681468
173.35368651237852,758.2983553316402
173.35368651237852,758.475136201106
191.5013295698414,690.8231843838378
191.5013295698414,690.9716915191307
191.5013295698414,691.0013967112675
173.35368651237852,758.7140807936997
173.35368651237852,758.7316095507236
191.5013295698414,691.3336405844975
191.5013295698414,691.389120046056
173.35368651237852,759.0628451074161
191.5013295698414,691.4641570683128
173.35368651237852,759.157095583056
191.5013295698414,691.5204573406286
173.35368651237852,759.246596466949
191.5013295698414,691.6286231621832
173.35368651237852,759.3639643236519
191.5013295698414,691.7507209928085
191.5013295698414,691.8030258360345
173.35368651237852,759.5438611285074
191.5013295698414,691.8854036436418
178.21836351208356,741.4352399298089
178.21836351208356,741.5079971907658
191.5013295698414,692.0306198297735
173.35368651237852,759.8306128766711
173.35368651237852,759.8641764534304
178.21836351208356,741.7540440111297
191.7519584593731,691.3436373238213
191.5013295698414,692.2963913405933
191.5013295698414,692.3041497040867
178.21836351208356,741.9489606042539
173.35368651237852,760.2509966579286
191.7519584593731,691.683369505976
191.5013295698414,692.7042876725845
191.5013295698414,692.7114087304044
173.35368651237852,760.545715414138
191.5013295698414,692.9159904501334
191.7519584593731,692.0009603295082
191.5013295698414,692.9574555507684
173.35368651237852,760.6528143716688
191.5013295698414,693.0686394798627
191.5013295698414,693.1523721438925
173.35368651237852,760.8576539053385
173.35368651237852,760.8756823793459
178.21836351208356,742.7564186044212
191.7519584593731,692.3930884508025
191.7519584593731,692.4224160058254
173.35368651237852,761.1635968886472
173.35368651237852,761.1990296147986
191.5013295698414,693.5569081188245
173.35368651237852,761.4701935282313
173.35368651237852,761.5655836922491
191.5013295698414,693.9598301440601
191.5013295698414,693.9638600935612
173.35368651237852,761.6908495739182
173.35368651237852,761.7296910010836
173.35368651237852,761.764017317165
191.5013295698414,694.191739498538
191.5013295698414,694.2000064611973
191.5013295698414,694.2530945122135
173.35368651237852,761.9310212608435
173.35368651237852,762.0045060977313
191.5013295698414,694.3734028780453
173.35368651237852,762.0653422622478
191.5013295698414,694.4048459948672
173.35368651237852,762.0921824813232
191.7519584593731,693.622292369179
164.72792160297593,794.6747804908504
173.35368651237852,762.5495898253338
191.7519584593731,694.0374395010509
191.7519584593731,694.0397208961043
173.35368651237852,762.8991938422333
191.5013295698414,695.296138419427
173.35368651237852,762.9796594790413
173.35368651237852,763.0778734532364
191.5013295698414,695.4171154137268
191.7519584593731,694.6812206798218
164.72792160297593,795.5102947012937
191.5013295698414,695.8265938873938
191.5013295698414,695.8450403478438
164.72792160297593,795.8492712531486
178.21836351208356,745.799685916691
191.7519584593731,695.3389609609513
191.5013295698414,696.3123257412484
173.35368651237852,764.0239019399575
173.35368651237852,764.3310742543566
191.5013295698414,696.7994107297078
173.35368651237852,764.5050127288264
173.35368651237852,764.5146559129836
191.5013295698414,696.9333931776075
173.35368651237852,764.627399068285
191.5013295698414,697.0061504385642
173.35368651237852,764.7218754868748
191.5013295698414,697.2521972589282
191.5013295698414,697.4471138520523
164.72792160297593,797.3388533329584
191.7519584593731,696.6144609436095
191.5013295698414,697.7052222027501
173.35368651237852,765.4369780243417
191.7519584593731,696.8423403485864
173.35368651237852,765.4779264467494
191.7519584593731,696.9036953622618
173.35368651237852,765.5427025465375
173.35368651237852,765.5440769818724
173.35368651237852,765.5538568127232
173.35368651237852,765.7285887511085
173.35368651237852,765.7548839120439
173.35368651237852,765.8912882069847
191.5013295698414,698.2545718522197
173.35368651237852,766.0981258813586
173.35368651237852,766.1302327995783
191.5013295698414,698.5261337138712
173.35368651237852,766.410372679518
173.35368651237852,766.4789971132948
173.35368651237852,766.5293596728176
164.72792160297593,798.7010567770951
191.5013295698414,699.0556712328394
178.21836351208356,748.6107110040363
173.35368651237852,766.8858668786193
173.35368651237852,767.020844737283
173.35368651237852,767.1714932368636
191.5013295698414,699.6097201323255
191.5013295698414,699.660601699651
164.72792160297593,799.517551536316
173.35368651237852,767.4002858678197
191.5013295698414,699.9905913642617
191.5013295698414,700.0409539237844
191.5013295698414,700.0493559406426
173.35368651237852,767.8709220892449
178.21836351208356,749.7533978048061
191.5013295698414,700.4706025159716
191.5013295698414,700.6326584762766
164.72792160297593,800.5111630584742
191.5013295698414,700.687939033515
191.5013295698414,700.7058262195234
164.72792160297593,800.5612640719976
164.72792160297593,800.6393575871491
191.5013295698414,700.8796480216537
164.72792160297593,800.744570294298
191.5013295698414,700.9118801187865
191.5013295698414,700.9568093444448
164.72792160297593,800.8167694419292
173.35368651237852,768.9277935297338
191.5013295698414,701.2978391644896
191.5013295698414,701.4535699873977
191.5013295698414,701.8410027445918
173.35368651237852,769.5715462303766
173.35368651237852,769.5826824050338
164.72792160297593,801.8875372960579
173.35368651237852,769.9218539150955
164.72792160297593,802.142063347401
164.72792160297593,802.3548226894624
173.35368651237852,770.315345848112
173.35368651237852,770.4641533612003
164.72792160297593,802.677333633807
164.72792160297593,802.7450239917896
164.72792160297593,802.8106881310971
173.35368651237852,770.7340185793439
173.35368651237852,770.9031555647933
173.35368651237852,771.4948504669256
191.5013295698414,703.8279028247523
164.72792160297593,803.7569396261944
191.5013295698414,704.1088642518348
173.35368651237852,771.8822074776566
164.72792160297593,804.1756272509116
173.35368651237852,772.3113452261465
191.7519584593731,703.821914610707
173.35368651237852,772.4733340178009
173.35368651237852,772.6417026593183
164.72792160297593,804.9502815210441
191.5013295698414,705.1294242846528
173.35368651237852,772.828458972754
191.5013295698414,705.2515510526046
173.35368651237852,773.3550577618281
191.5013295698414,705.7324668193485
164.72792160297593,805.6063829399586
173.35368651237852,773.4600827843834
173.35368651237852,773.4712927947236
164.72792160297593,805.6435214872781
164.72792160297593,805.7030986478651
173.35368651237852,774.1468543102585
173.35368651237852,774.1620691227382
164.72792160297593,806.7304359817291
178.21836351208356,756.5910486304989
173.35368651237852,774.737353077809
191.5013295698414,707.0823772807365
173.35368651237852,775.1512545012381
173.35368651237852,775.7759402226554
173.35368651237852,776.4658415355586
191.7519584593731,707.9021519026529
173.35368651237852,776.7353224429455
178.21836351208356,758.6298091970951
173.35368651237852,776.9656001055573
173.35368651237852,777.2026078363501
191.5013295698414,709.5524062102523
164.72792160297593,809.6719952136922
191.5013295698414,710.009813554263
164.72792160297593,809.941381834641
191.7519584593731,709.4554120145458
191.5013295698414,710.4398832079704
164.72792160297593,810.515505907386
164.72792160297593,810.7440805489816
191.5013295698414,711.5023016234976
191.5013295698414,711.7912979832859
164.72792160297593,811.667414346133
191.5013295698414,712.0892018782974
191.5013295698414,712.3788060711735
164.72792160297593,812.2265259390072
191.5013295698414,712.4131016970821
164.72792160297593,812.430122569233
173.35368651237852,780.5508837947527
164.72792160297593,812.9424344690809
164.72792160297593,813.1014783641964
191.5013295698414,713.6123779344084
191.5013295698414,713.7146231569826
173.35368651237852,781.5782211286169
191.5013295698414,714.0794302123052
173.35368651237852,781.7699301167555
191.5013295698414,714.1279624448937
173.35368651237852,781.9211025805926
191.5013295698414,714.429737897024
164.72792160297593,814.27489283629
173.35368651237852,782.3349062569342
191.5013295698414,714.8232298300405
173.35368651237852,782.5678511167444
191.5013295698414,715.2419025612725
164.72792160297593,815.4577202163525
173.35368651237852,783.3464121828496
178.21836351208356,765.2465530114958
173.35368651237852,783.4479729846698
191.5013295698414,715.9416367765011
173.35368651237852,783.6697594183023
178.21836351208356,765.8053905984943
191.5013295698414,716.4438094585703
164.72792160297593,816.2891629995012
173.35368651237852,784.1615793774218
164.72792160297593,816.6180063848814
164.72792160297593,816.8667611709839
173.35368651237852,785.0203196288375
178.21836351208356,766.8926490329644
191.5013295698414,717.4725118875871
178.21836351208356,767.1306845039661
178.21836351208356,767.1584568662342
191.5013295698414,717.6926152263543
164.72792160297593,817.5447985717115
164.72792160297593,817.7858048948357
178.21836351208356,767.5233904094249
191.5013295698414,718.0900918740684
178.21836351208356,767.6659547903722
178.21836351208356,767.6749449820232
178.21836351208356,767.7336451483548
178.21836351208356,767.7639738617119
191.5013295698414,718.2795288309138
164.72792160297593,818.2707049169146
191.5013295698414,718.4769120785664
191.5013295698414,718.5182253396621
191.5013295698414,718.8132079173478
164.72792160297593,818.756526592679
191.5013295698414,719.0791058960743
191.5013295698414,719.1015977999838
178.21836351208356,768.6864509079386
178.21836351208356,768.7549808828484
191.5013295698414,719.3398067064219
191.5013295698414,719.4249450354365
178.21836351208356,769.0097981433913
191.5013295698414,719.4887344592513
178.21836351208356,769.1253011402677
173.35368651237852,787.2771205659008
178.21836351208356,769.1642484074767
178.21836351208356,769.2815796719225
191.5013295698414,719.791499112887
191.5013295698414,719.8888724277491
191.5013295698414,719.916764994556
178.21836351208356,769.5016181025109
191.5013295698414,719.9899327378029
178.21836351208356,769.6213118540771
191.5013295698414,720.146818067332
191.5013295698414,720.1513138712202
191.5013295698414,720.2912576828859
191.5013295698414,720.3180979019611
191.5013295698414,720.3447195399025
191.5013295698414,720.3879834851876
178.21836351208356,769.9389026776092
178.21836351208356,770.0885910328326
191.5013295698414,720.7447062592945
191.5013295698414,720.7755052459717
178.21836351208356,770.33076659175
178.21836351208356,770.3310307989035
178.21836351208356,770.3603583539265
191.5013295698414,721.0081916520265
191.5013295698414,721.0356461898779
191.5013295698414,721.1251092628712
191.5013295698414,721.2055748996792
191.5013295698414,721.3035438462929
173.35368651237852,789.2863012225014
191.5013295698414,721.8097313777142
178.21836351208356,771.4778829912963
191.5013295698414,722.1975768067382
191.5013295698414,722.217397280364
191.5013295698414,722.3363301667883
191.5013295698414,722.3908022807631
191.5013295698414,722.5569896749945
173.35368651237852,790.2730499890839
173.35368651237852,790.2842599994241
191.5013295698414,722.6288377517645
191.5013295698414,722.6566101140327
191.5013295698414,722.8752874111531
191.5013295698414,723.0215436572233
164.72792160297593,822.8787296280733
191.5013295698414,723.0689973600461
191.5013295698414,723.0733823610152
178.21836351208356,772.6302916643729
191.5013295698414,723.1433415276985
191.5013295698414,723.1641080381706
191.5013295698414,723.1730982298218
191.5013295698414,723.2317983961533
178.21836351208356,772.7773877930429
191.5013295698414,723.2621271095103
191.7519584593731,722.4192454885472
191.5013295698414,723.6027031270695
191.5013295698414,723.7038418673874
173.35368651237852,791.5503202825095
164.72792160297593,823.7351121745683
178.21836351208356,773.4497097506868
191.5013295698414,723.9807993326817
178.21836351208356,773.5765431594702
191.5013295698414,724.184604155737
191.5013295698414,724.253134130647
191.5013295698414,724.5079513911899
191.5013295698414,724.6234543880661
191.5013295698414,724.6624016552752
173.35368651237852,792.3925837185992
191.5013295698414,724.7495553194624
191.5013295698414,724.7797329197209
178.21836351208356,774.5125744642808
191.5013295698414,724.9997713503093
191.5013295698414,725.006978642862
191.5013295698414,725.1194651018756
191.5013295698414,725.1774520143199
191.7519584593731,724.2601929234115
191.5013295698414,725.2467601579209
178.21836351208356,774.9300029912062
191.5013295698414,725.4370559254079
191.5013295698414,725.5867442806313
191.5013295698414,725.592857622646
191.5013295698414,725.8289198395487
191.5013295698414,725.8291840467022
191.5013295698414,725.8585116017251
178.21836351208356,775.4259864732346
191.5013295698414,725.8994542622302
191.5013295698414,725.9939467735408
178.21836351208356,775.5715027749235
191.5013295698414,726.0968375098828
191.5013295698414,726.2778140986841
191.7519584593731,725.5360809592603
191.5013295698414,726.5991999068465
191.5013295698414,726.9760362390948
191.5013295698414,727.0376593092224
191.5013295698414,727.1086598905677
173.35368651237852,794.8038941670974
191.5013295698414,727.2255386789492
191.5013295698414,727.2397333980352
191.5013295698414,727.2666714243015
191.5013295698414,727.5629700732106
191.5013295698414,727.6097956847892
191.5013295698414,727.7477822131704
191.5013295698414,727.7974616510146
178.21836351208356,777.4866572421994
191.5013295698414,727.9646449712187
178.21836351208356,777.5047430387112
173.35368651237852,795.6710388005046
191.7519584593731,727.161460109292
173.35368651237852,795.7975056892556
191.5013295698414,728.1284449121715
191.5013295698414,728.1477693357334
178.21836351208356,777.7326224436882
173.35368651237852,795.8918550786068
173.35368651237852,795.8930880892656
173.35368651237852,795.8996134421002
178.21836351208356,777.7939774573637
191.5013295698414,728.2755410408413
191.5013295698414,728.3032729530505
191.5013295698414,728.3238065618465
173.35368651237852,796.076394311566
173.35368651237852,796.1320326818592
191.5013295698414,728.5412612687498
191.5013295698414,728.5575487448452
173.35368651237852,796.3153389041596
191.5013295698414,728.6900687818381
173.35368651237852,796.4807969955757
191.5013295698414,728.8199901883162
191.5013295698414,728.8431751030896
191.5013295698414,728.9478629984852
191.5013295698414,728.9599339999819
173.35368651237852,796.6641032178761
191.5013295698414,729.0223126550682
191.5013295698414,729.0566598022838
191.5013295698414,729.0746964072687
173.35368651237852,796.8229472392516
173.35368651237852,796.9652224341119
173.35368651237852,797.3820588321257
178.21836351208356,779.4958378988
173.35368651237852,797.6411653202438
191.5013295698414,730.0107277120793
191.5013295698414,730.0338185809834
173.35368651237852,797.7204137102715
191.5013295698414,730.0507584853805
173.35368651237852,797.7835740040708
173.35368651237852,797.9059603435294
191.5013295698414,730.2798654013474
191.5013295698414,730.3571658164362
173.35368651237852,798.0555761257408
191.5013295698414,730.3823261517782
191.5013295698414,730.4281562390046
191.5013295698414,730.4747819944715
191.5013295698414,730.5594935335771
191.5013295698414,730.6992494384388
191.5013295698414,730.8064641904213
191.5013295698414,730.8412274120623
191.5013295698414,730.8489857755557
191.5013295698414,730.8496115451828
173.35368651237852,798.582897321456
191.5013295698414,730.924139721033
178.21836351208356,780.4825866653827
178.21836351208356,780.4937966757228
191.5013295698414,731.069656022722
173.35368651237852,798.7706786632077
173.35368651237852,798.7937810657766
173.35368651237852,798.8212638217819
173.35368651237852,798.8777776207385
191.5013295698414,731.2822399946391
173.35368651237852,799.049187647899
173.35368651237852,799.0635330427824
173.35368651237852,799.0826171544082
173.35368651237852,799.0887636434624
191.5013295698414,731.6134755513316
173.35368651237852,799.292107684378
173.35368651237852,799.327708236056
191.5013295698414,731.6859982050213
173.35368651237852,799.3652754276249
191.5013295698414,731.6972082153615
191.5013295698414,731.7077260269715
173.35368651237852,799.4304257294085
173.35368651237852,799.6764725497725
173.35368651237852,799.7642901853659
173.35368651237852,799.8713891428966
178.21836351208356,781.7598569588082
173.35368651237852,800.1559845099133
173.35368651237852,800.1644281538637
173.35368651237852,800.2154414815295
173.35368651237852,800.3171457303929
173.35368651237852,800.5004519526933
191.5013295698414,732.9632684984468
191.5013295698414,732.9848104899978
173.35368651237852,800.6759845208388
191.5013295698414,733.0028962865098
173.35368651237852,800.6788471430641
173.35368651237852,800.7745530744036
173.35368651237852,800.7983708602974
191.5013295698414,733.2034448155842
173.35368651237852,800.8928472788872
191.5013295698414,733.2307756914867
191.5013295698414,733.2921307051621
173.35368651237852,801.0209179644621
191.5013295698414,733.4082843492539
173.35368651237852,801.1938340592895
173.35368651237852,801.204622728111
173.35368651237852,801.6079498163541
173.35368651237852,801.7136743385499
173.35368651237852,801.7150487738849
191.5013295698414,734.1978875035854
173.35368651237852,802.0622599989971
173.35368651237852,802.0942853199672
191.7519584593731,733.5747405710814
173.35368651237852,802.1982342502691
191.5013295698414,734.5551365416468
178.21836351208356,784.0944963695658
173.35368651237852,802.269097673371
173.35368651237852,802.3012045915907
191.7519584593731,733.6957876706587
173.35368651237852,802.4409169942577
173.35368651237852,802.5560375034264
173.35368651237852,802.6499689053072
191.5013295698414,734.9939911465985
173.35368651237852,802.70033146483
173.35368651237852,802.8229199716864
191.5013295698414,735.2252248374496
173.35368651237852,803.0568386706317
173.35368651237852,803.1108344809877
173.35368651237852,803.3424650288761
173.35368651237852,803.5128212845897
173.35368651237852,803.5712576598321
191.5013295698414,735.9807399131811
191.5013295698414,735.9919499235212
173.35368651237852,803.676928593424
191.5013295698414,736.0383997649756
173.35368651237852,804.0125798545884
173.35368651237852,804.0418938812574
173.35368651237852,804.1086436447514
178.21836351208356,786.108766532777
173.35368651237852,804.4943383134803
178.21836351208356,786.712201620056
191.5013295698414,737.2580102066066
173.35368651237852,804.9583378444735
191.5013295698414,737.3322740881447
191.5013295698414,737.6272566658306
191.5013295698414,737.9613077859915
173.35368651237852,805.6935374297506
191.5013295698414,738.0244680797907
191.5013295698414,738.0310961118431
173.35368651237852,805.7120354388052
173.35368651237852,805.742518022389
191.5013295698414,738.0947074257879
191.5013295698414,738.1468544192494
191.5013295698414,738.279219195024
173.35368651237852,805.9711395322979
191.5013295698414,738.3027832077341
173.35368651237852,806.0250818645912
173.35368651237852,806.092825707108
191.5013295698414,738.648756325274
191.5013295698414,738.7029211762319
173.35368651237852,806.461893505324
173.35368651237852,806.4863176401244
173.35368651237852,806.5290516401938
191.5013295698414,739.0296275572102
191.5013295698414,739.0346751414963
191.5013295698414,739.062157897502
191.5013295698414,739.079990116733
173.35368651237852,806.8764096531328
173.35368651237852,806.9049903713563
178.21836351208356,788.7924339977546
191.5013295698414,739.2900817236189
191.5013295698414,739.3296577191823
173.35368651237852,807.0984492200963
191.5013295698414,739.568602311776
191.5013295698414,739.5926496173643
191.5013295698414,739.6713198051284
173.35368651237852,807.4030084422067
173.35368651237852,807.4482494649257
173.35368651237852,807.5010944050637
173.35368651237852,807.5253947816653
191.5013295698414,739.9173666254924
191.5013295698414,739.9509163117351
191.5013295698414,739.9958455373934
173.35368651237852,807.675826343449
191.5013295698414,740.0051842610858
191.5013295698414,740.0698566784394
191.5013295698414,740.1122832186165
164.72792160297593,840.0161260312811
173.35368651237852,808.0342625211919
191.5013295698414,740.4053222295836
173.35368651237852,808.1099551460117
164.72792160297593,840.2785917442669
173.35368651237852,808.210019803117
173.35368651237852,808.3576102718584
173.35368651237852,808.4333023814644
173.35368651237852,808.4406982599179
191.5013295698414,740.9197412187841
173.35368651237852,808.672246974058
164.72792160297593,840.9181834601858
173.35368651237852,808.9251223405839
173.35368651237852,808.9680823296235
173.35368651237852,809.0210112877745
173.35368651237852,809.0322212981147
191.5013295698414,741.4347281350094
191.5013295698414,741.6069197805755
173.35368651237852,809.4985022136093
173.35368651237852,809.6635099505522
173.35368651237852,809.7198137159953
173.35368651237852,809.7838625919995
191.5013295698414,742.2103548678547
191.5013295698414,742.2744883971113
164.72792160297593,842.2632846030241
191.5013295698414,742.439128325989
173.35368651237852,810.2982815812001
173.35368651237852,810.4949527337009
173.35368651237852,810.5363084752162
191.5013295698414,743.0638140474061
173.35368651237852,810.8237961190811
164.72792160297593,843.1752447701139
191.5013295698414,743.3517285567075
164.72792160297593,843.1920391176425
173.35368651237852,811.0725509051836
173.35368651237852,811.2165020245399
173.35368651237852,811.3590664054872
173.35368651237852,811.4267567634697
191.5013295698414,743.7537153603096
173.35368651237852,811.5299199973743
173.35368651237852,811.5800210108978
191.5013295698414,743.9178226691438
191.5013295698414,743.9845004162482
173.35368651237852,811.6581145260491
191.7519584593731,743.0585971070993
173.35368651237852,811.7633272331982
173.35368651237852,811.8355263808293
191.5013295698414,744.2305472366122
191.5013295698414,744.2534739303082
191.5013295698414,744.2905872455532
173.35368651237852,811.9915946290354
191.5013295698414,744.4254638297364
164.72792160297593,844.4820068452002
173.35368651237852,812.3911097549384
173.35368651237852,812.4764946511143
173.35368651237852,812.7658667576852
173.35368651237852,812.8573600225917
173.35368651237852,812.906294234958
191.5013295698414,745.232921829904
173.35368651237852,812.9623163268787
173.35368651237852,813.1608202863009
173.35368651237852,813.3319608701215
173.35368651237852,813.3735796283626
173.35368651237852,813.5535261917597
173.35368651237852,813.6320142927242
173.35368651237852,813.696090572707
191.5013295698414,746.0395874274318
173.35368651237852,813.7637809306897
173.35368651237852,813.8294450699972
191.5013295698414,746.2120336080179
164.72792160297593,846.1123536266534
191.5013295698414,746.702787581044
173.35368651237852,814.7756965650946
173.35368651237852,815.1943841898117
191.5013295698414,747.7419884807834
191.5013295698414,747.9167204191688
173.35368651237852,815.6261718089955
173.35368651237852,815.9690384599443
191.7519584593731,747.4346846795563
173.35368651237852,816.1169257820217
191.5013295698414,748.5985043475785
173.35368651237852,816.6251398788588
173.35368651237852,816.6622784261782
173.35368651237852,816.7218555867652
191.5013295698414,749.2089764053433
173.35368651237852,817.1561266817613
173.35368651237852,817.3308586201465
191.7519584593731,749.0807807010249
173.35368651237852,817.7491929206293
173.35368651237852,817.940901908768
191.7519584593731,749.7115220774851
191.5013295698414,750.7358468094208
173.35368651237852,818.6231146063211
191.5013295698414,751.7708140730942
191.7519584593731,750.874582575999
191.7519584593731,750.9431125509088
191.5013295698414,752.2299010302886
191.7519584593731,751.3134328083279
164.72792160297593,852.6038109543827
173.35368651237852,820.6907521525924
173.35368651237852,820.9601387735411
173.35368651237852,821.5342628462862
191.5013295698414,754.0703391457171
173.35368651237852,821.7628374878818
173.35368651237852,822.6861712850332
191.5013295698414,755.0165906408145
178.21836351208356,804.8471289368049
178.21836351208356,805.0047471878463
173.35368651237852,823.2452828779072
178.21836351208356,805.2672129008321
173.35368651237852,823.448879508133
178.21836351208356,805.3652319721717
173.35368651237852,823.961191407981
173.35368651237852,824.1202353030966
191.7519584593731,755.637841418747
191.5013295698414,756.8660339545788
191.5013295698414,757.2894484634204
178.21836351208356,806.8743015713752
191.5013295698414,757.518023105016
191.5013295698414,757.5647699554916
178.21836351208356,807.1028762129708
191.5013295698414,757.5911908482628
173.35368651237852,825.29364977519
178.21836351208356,807.1937906038364
178.21836351208356,807.2519057595892
191.5013295698414,757.748076177792
178.21836351208356,807.5065429209922
178.21836351208356,807.6898491432926
178.21836351208356,807.8462751031468
191.5013295698414,758.4413569021674
178.21836351208356,808.0262100101222
191.5013295698414,758.5430611510308
178.21836351208356,808.163865926679
191.5013295698414,758.6369043003378
178.21836351208356,808.1806602742076
191.7519584593731,757.75835069042
191.5013295698414,758.7263673733312
173.35368651237852,826.4764771552527
191.5013295698414,759.0004684950414
178.21836351208356,808.5559940479733
178.21836351208356,808.5853216029963
191.5013295698414,759.0964125812992
191.5013295698414,759.2331549010963
178.21836351208356,808.839886625305
178.21836351208356,808.875602663219
191.5013295698414,759.4197494799275
191.5013295698414,759.430538148749
173.35368651237852,827.3079199384014
178.21836351208356,809.4706280017654
173.35368651237852,827.6367633237816
173.35368651237852,827.8855181098841
191.5013295698414,760.2267664232544
191.5013295698414,760.3452821846033
191.5013295698414,760.424149670907
191.5013295698414,760.4423605294337
191.5013295698414,760.4654629320025
191.5013295698414,760.5029004356447
191.5013295698414,760.561293415858
191.5013295698414,760.7445996381584
191.5013295698414,760.7604455096883
191.5013295698414,760.7653661486305
191.5013295698414,760.7819529240643
191.5013295698414,760.8633852199703
173.35368651237852,828.5635555106116
178.21836351208356,810.4942948580272
191.5013295698414,761.0263434884148
191.5013295698414,761.0488353923242
178.21836351208356,810.633688500279
173.35368651237852,828.8045618337359
178.21836351208356,810.6835462562932
178.21836351208356,810.6902759444581
178.21836351208356,810.7022184751889
191.5013295698414,761.2983456100849
191.5013295698414,761.4359720515919
178.21836351208356,811.0725387326081
178.21836351208356,811.1009747832186
191.5013295698414,761.613833431515
173.35368651237852,829.2894618558148
191.5013295698414,761.7387367052276
206.77962660636643,704.8432367880258
191.5013295698414,761.8276663761393
191.5013295698414,761.8361100200897
191.5013295698414,762.0704260542426
191.5013295698414,762.0985514635606
178.21836351208356,811.6337300187598
173.35368651237852,829.7752835315792
178.21836351208356,811.7424745669359
191.5013295698414,762.2384952752263
191.5013295698414,762.2678093018952
191.5013295698414,762.268722306815
191.5013295698414,762.2919571322429
191.5013295698414,762.3352210775282
191.5013295698414,762.3724548191736
206.77962660636643,705.4424019062686
191.5013295698414,762.6010294607693
191.5013295698414,762.691943851635
191.5013295698414,762.7202537341182
191.5013295698414,762.7500590073878
178.21836351208356,812.3050858137232
191.5013295698414,763.0046961687907
191.5013295698414,763.1880023910911
191.5013295698414,763.2796316825801
191.5013295698414,763.3444283509453
191.5013295698414,763.5243632579206
191.5013295698414,763.5891954665746
191.5013295698414,763.6620191744776
191.5013295698414,763.6788135220061
191.5013295698414,763.7339418652231
191.5013295698414,763.7569689700548
191.5013295698414,763.7659671861932
191.5013295698414,763.9187540051828
191.5013295698414,763.968433443027
191.5013295698414,764.0541472957718
191.5013295698414,764.0834748507948
191.5013295698414,764.1356167632312
178.21836351208356,813.6757148307237
191.5013295698414,764.1808903687069
191.5013295698414,764.3187411277459
191.5013295698414,764.3380398731035
178.21836351208356,813.9035942357007
191.5013295698414,764.3737559110176
178.21836351208356,813.9649492493761
191.5013295698414,764.5682473794378
191.5013295698414,764.7122330607623
191.5013295698414,764.7285205368577
178.21836351208356,814.301610378476
191.5013295698414,764.9687812495638
191.5013295698414,764.9909619803286
191.5013295698414,764.9973851279277
191.5013295698414,765.014146895102
206.77962660636643,708.1536811964239
191.5013295698414,765.1309057919943
191.5013295698414,765.2276315942962
191.5013295698414,765.3277425610995
191.5013295698414,765.5144988745352
191.5013295698414,765.53454385091
206.77962660636643,708.6558538784931
178.21836351208356,815.3969473430273
178.21836351208356,815.4984587581562
191.5013295698414,765.9924481058256
191.5013295698414,766.0410976636093
191.5013295698414,766.1318417480776
191.5013295698414,766.1816995040917
191.5013295698414,766.1884291922566
191.5013295698414,766.2003717229875
173.35368651237852,833.8974865669735
178.21836351208356,815.8216138344081
191.5013295698414,766.5706919804065
191.5013295698414,766.599128031017
178.21836351208356,816.260504045844
191.5013295698414,766.7304653255895
191.5013295698414,766.8328942120397
191.5013295698414,766.8481090245194
191.5013295698414,766.8701777282564
191.5013295698414,766.9542162352025
173.35368651237852,834.7538691134685
191.5013295698414,767.1318832665582
178.21836351208356,816.6860138315513
191.5013295698414,767.1939977502615
191.5013295698414,767.2406278147345
206.77962660636643,710.525408262022
191.5013295698414,767.5400952149865
191.5013295698414,767.5488140141213
178.21836351208356,817.1747958197243
191.5013295698414,767.7244176342473
191.5013295698414,767.8032390615217
191.5013295698414,767.8372944030193
191.5013295698414,767.88942537119
178.21836351208356,817.5174566147
178.21836351208356,817.5924321109478
191.5013295698414,768.1522491014002
191.5013295698414,768.22166924442
178.21836351208356,817.8463000000801
191.5013295698414,768.4424855225222
191.5013295698414,768.4502438860156
191.5013295698414,768.4619801244366
178.21836351208356,818.000718780523
178.21836351208356,818.0950547861827
191.5013295698414,768.7208681543387
191.5013295698414,768.7701310863223
191.5013295698414,768.9893230805839
191.5013295698414,769.031427439491
191.5013295698414,769.0497115397189
191.5013295698414,769.1518814373399
191.5013295698414,769.1727762712896
191.5013295698414,769.1738680785222
191.5013295698414,769.213909016642
191.5013295698414,769.2147336617916
191.5013295698414,769.2984663258214
191.5013295698414,769.373577683167
191.5013295698414,769.3875985784724
191.5013295698414,769.4017474834991
191.5013295698414,769.4213623447267
191.5013295698414,769.4424174451777
191.5013295698414,769.4631024971745
178.21836351208356,819.0140985100345
191.5013295698414,769.5570332771297
191.5013295698414,769.584981826125
191.5013295698414,769.6516400073385
191.5013295698414,769.6526721841077
178.21836351208356,819.2375252920625
191.5013295698414,769.7816370122376
191.5013295698414,769.7997636262744
191.5013295698414,769.8886477381313
191.5013295698414,769.9326892760412
178.21836351208356,819.4989985321135
191.5013295698414,770.1049842476904
191.5013295698414,770.1191791374769
191.5013295698414,770.2175100496733
191.5013295698414,770.2710441541869
178.21836351208356,819.9848202078779
178.21836351208356,820.046757213191
191.5013295698414,770.5433892367311
191.5013295698414,770.5968042068099
191.5013295698414,770.6457779265507
191.5013295698414,770.7024100717522
191.5013295698414,770.8951005908258
191.5013295698414,770.9407104074057
191.5013295698414,770.9966120059547
191.5013295698414,771.0832754432296
178.21836351208356,820.6919731707441
191.5013295698414,771.1882317475166
191.5013295698414,771.3197670822066
191.5013295698414,771.4284080646539
191.5013295698414,771.452789287461
191.5013295698414,771.4555444582255
191.5013295698414,771.6332475983237
220.2525567873126,664.4469236177391
191.5013295698414,771.7179859016966
191.5013295698414,771.7586572936424
191.5013295698414,771.8579297133622
191.5013295698414,771.9546555156641
191.5013295698414,771.981056173324
206.77962660636643,715.0219671204667
220.2525567873126,664.822075714621
206.77962660636643,715.087331831076
191.5013295698414,772.0658149862285
191.5013295698414,772.1841670793498
191.5013295698414,772.2271029936879
206.77962660636643,715.4432136957956
191.5013295698414,772.4220195868121
178.21836351208356,822.0823370776002
206.77962660636643,715.6052696561006
206.77962660636643,715.6211322387095
206.77962660636643,715.6784373993474
191.5013295698414,772.6729490675228
191.5013295698414,773.0156098624985
206.77962660636643,716.0423788140384
191.5013295698414,773.0905853587462
191.5013295698414,773.1015077080568
206.77962660636643,716.2044347743434
191.5013295698414,773.2294775869796
191.5013295698414,773.236923696534
206.77962660636643,716.2776025175903
191.5013295698414,773.3444532478786
206.77962660636643,716.3746226872682
206.77962660636643,716.4261811672218
206.77962660636643,716.4344878471194
206.77962660636643,716.473971441054
191.5013295698414,773.4988720283214
191.5013295698414,773.5715484083776
206.77962660636643,716.6054295384711
191.5013295698414,773.5932080339811
206.77962660636643,716.6591636603306
206.77962660636643,716.8136139244159
220.2525567873126,666.749215549502
206.77962660636643,717.0253462854646
206.77962660636643,717.2085019667882
191.5013295698414,774.2642610303981
191.5013295698414,774.2656792178003
206.77962660636643,717.3233159696651
206.77962660636643,717.3627995635998
206.77962660636643,717.4127790426587
220.2525567873126,667.2513882315711
191.5013295698414,774.512251757833
206.77962660636643,717.5479917828764
191.5013295698414,774.5832358364445
191.5013295698414,774.6071424823738
191.5013295698414,774.7356785398609
191.5013295698414,774.8197281172864
191.5013295698414,774.997151779912
191.5013295698414,775.0209461587154
191.5013295698414,775.2005993492227
191.5013295698414,775.2509619087455
191.5013295698414,775.2538910185256
191.5013295698414,775.3369334307762
178.21836351208356,824.9634057897671
191.5013295698414,775.4829734556763
220.2525567873126,668.297101683646
178.21836351208356,825.0519796197249
191.5013295698414,775.5449104609895
191.5013295698414,775.6499798565621
191.5013295698414,776.0324520846308
191.5013295698414,776.0814182546925
206.77962660636643,719.1272485082355
191.5013295698414,776.1218881037476
191.5013295698414,776.134012886451
191.5013295698414,776.1668173294058
191.5013295698414,776.1901264185425
191.5013295698414,776.3557993200835
206.77962660636643,719.431011307486
206.77962660636643,719.451777817958
191.5013295698414,776.5013076451036
206.77962660636643,719.5497968892978
191.5013295698414,776.6092485119001
191.5013295698414,776.6592740886668
191.5013295698414,776.7233472120671
191.5013295698414,776.8476192792031
191.5013295698414,776.849030026959
206.77962660636643,719.9158739468692
191.7519584593731,776.0665196084376
191.5013295698414,777.0279064341777
191.5013295698414,777.0731474568964
191.5013295698414,777.1502927736361
191.5013295698414,777.195127491684
206.77962660636643,720.3371205221981
191.5013295698414,777.5804903253986
191.5013295698414,777.6591605131628
206.77962660636643,720.7050779991725
191.5013295698414,777.7063595306187
206.77962660636643,720.7528682730048
191.5013295698414,777.7348531379824
191.5013295698414,777.8349177950878
191.5013295698414,778.0582003734352
191.5013295698414,778.0655962518887
206.77962660636643,721.2874411300968
206.77962660636643,721.3042431174154
191.5013295698414,778.2971449660289
191.5013295698414,778.5500203325547
191.5013295698414,778.5757123085067
191.5013295698414,778.6459092797453
191.5013295698414,778.6571192900855
191.5013295698414,778.8278085479873
206.77962660636643,721.8744140604185
191.5013295698414,778.8689412933396
206.77962660636643,722.108352641218
191.5013295698414,779.1234002055802
191.5013295698414,779.2120655538272
206.77962660636643,722.2628029053033
206.77962660636643,722.3499565694902
206.77962660636643,722.3894401634249
191.5013295698414,779.4087605839703
206.77962660636643,722.5746323827015
191.5013295698414,779.9231795731708
191.5013295698414,779.963160467682
206.77962660636643,723.0765466709063
191.5013295698414,780.2264567873644
191.5013295698414,780.4486941110519
191.5013295698414,780.4615590375656
191.5013295698414,780.5501328675233
191.5013295698414,780.5848929651073
191.5013295698414,780.8414000165106
220.2525567873126,673.6828661841539
191.5013295698414,780.983964397458
191.5013295698414,781.0516547554405
206.77962660636643,724.1458913127799
206.77962660636643,724.1853749067145
206.77962660636643,724.3705671259911
206.77962660636643,724.5250173900764
206.77962660636643,724.5764374891229
191.5013295698414,781.57164173169
191.5013295698414,781.5828517420301
220.2525567873126,674.62565395018
206.77962660636643,724.9824247340871
191.5013295698414,781.9723411242826
191.5013295698414,782.0160077469092
206.77962660636643,725.1241825083192
220.2525567873126,675.0008060470618
178.21836351208356,831.7811138270933
220.2525567873126,675.0469005255089
206.77962660636643,725.4124943877945
191.5013295698414,782.3907647496561
220.2525567873126,675.2089564858139
191.5013295698414,782.4822580145625
206.77962660636643,725.5105134591342
220.2525567873126,675.2821242290607
206.77962660636643,725.5815898523299
220.2525567873126,675.4220526223908
206.77962660636643,725.8142762583847
220.2525567873126,675.5841085826958
191.5013295698414,782.8489120251155
220.2525567873126,675.6572763259427
191.5013295698414,782.9568588620924
191.5013295698414,782.9590898908651
220.2525567873126,675.7542964956207
191.5013295698414,782.9702999012053
206.77962660636643,726.0116595060373
220.2525567873126,675.8141616554718
220.2525567873126,676.0298679969351
191.5013295698414,783.2569122846952
173.35368651237852,851.0348829701812
220.2525567873126,676.2091163681844
220.2525567873126,676.2628504900438
220.2525567873126,676.4050200938169
173.35368651237852,851.297348683167
220.2525567873126,676.4173007541292
206.77962660636643,726.7639091631099
206.77962660636643,726.838651973896
220.2525567873126,676.7029897780176
220.2525567873126,676.7465781154884
206.77962660636643,727.023481886722
220.2525567873126,676.792452851011
206.77962660636643,727.0629654806567
206.77962660636643,727.1288971918497
206.77962660636643,727.1361332239035
206.77962660636643,727.136655555343
206.77962660636643,727.1424147731465
206.77962660636643,727.2481576999332
191.5013295698414,784.2363601842907
206.77962660636643,727.3514172509975
206.77962660636643,727.3597040430525
206.77962660636643,727.3630742813527
206.77962660636643,727.3674624065459
206.77962660636643,727.3857128769062
220.2525567873126,677.1516786125896
206.77962660636643,727.4494363223373
220.2525567873126,677.4811086412226
206.77962660636643,727.7531991215877
206.77962660636643,727.8304901935277
206.77962660636643,727.8748265306459
220.2525567873126,677.6354062380343
206.77962660636643,727.901145331119
220.2525567873126,677.6814363305016
206.77962660636643,727.9505823692404
206.77962660636643,727.9575670664642
206.77962660636643,727.9627764713696
206.77962660636643,727.970534834863
206.77962660636643,727.984877995149
220.2525567873126,677.8499289233835
191.5013295698414,785.0786236203804
206.77962660636643,728.1319521823217
206.77962660636643,728.188373917667
206.77962660636643,728.2666693122446
191.5013295698414,785.2510698009664
220.2525567873126,678.0473121710361
220.2525567873126,678.1026829058305
206.77962660636643,728.4087877334276
206.77962660636643,728.4482713273622
206.77962660636643,728.4642717386653
206.77962660636643,728.491708645761
206.77962660636643,728.5663430625319
206.77962660636643,728.6334635466388
173.35368651237852,853.2820415419242
206.77962660636643,728.6384606069648
206.77962660636643,728.6872343368067
206.77962660636643,728.7350246106388
191.5013295698414,785.7418237739926
206.77962660636643,728.7914463459841
206.77962660636643,728.9624047499251
220.2525567873126,678.7309353379488
206.77962660636643,729.0018883438597
220.2525567873126,678.8106851158383
206.77962660636643,729.0520413921292
206.77962660636643,729.0750560871065
191.7519584593731,785.1233567501271
206.77962660636643,729.1870805631363
206.77962660636643,729.2863994550495
220.2525567873126,679.0591345517208
191.5013295698414,786.2871764181491
178.21836351208356,835.8256255327177
206.77962660636643,729.402349076848
206.77962660636643,729.4167149325681
206.77962660636643,729.4561985265027
206.77962660636643,729.459811621805
206.77962660636643,729.5272887295106
173.35368651237852,854.194001709014
206.77962660636643,729.5571907354097
173.35368651237852,854.2107960565424
206.77962660636643,729.585817526079
206.77962660636643,729.6015270725279
206.77962660636643,729.6413907457793
206.77962660636643,729.651206510372
206.77962660636643,729.774053493458
206.77962660636643,729.7958410098646
191.5013295698414,786.7810246737321
206.77962660636643,729.8183898305763
191.7519584593731,785.8854020378147
206.77962660636643,729.8969229175644
206.77962660636643,729.9255497082338
191.5013295698414,786.9557566121174
206.77962660636643,729.9933698541266
206.77962660636643,730.0015141950909
220.2525567873126,679.880046062842
220.2525567873126,679.915119632372
206.77962660636643,730.210232612175
206.77962660636643,730.2145137410965
206.77962660636643,730.2431405317659
206.77962660636643,730.2930436044139
191.5013295698414,787.2792670748919
206.77962660636643,730.3950061281074
206.77962660636643,730.4112936042027
206.77962660636643,730.4507771981373
206.77962660636643,730.5099063624623
220.2525567873126,680.3087648288858
206.77962660636643,730.6066418623909
206.77962660636643,730.6352686530603
206.77962660636643,730.6359694174139
206.77962660636643,730.6645962080833
206.77962660636643,730.6737350476736
206.77962660636643,730.6969199624469
206.77962660636643,730.7364035563816
191.7519584593731,786.7996938116952
206.77962660636643,730.7879501365668
206.77962660636643,730.8136788593393
173.35368651237852,855.5007637841002
206.77962660636643,730.8808468518447
206.77962660636643,730.9104046616413
206.77962660636643,730.9215957756581
220.2525567873126,680.6839169257678
220.2525567873126,680.8583372583813
220.2525567873126,681.0254749474393
191.5013295698414,788.2480125982919
206.77962660636643,731.3095389397089
206.77962660636643,731.398734485008
191.7519584593731,787.4711979920511
191.7519584593731,787.6256167724938
206.77962660636643,731.7081009668291
206.77962660636643,731.8644725714369
206.77962660636643,731.8842028880388
220.2525567873126,681.7296303778427
206.77962660636643,732.1094755936842
206.77962660636643,732.1555377916748
206.77962660636643,732.2322616271601
206.77962660636643,732.2796197033086
206.77962660636643,732.2819010983621
206.77962660636643,732.3863446428776
206.77962660636643,732.4132383929347
220.2525567873126,682.1783192124147
173.35368651237852,857.1311105655535
220.2525567873126,682.3119377368682
191.7519584593731,788.8624232840333
206.77962660636643,732.8364313321753
220.2525567873126,682.6620468378594
191.5013295698414,789.881489064062
206.77962660636643,732.9234008820796
206.77962660636643,732.9894170711947
206.77962660636643,733.0362394815909
220.2525567873126,682.8765695232086
206.77962660636643,733.1706341783561
206.77962660636643,733.2531022396392
191.5013295698414,790.3156501445632
206.77962660636643,733.581141163209
178.21836351208356,840.1217909097127
191.7519584593731,789.6716552051619
206.77962660636643,733.7350953584535
220.2525567873126,683.5255651211323
206.77962660636643,733.9301033699528
220.2525567873126,683.9742539557043
191.7519584593731,790.3168711627148
191.5013295698414,791.2689372232372
191.5013295698414,791.3237787805162
220.2525567873126,684.1287042197897
206.77962660636643,734.5539293293357
206.77962660636643,734.5559400250617
220.2525567873126,684.4579815811489
220.2525567873126,684.5038563166715
220.2525567873126,684.5861115638004
206.77962660636643,734.8566411458672
206.77962660636643,735.0845205508443
206.77962660636643,735.1458755645195
191.5013295698414,792.1303234258023
220.2525567873126,684.9612636606822
220.2525567873126,685.0161812175078
220.2525567873126,685.1142002888475
220.2525567873126,685.193950066737
206.77962660636643,735.6125487967795
220.2525567873126,685.3913333143896
206.77962660636643,735.8433556479822
206.77962660636643,736.058773756355
191.5013295698414,793.073777500104
206.77962660636643,736.3498640726253
206.77962660636643,736.4464280762993
206.77962660636643,736.5138106333295
220.2525567873126,686.3675959928232
220.2525567873126,686.4031556950745
220.2525567873126,686.4423388036093
206.77962660636643,736.7446174845323
220.2525567873126,686.5085710002021
220.2525567873126,686.5163293636955
220.2525567873126,686.5220885814988
191.5013295698414,793.7451332950674
220.2525567873126,686.7427480897052
220.2525567873126,686.8518445296465
206.77962660636643,737.1701879865623
220.2525567873126,686.9551040807108
220.2525567873126,686.9633908727658
220.2525567873126,686.9711492362592
220.2525567873126,686.9893997066195
220.2525567873126,687.0531231520506
206.77962660636643,737.3232443510335
206.77962660636643,737.3476899128494
220.2525567873126,687.13287292994
220.2525567873126,687.2545003389982
220.2525567873126,687.2808191394714
178.21836351208356,844.0464855261569
220.2525567873126,687.3302561775927
220.2525567873126,687.3355721550912
220.2525567873126,687.3372408748166
220.2525567873126,687.3645518035013
220.2525567873126,687.408739898338
220.2525567873126,687.434177023241
206.77962660636643,737.7693531048051
206.77962660636643,737.8254170331027
220.2525567873126,687.6265230980325
220.2525567873126,687.735639012035
206.77962660636643,738.0095294219423
220.2525567873126,687.7884615417801
220.2525567873126,687.7920607473803
220.2525567873126,687.8017341284939
220.2525567873126,687.8353635276438
206.77962660636643,738.2143689556121
206.77962660636643,738.2403362731451
206.77962660636643,738.445175806815
220.2525567873126,688.235383145804
220.2525567873126,688.2371503763521
220.2525567873126,688.2431415092974
220.2525567873126,688.29092116652
173.35368651237852,863.2049316020592
220.2525567873126,688.3420785582775
191.7519584593731,794.6768776116957
191.5013295698414,795.6199441575112
220.2525567873126,688.4362896297073
191.5013295698414,795.7416578598202
220.2525567873126,688.5392759866791
206.77962660636643,738.8434087014622
220.2525567873126,688.6557282218425
220.2525567873126,688.6660732634017
220.2525567873126,688.6952026877669
220.2525567873126,688.6987310731782
220.2525567873126,688.7208780017968
220.2525567873126,688.7241916501896
173.35368651237852,863.6225678932827
220.2525567873126,688.7368784130998
220.2525567873126,688.7907673928496
220.2525567873126,688.7963887409205
206.77962660636643,739.0482482351321
220.2525567873126,688.838674884844
220.2525567873126,688.935400687146
206.77962660636643,739.219696283074
220.2525567873126,688.9812008808802
206.77962660636643,739.2274546465675
206.77962660636643,739.2459831503425
220.2525567873126,689.0060359065614
220.2525567873126,689.0076312850732
206.77962660636643,739.2537415138358
220.2525567873126,689.0308803187245
220.2525567873126,689.0640530204186
220.2525567873126,689.160877565123
206.77962660636643,739.4305223833015
220.2525567873126,689.1980636389286
220.2525567873126,689.2450775754925
220.2525567873126,689.2744950182943
220.2525567873126,689.3476627615411
220.2525567873126,689.3777403231713
220.2525567873126,689.3811880034433
220.2525567873126,689.3995278395779
206.77962660636643,739.6694669758953
206.77962660636643,739.6949714166315
220.2525567873126,689.5006097472777
220.2525567873126,689.5284346703759
206.77962660636643,739.9484522851453
220.2525567873126,689.7288052009371
178.21836351208356,846.4768607736789
220.2525567873126,689.7452974284242
206.77962660636643,739.987303985616
191.5013295698414,796.9719057384284
220.2525567873126,689.7746799364597
206.77962660636643,740.0182312896117
220.2525567873126,689.7909674125551
220.2525567873126,689.8182005708098
206.77962660636643,740.074653024957
206.77962660636643,740.1792591363482
220.2525567873126,690.0233412025287
220.2525567873126,690.045182086941
191.5013295698414,797.2616613157523
220.2525567873126,690.0534088560261
220.2525567873126,690.0673332184956
220.2525567873126,690.0765937707994
206.77962660636643,740.3193505058473
220.2525567873126,690.1933526676918
220.2525567873126,690.2103286921042
220.2525567873126,690.2396562471271
220.2525567873126,690.2568086383116
206.77962660636643,740.5025011846315
220.2525567873126,690.265976528561
220.2525567873126,690.2900784699937
206.77962660636643,740.5478347978358
206.77962660636643,740.6127604932731
220.2525567873126,690.4828392866094
206.77962660636643,740.7333080358343
220.2525567873126,690.5252826053714
206.77962660636643,740.7823315646652
220.2525567873126,690.63412555097
220.2525567873126,690.6376539363813
206.77962660636643,740.8833724165677
220.2525567873126,690.6553706654317
206.77962660636643,740.9337349760905
220.2525567873126,690.7233838725717
206.77962660636643,741.1141792677704
220.2525567873126,690.8774354514402
206.77962660636643,741.158619146277
206.77962660636643,741.1645418272934
206.77962660636643,741.1663775097705
220.2525567873126,691.0090102308161
206.77962660636643,741.2504252785081
206.77962660636643,741.3363804641514
220.2525567873126,691.1534535262791
191.5013295698414,798.3795773315318
220.2525567873126,691.2235329161653
220.2525567873126,691.3467035468415
206.77962660636643,741.6206876924135
206.77962660636643,741.714004527498
206.77962660636643,741.7172516960875
206.77962660636643,741.7676142556105
220.2525567873126,691.5352116000272
206.77962660636643,741.8046611710926
206.77962660636643,741.849590396751
206.77962660636643,741.9308672855464
220.2525567873126,691.7131624233975
220.2525567873126,691.792912201287
206.77962660636643,742.0354680222954
206.77962660636643,742.0629332204796
206.77962660636643,742.0640948129648
220.2525567873126,691.9835091801936
220.2525567873126,691.9900314725909
191.5013295698414,799.215091541975
220.2525567873126,692.0333342528544
220.2525567873126,692.2003719382419
206.77962660636643,742.4841797958086
191.5013295698414,799.5446387739553
206.77962660636643,742.6152663640481
206.77962660636643,742.6385404506125
206.77962660636643,742.6462357561136
220.2525567873126,692.406025244318
206.77962660636643,742.7194034993604
220.2525567873126,692.5048683015947
206.77962660636643,742.9008927222924
220.2525567873126,692.8562139724683
220.2525567873126,692.8973467178207
220.2525567873126,693.0298908019267
178.21836351208356,849.8586932678295
206.77962660636643,743.4671472672347
220.2525567873126,693.2404709783084
220.2525567873126,693.2620237456291
220.2525567873126,693.4598274607733
206.77962660636643,743.8545800244289
220.2525567873126,693.7508322500147
220.2525567873126,693.7913310910236
191.5013295698414,801.0436501736397
206.77962660636643,744.1109851526609
178.21836351208356,850.6359944581956
220.2525567873126,694.007702032888
206.77962660636643,744.2568949856854
206.77962660636643,744.2726237501676
206.77962660636643,744.3158246863306
178.21836351208356,851.3214976804541
191.5013295698414,801.9750140214775
220.2525567873126,694.9922226051319
206.77962660636643,745.3459911056724
191.7519584593731,801.4060118190642
191.5013295698414,802.4058536177765
220.2525567873126,695.2941648223169
220.2525567873126,695.4470424776955
220.2525567873126,695.5467669933043
206.77962660636643,745.818658417624
206.77962660636643,746.052731926794
220.2525567873126,695.893484441682
206.77962660636643,746.1443321049106
191.5013295698414,803.2223483769974
191.5013295698414,803.5223845589444
220.2525567873126,696.3483043142456
220.2525567873126,696.7190347507337
220.2525567873126,696.7738748162756
206.77962660636643,747.141925848962
191.5013295698414,804.2159598991556
191.5013295698414,804.266060912679
191.5013295698414,804.3441544278303
206.77962660636643,747.3808704415558
220.2525567873126,697.1490269131574
220.2525567873126,697.174429570279
191.5013295698414,804.4493671349794
191.5013295698414,804.5215662826105
220.2525567873126,697.3892032302947
206.77962660636643,747.6975922168036
206.77962660636643,747.7296347552722
206.77962660636643,747.7460440991855
220.2525567873126,697.5940427639646
220.2525567873126,697.6202965872839
206.77962660636643,747.991654789997
220.2525567873126,697.8440231028584
220.2525567873126,698.0488626365283
191.5013295698414,805.356846515628
191.5013295698414,805.5923341367392
206.77962660636643,748.6213409725676
206.77962660636643,748.6308965918223
220.2525567873126,698.4165992037531
220.2525567873126,698.4243575672465
206.77962660636643,748.7193600439073
191.5013295698414,805.8468601880821
206.77962660636643,749.0854371014788
191.5013295698414,806.0596195301438
220.2525567873126,698.8988689237681
191.5013295698414,806.1341477059941
206.77962660636643,749.2997734487101
220.2525567873126,699.1160153758966
191.5013295698414,806.3821304744882
220.2525567873126,699.184206906295
220.314597527159,698.9702166702901
191.5013295698414,806.4498208324709
206.77962660636643,749.5066836768077
191.5013295698414,806.5154849717784
220.2525567873126,699.3208549095665
220.2525567873126,699.3281260934978
220.2525567873126,699.4010416058373
191.5013295698414,806.8196509282525
206.77962660636643,749.8831797119294
220.2525567873126,699.7447377185149
206.77962660636643,750.0195164229042
220.2525567873126,699.7829459660614
220.2525567873126,699.8096634139521
220.2525567873126,699.8296571965972
220.2525567873126,699.8821749929839
206.77962660636643,750.126615380435
206.77962660636643,750.3314549141049
206.77962660636643,750.4570042847063
191.5013295698414,807.4617364668758
220.2525567873126,700.2630462249201
220.2525567873126,700.3134087844429
220.2525567873126,700.3369948655476
220.2525567873126,700.3555220669562
220.2525567873126,700.3632804304495
191.5013295698414,807.8804240915929
220.2525567873126,700.7178660974837
220.2525567873126,700.7682286570067
206.77962660636643,751.0264739905921
206.77962660636643,751.0439772150281
220.2525567873126,700.8175906130925
220.2525567873126,700.821607723077
220.2525567873126,700.8293660865704
220.2525567873126,700.8541121082214
206.77962660636643,751.1488603300506
220.2525567873126,700.910907448177
206.77962660636643,751.2433367486404
220.2525567873126,701.0061469560361
206.77962660636643,751.2779157958274
220.2525567873126,701.0549382390997
220.2525567873126,701.1277702062254
206.77962660636643,751.4048222696098
220.2525567873126,701.184334979445
206.77962660636643,751.4323660599129
220.2525567873126,701.2292642051033
220.2525567873126,701.2450915486298
220.2525567873126,701.2705959893661
206.77962660636643,751.5659834900894
191.5013295698414,808.6550783617255
220.2525567873126,701.5938558623462
220.2525567873126,701.6089871385858
220.2525567873126,701.6391548520087
220.2525567873126,701.6502775976916
206.77962660636643,751.9584392861073
206.77962660636643,752.0233908341
220.2525567873126,701.8121692847271
206.77962660636643,752.0641638083031
206.77962660636643,752.0655382436381
220.2525567873126,701.8949750785819
220.2525567873126,701.9898583705219
220.2525567873126,702.0402209300449
191.5013295698414,809.31117978064
220.2525567873126,702.0977956429714
191.5013295698414,809.3483183279594
206.77962660636643,752.4127494687502
191.5013295698414,809.4078954885464
206.77962660636643,752.4534604878074
220.2525567873126,702.3237461737913
206.77962660636643,752.6195871431242
206.77962660636643,752.651694061344
206.77962660636643,753.0004583750604
206.77962660636643,753.0508209345834
220.2525567873126,702.8259188558604
220.2525567873126,702.9111471250469
206.77962660636643,753.4073281403848
191.5013295698414,810.4352328224105
220.2525567873126,703.3078880733399
206.77962660636643,753.6929544986291
206.77962660636643,753.7460006437324
220.2525567873126,703.5127276070098
206.77962660636643,753.8048752631229
220.2525567873126,703.6385577932142
206.77962660636643,753.9217471295854
220.314597527159,703.5203681555596
220.2525567873126,703.8716323079353
220.2525567873126,703.909894488543
206.77962660636643,754.1544344693611
220.2525567873126,704.0598043685432
206.77962660636643,754.3549326915426
206.77962660636643,754.3923833510105
206.77962660636643,754.4266789769191
220.2525567873126,704.2218603288482
220.314597527159,704.0225408376288
220.2525567873126,704.2950280720951
220.314597527159,704.1195332738024
206.77962660636643,754.720175737658
206.77962660636643,754.9098203117545
178.21836351208356,861.6005976888347
220.314597527159,704.6217059558716
206.77962660636643,755.1174553049337
191.5013295698414,812.1844939469044
220.2525567873126,705.0155613383031
220.2525567873126,705.0427718399693
220.2525567873126,705.4302045971634
206.77962660636643,755.7282004368195
220.2525567873126,705.83251955842
220.2525567873126,705.8482483229021
206.77962660636643,756.0930074921422
220.314597527159,705.6674194079465
220.314597527159,705.7069030018811
191.5013295698414,813.2211613084376
220.2525567873126,706.0981132275679
220.314597527159,705.8920952211577
191.5013295698414,813.3767920543736
206.77962660636643,756.4433151768611
191.5013295698414,813.6461786753223
206.77962660636643,756.8368071098776
191.5013295698414,814.013052578569
220.2525567873126,706.921615678407
191.5013295698414,814.2203027480674
206.77962660636643,757.2554798411095
220.2525567873126,707.077266025156
191.5013295698414,814.448877389663
220.2525567873126,707.4067525295445
220.2525567873126,707.6283564995285
191.5013295698414,814.8493364459141
206.77962660636643,757.9015032113025
220.2525567873126,708.0269298722659
191.5013295698414,815.2528696832474
220.314597527159,707.8939003275791
191.5013295698414,815.3722111868144
191.5013295698414,815.3752560227059
191.5013295698414,815.4361759055478
191.5013295698414,815.6807792290628
206.77962660636643,758.7553806806886
206.77962660636643,758.8759004251801
191.5013295698414,815.9227038014191
191.5013295698414,815.9313227796885
220.2525567873126,708.7175504216966
191.5013295698414,816.009622614443
206.77962660636643,759.0951128628433
191.5013295698414,816.1349194099142
191.5013295698414,816.1512784430147
206.77962660636643,759.1919287172711
220.2525567873126,708.9564950142903
191.5013295698414,816.2583774005454
206.77962660636643,759.2971470005091
191.5013295698414,816.2905595009585
206.77962660636643,759.4127036863755
220.2525567873126,709.2573968084432
220.2525567873126,709.3052593280067
220.2525567873126,709.3216686719202
191.5013295698414,816.6472313097622
220.314597527159,709.2025396295558
206.77962660636643,759.7468163374831
178.21836351208356,866.28336144139
206.77962660636643,759.8048318076698
220.2525567873126,709.5672793627316
191.5013295698414,816.8062752048778
206.77962660636643,759.8341593626927
206.77962660636643,759.9544513306624
191.5013295698414,817.0746122401661
191.5013295698414,817.0987509366331
191.5013295698414,817.1774211243973
206.77962660636643,760.2592591552761
191.5013295698414,817.2656730140619
191.5013295698414,817.2841710231166
191.5013295698414,817.3135568327598
220.2525567873126,710.1969655453022
220.2525567873126,710.2065211645569
220.2525567873126,710.294984616642
206.77962660636643,760.5376994202599
191.5013295698414,817.6337238330401
206.77962660636643,760.6614256908049
191.5013295698414,817.6623211464762
220.2525567873126,710.6610616742134
220.314597527159,710.4540187902116
206.77962660636643,760.9686514756919
191.5013295698414,817.9796896769712
206.77962660636643,761.0340357260463
220.2525567873126,710.8753980214447
191.5013295698414,818.1301980759555
191.5013295698414,818.1481428222406
220.2525567873126,711.0823082495424
191.5013295698414,818.3227567949322
206.77962660636643,761.4491828579182
206.77962660636643,761.4514642529717
191.5013295698414,818.4485452374441
220.314597527159,711.0531839084545
191.5013295698414,818.5617365416686
191.5013295698414,818.5852225079178
220.2525567873126,711.458804284664
206.77962660636643,761.7851462349126
220.2525567873126,711.5951409956388
206.77962660636643,761.8658379350217
220.2525567873126,711.7022399531696
191.5013295698414,819.020385049237
206.77962660636643,762.0929640366891
220.2525567873126,711.9070794868395
191.5013295698414,819.1278306541049
191.5013295698414,819.1625170570339
220.2525567873126,712.032628857441
206.77962660636643,762.3732561909158
206.77962660636643,762.4766222834629
206.77962660636643,762.5023731256692
206.77962660636643,762.5810433134335
191.5013295698414,819.6820907303229
206.77962660636643,762.7507043178188
206.77962660636643,762.8288587705943
220.2525567873126,712.6020985633266
220.2525567873126,712.6196017877628
206.77962660636643,762.9281438111276
220.2525567873126,712.7244849027852
206.77962660636643,763.0022898887624
191.5013295698414,819.9939598401826
220.2525567873126,712.818961321375
220.2525567873126,712.8535403685621
206.77962660636643,763.1357788043068
220.2525567873126,712.9804468423443
220.2525567873126,713.0079906326474
206.77962660636643,763.2567837047112
191.5013295698414,820.3228032255628
220.2525567873126,713.1416080628239
220.2525567873126,713.2559669547909
206.77962660636643,763.5519831250384
191.5013295698414,820.569915366675
191.5013295698414,820.5715580116653
220.2525567873126,713.4244595476728
206.77962660636643,763.7128964509088
206.77962660636643,763.7240690981157
220.2525567873126,713.5340638588418
206.77962660636643,763.778261161518
220.2525567873126,713.552138516603
220.2525567873126,713.5990154068346
220.2525567873126,713.6218427953254
220.2525567873126,713.6397883810378
220.2525567873126,713.6411628163727
220.2525567873126,713.6772135301198
220.2525567873126,713.708923397465
206.77962660636643,764.0262043004768
206.77962660636643,764.0756572442674
206.77962660636643,764.1341430262378
206.77962660636643,764.2111540865752
220.2525567873126,713.9883740414848
206.77962660636643,764.2540837054538
220.2525567873126,714.029085060542
191.5013295698414,821.2495954123929
206.77962660636643,764.3154387191292
220.2525567873126,714.1952117158588
191.5013295698414,821.4220415929789
220.2525567873126,714.2273186340785
191.5013295698414,821.4818755337649
191.5013295698414,821.4906017355171
191.5013295698414,821.4986698812934
220.2525567873126,714.3238625673713
191.5013295698414,821.7815146891884
220.2525567873126,714.5760829477949
220.2525567873126,714.626445507318
220.2525567873126,714.6336651760101
191.5013295698414,821.912795566005
191.5013295698414,821.975501757596
206.77962660636643,765.1169655596174
206.77962660636643,765.1824912283452
220.2525567873126,714.9829527131194
220.314597527159,714.8184647770937
191.5013295698414,822.3177207328888
220.314597527159,714.9164838484335
206.77962660636643,765.4036403115498
191.5013295698414,822.4613234333605
220.2525567873126,715.2685790713637
220.314597527159,715.051754054802
220.2525567873126,715.321625216467
220.2525567873126,715.3804998358576
206.77962660636643,765.6338278235165
220.314597527159,715.2202466476839
220.2525567873126,715.4545766871313
220.2525567873126,715.4896502566613
220.2525567873126,715.4973717023199
220.314597527159,715.2825609060048
206.77962660636643,765.767334576537
206.77962660636643,765.8056475014205
191.5013295698414,822.7886376088511
220.314597527159,715.347925616614
220.314597527159,715.4176298953365
206.77962660636643,765.9378770707385
220.314597527159,715.473000630131
206.77962660636643,765.9735375557113
191.5013295698414,822.9519964657445
206.77962660636643,766.0713193508909
191.5013295698414,823.1267284041298
220.2525567873126,715.9305572642772
220.314597527159,715.7038074813338
220.2525567873126,715.9680079237451
220.2525567873126,716.0023035496537
220.314597527159,715.8856333343219
206.77962660636643,766.4503225827374
206.77962660636643,766.4757102377805
206.77962660636643,766.6221422606413
220.2525567873126,716.4328678826706
220.2525567873126,716.4854448844891
220.314597527159,716.3068799096509
206.77962660636643,766.8942239245533
220.314597527159,716.4294522760213
220.2525567873126,716.6930798776683
220.314597527159,716.4689358699559
191.5013295698414,823.9632453392496
220.314597527159,716.5421036132027
206.77962660636643,767.0723450565184
220.314597527159,716.6541280892325
206.77962660636643,767.1366615548098
206.77962660636643,767.3154704998823
191.5013295698414,824.4189843903043
206.77962660636643,767.494035118419
220.2525567873126,717.2811770196548
220.2525567873126,717.3038250095541
206.77962660636643,767.665854796323
206.77962660636643,767.7108978764674
220.314597527159,717.2411010195542
220.314597527159,717.2503637871424
220.314597527159,717.2854373566724
220.314597527159,717.289847381077
220.2525567873126,717.5357329975218
220.2525567873126,717.6686320648769
220.314597527159,717.4750396003536
206.77962660636643,768.0937797304398
206.77962660636643,768.0996823903824
220.314597527159,717.6294898644389
220.314597527159,717.6772801382712
191.7519584593731,824.212900731731
220.2525567873126,718.0189397495957
191.7519584593731,824.322713339479
206.77962660636643,768.2913913785211
220.314597527159,717.8713921677918
220.314597527159,717.9769538885585
191.5013295698414,825.4865330075011
206.77962660636643,768.5610651238444
220.2525567873126,718.4124316826121
220.2525567873126,718.4511001474979
220.314597527159,718.2286549826817
206.77962660636643,768.986974975065
220.2525567873126,718.7956155469844
220.2525567873126,718.8311044138442
191.7519584593731,825.2268748829538
206.77962660636643,769.206456723691
220.314597527159,718.8657820111042
191.5013295698414,826.4450031783346
220.2525567873126,719.3505031671964
191.5013295698414,826.5835264687547
220.2525567873126,719.5581381603757
206.77962660636643,769.8034697342858
220.314597527159,719.331520097533
206.77962660636643,769.953961585346
220.2525567873126,719.81374808338
220.2525567873126,720.0410994991573
220.2525567873126,720.0921883483637
220.314597527159,719.9431244482586
191.5013295698414,827.4399090152497
220.2525567873126,720.3310052534233
220.2525567873126,720.4515249979148
220.314597527159,720.246887247509
206.77962660636643,770.7748730964671
191.5013295698414,827.7930839754462
206.77962660636643,770.8471822699673
206.77962660636643,770.8709056162319
220.2525567873126,720.670737435578
191.5013295698414,827.9169082550231
206.77962660636643,771.0135336598576
206.77962660636643,771.021292023351
206.77962660636643,771.097959950716
220.2525567873126,720.8727715732438
220.2525567873126,720.8945029004304
220.314597527159,720.7201497657354
220.2525567873126,720.9883282591102
206.77962660636643,771.2336579675743
206.77962660636643,771.2396461816196
206.77962660636643,771.2751072040843
191.5013295698414,828.2859275221064
220.2525567873126,721.3804563804044
220.2525567873126,721.4097839354274
220.2525567873126,721.4203268631255
191.5013295698414,828.6398194873728
206.77962660636643,771.7423925974889
206.77962660636643,771.7857817991268
191.7519584593731,827.8326396301553
206.77962660636643,771.8169207733391
222.43890162563878,713.4396962639047
206.77962660636643,771.8422035344721
206.77962660636643,771.909341082247
206.77962660636643,771.9379678729164
222.43890162563878,713.5953396818029
220.2525567873126,721.752929999268
220.314597527159,721.5687442130278
220.2525567873126,721.8820469340217
220.2525567873126,722.0311112115668
191.7519584593731,828.3806838952678
206.77962660636643,772.4756667823274
191.7519584593731,828.5418344117845
206.77962660636643,772.54116764152
220.2525567873126,722.3078176194799
191.7519584593731,828.6880670718926
220.2525567873126,722.5154526126593
220.2525567873126,722.5442760484265
220.2525567873126,722.609660298781
206.77962660636643,772.8938946940057
206.77962660636643,772.9071881903633
206.77962660636643,772.9366784161111
220.314597527159,722.5050785161618
206.77962660636643,773.1352890589906
220.314597527159,722.6902900004416
220.2525567873126,723.0248074306529
220.2525567873126,723.0270888257063
220.2525567873126,723.1579349698704
220.2525567873126,723.2010537223218
191.5013295698414,830.4928054268102
220.2525567873126,723.3165832806221
220.2525567873126,723.3607708076473
206.77962660636643,773.6394864503494
206.77962660636643,773.784306084304
220.2525567873126,723.6685886094238
191.5013295698414,830.9104417180336
206.77962660636643,773.9562005701117
220.2525567873126,723.7378298559511
206.77962660636643,774.1225875748753
222.43890162563878,715.7419881956675
220.2525567873126,724.0108202539966
191.5013295698414,831.2987407491737
220.314597527159,723.8924226109293
206.77962660636643,774.4941206376038
220.2525567873126,724.2732616974675
220.2525567873126,724.3263288905533
222.43890162563878,716.2441608777367
220.2525567873126,724.4044833433288
220.2525567873126,724.4132055091333
220.2525567873126,724.5099313114353
191.7519584593731,830.8478494037081
206.77962660636643,774.8376901123422
206.77962660636643,774.944789069873
220.2525567873126,724.736980156449
220.2525567873126,724.7833141199021
220.2525567873126,724.8324082774458
206.77962660636643,775.0906685558915
191.5013295698414,832.0760419395398
206.77962660636643,775.3138952595202
220.314597527159,724.9525044852147
220.2525567873126,725.1883167516204
220.314597527159,724.996840822333
220.2525567873126,725.2996936708504
220.2525567873126,725.3218235046409
220.2525567873126,725.4093343311338
206.77962660636643,775.6586016234634
222.43890162563878,717.2898743298117
220.314597527159,725.2922366673695
206.77962660636643,775.7714852679478
191.5013295698414,832.7615451617983
220.2525567873126,725.6018288732115
191.5013295698414,832.8298295940301
220.2525567873126,725.6197127112304
220.314597527159,725.3886836039317
220.2525567873126,725.6258082789948
206.77962660636643,775.897546216057
220.2525567873126,725.7867786593098
206.77962660636643,776.0401742596827
220.2525567873126,725.8297082781884
206.77962660636643,776.0766422073483
220.314597527159,725.6098274909016
206.77962660636643,776.1180058897555
220.2525567873126,725.8910632918638
220.314597527159,725.688357354219
220.2525567873126,726.0048115108413
206.77962660636643,776.2463105297735
220.314597527159,725.8066073540077
220.314597527159,725.8460909479423
220.2525567873126,726.2121845606706
220.2525567873126,726.2258290903546
220.314597527159,726.001955612196
220.314597527159,726.0312831672189
220.2525567873126,726.2738977329057
220.314597527159,726.0690487974787
191.5013295698414,833.6182776159472
220.314597527159,726.2089926091444
220.2525567873126,726.4519660757295
220.314597527159,726.2761606016497
220.314597527159,726.3057184114464
220.2525567873126,726.6911504829137
220.2525567873126,726.692590132352
220.2525567873126,726.6951443082346
220.2525567873126,726.7980635404546
206.77962660636643,777.1567911146534
220.2525567873126,726.9212341711308
222.43890162563878,718.8485601016764
206.77962660636643,777.2716341772455
220.2525567873126,727.0485240465229
206.77962660636643,777.3781636672487
220.2525567873126,727.2653868045712
220.2525567873126,727.2695416260362
220.314597527159,727.1034147166341
220.314597527159,727.1688400132948
220.314597527159,727.2311595305725
206.77962660636643,777.7104081311509
220.2525567873126,727.5135016434732
222.43890162563878,719.4815036614214
220.314597527159,727.4154998112415
220.2525567873126,727.6974665601531
220.314597527159,727.5900865886238
220.314597527159,727.6275753769652
220.314597527159,727.6463066624443
220.314597527159,727.6485880574978
206.77962660636643,778.1647183137939
191.7519584593731,834.3584305993598
220.2525567873126,728.1647519535577
220.314597527159,728.0079716606817
220.2525567873126,728.3666487834173
220.314597527159,728.1397798248997
220.2525567873126,728.4307445967576
220.314597527159,728.2150834648528
220.2525567873126,728.47187734211
220.314597527159,728.2477531757406
220.314597527159,728.2493790907614
220.314597527159,728.2900878412153
220.2525567873126,728.647969629253
220.314597527159,728.4315532313959
206.77962660636643,778.9140449803648
220.2525567873126,728.7454022143136
220.314597527159,728.5659479281611
220.2525567873126,728.8101435534043
220.2525567873126,728.8150016025977
220.314597527159,728.5938506404657
220.314597527159,728.6256666723732
220.314597527159,728.6334250358666
220.314597527159,728.6634539441286
206.77962660636643,779.1592969854285
220.314597527159,728.717021271142
206.77962660636643,779.2579696809928
206.77962660636643,779.3311166633324
220.314597527159,728.9478281223447
220.2525567873126,729.1831435426382
206.77962660636643,779.4449233436727
206.77962660636643,779.4971852647873
220.314597527159,729.0423375798372
220.314597527159,729.3207766830305
220.2525567873126,729.5576484150592
220.314597527159,729.3979148116424
220.2525567873126,729.675306963117
220.314597527159,729.4543365469877
206.77962660636643,779.9296920713623
220.314597527159,729.5509005506618
206.77962660636643,780.0826592645907
220.2525567873126,729.8670159512557
220.314597527159,729.9157076059845
220.2525567873126,730.1530689162938
206.77962660636643,780.3984471013374
220.314597527159,729.9512537748667
220.2525567873126,730.2268560783198
206.77962660636643,780.5594911408933
220.2525567873126,730.3785599261804
222.43890162563878,722.2410543439543
220.314597527159,730.2233281050029
220.314597527159,730.2265316967688
220.314597527159,730.2660152907034
220.314597527159,730.2676644421211
220.2525567873126,730.5680225879614
220.2525567873126,730.5757809514548
220.2525567873126,730.6524488788199
220.2525567873126,730.6547810124366
220.314597527159,730.45120750998
220.314597527159,730.5048707913642
220.314597527159,730.5125625236552
220.314597527159,730.5411893143246
206.77962660636643,781.0241212912757
220.314597527159,730.5613342555725
222.43890162563878,722.6756388303195
220.314597527159,730.6107887026088
220.314597527159,730.6595072237199
206.77962660636643,781.300777309357
220.2525567873126,731.1220664058412
220.314597527159,730.9591809740072
220.2525567873126,731.1965945816916
220.314597527159,731.0474772249125
220.314597527159,731.0635069376417
220.314597527159,731.0781799549518
220.2525567873126,731.3176416812688
220.2525567873126,731.3402707272306
220.2525567873126,731.396692462576
178.21836351208356,888.1513634044514
220.314597527159,731.2643399829609
220.2525567873126,731.5130279119603
206.77962660636643,781.8055053918638
206.77962660636643,781.8339910405358
191.7519584593731,837.9329455990328
206.77962660636643,781.8941658899502
220.314597527159,731.4593551921657
206.77962660636643,781.9563773799944
222.43890162563878,723.6184265963456
206.77962660636643,782.09900542362
222.43890162563878,723.7740700142438
206.77962660636643,782.1702901976922
206.77962660636643,782.4046705101066
220.314597527159,731.948856016305
222.43890162563878,724.0316551466907
220.314597527159,731.9537596456418
222.43890162563878,724.0396731716745
206.77962660636643,782.512444136977
222.43890162563878,724.1725175909247
222.43890162563878,724.1953165895727
222.43890162563878,724.2017291319795
222.43890162563878,724.2748968752264
220.314597527159,732.1995431198908
220.2525567873126,732.4483836221095
220.314597527159,732.239386003886
222.43890162563878,724.3573725498777
220.2525567873126,732.5149628673428
220.2525567873126,732.5403652458244
206.77962660636643,782.8099055828434
222.43890162563878,724.4305402931246
206.77962660636643,782.8716808582469
206.77962660636643,782.9079246541833
222.43890162563878,724.5275604628026
222.43890162563878,724.5338278287599
222.43890162563878,724.5874256226538
222.43890162563878,724.6308202649336
220.2525567873126,732.809282540309
220.2525567873126,732.8152707543543
206.77962660636643,783.2116874534336
220.2525567873126,733.0191602587017
206.77962660636643,783.3533801333685
206.77962660636643,783.4090707010862
222.43890162563878,725.0226406431007
206.77962660636643,783.4345913042607
206.77962660636643,783.4503839621816
222.43890162563878,725.0613457134705
206.77962660636643,783.4898675561162
222.43890162563878,725.1329929470028
222.43890162563878,725.1782840609989
220.2525567873126,733.3358743784639
222.43890162563878,725.20188901435
222.43890162563878,725.2556231362095
206.77962660636643,783.6750597753928
206.77962660636643,783.7453665398675
206.77962660636643,783.7510410060935
206.77962660636643,783.7848501338021
222.43890162563878,725.4100734002948
206.77962660636643,783.8330887531532
206.77962660636643,783.8555528154377
222.43890162563878,725.4762537451995
222.43890162563878,725.5042164246463
206.77962660636643,783.9132865522813
222.43890162563878,725.565716818193
206.77962660636643,783.9669281814759
206.77962660636643,783.9700423530787
206.77962660636643,784.0112376325567
206.77962660636643,784.0112645185941
206.77962660636643,784.0337564225035
206.77962660636643,784.1244926171639
220.314597527159,733.6523072721983
220.314597527159,733.7023768511841
206.77962660636643,784.2148451903287
206.77962660636643,784.2445096090137
206.77962660636643,784.3066603636305
222.43890162563878,725.9556564534598
220.2525567873126,734.1167922142548
206.77962660636643,784.3871376526394
206.77962660636643,784.4031073001927
206.77962660636643,784.420893081771
206.77962660636643,784.4603766757057
206.77962660636643,784.5335444189525
222.43890162563878,726.1444512587552
222.43890162563878,726.1787063990777
222.43890162563878,726.2181899930122
206.77962660636643,784.6242511871626
222.43890162563878,726.2387469503805
206.77962660636643,784.6455688949823
206.77962660636643,784.7027810504801
220.2525567873126,734.4703423642438
206.77962660636643,784.7236577354067
206.77962660636643,784.7292641795291
206.77962660636643,784.7367388634644
206.77962660636643,784.7680088845755
222.43890162563878,726.3930445471921
222.43890162563878,726.4033822122888
206.77962660636643,784.81060372145
206.77962660636643,784.8183714440985
206.77962660636643,784.8210310502689
206.77962660636643,784.8605146442035
206.77962660636643,785.0163793084571
206.77962660636643,785.0457068634801
191.5013295698414,842.0408179454656
222.43890162563878,726.6742089766673
206.77962660636643,785.0834724937397
206.77962660636643,785.1043585832216
206.77962660636643,785.2234163054054
206.77962660636643,785.232541825304
222.43890162563878,726.842701569549
206.77962660636643,785.2768781624222
206.77962660636643,785.2871256684055
206.77962660636643,785.2905842979108
206.77962660636643,785.3201421077074
222.43890162563878,727.0400848172017
222.43890162563878,727.0954555519962
220.2525567873126,735.3259741960517
220.2525567873126,735.4041878208865
206.77962660636643,785.6687209440208
206.77962660636643,785.6768648818143
206.77962660636643,785.6892976391005
220.2525567873126,735.497679698108
220.2525567873126,735.5946631877865
206.77962660636643,785.8611173170044
220.2525567873126,735.6803290370616
220.314597527159,735.4587023160932
206.77962660636643,785.9683946943082
222.43890162563878,727.5839490830202
191.5013295698414,843.0406451701789
222.43890162563878,727.680095806949
206.77962660636643,786.1178384128953
222.43890162563878,727.7237079841144
220.2525567873126,736.0697452103385
206.77962660636643,786.4381272009837
222.43890162563878,728.0519071978865
222.43890162563878,728.1822684890182
206.77962660636643,786.6033199243507
206.77962660636643,786.6419990732263
191.5013295698414,843.64951665225
206.77962660636643,786.741890000234
191.5013295698414,843.7209228719624
222.43890162563878,728.3704883161352
222.43890162563878,728.4051873187102
206.77962660636643,786.8572228168539
206.77962660636643,786.912504818437
206.77962660636643,786.9323684797381
220.2525567873126,736.7112800427573
191.5013295698414,843.9833885849482
206.77962660636643,787.0868449709102
206.77962660636643,787.104814660324
220.2525567873126,736.8895198322549
220.2525567873126,736.981850496962
222.43890162563878,728.8728187090077
206.77962660636643,787.27205645519
222.43890162563878,728.9078922785376
206.77962660636643,787.3229609032828
206.77962660636643,787.4459769276571
220.2525567873126,737.2648970592547
220.314597527159,737.0634634821886
206.77962660636643,787.5803716244222
220.314597527159,737.1093182773029
206.77962660636643,787.5955686333501
220.314597527159,737.1999749208976
222.43890162563878,729.3015374750515
222.43890162563878,729.4571808929497
222.43890162563878,729.4869618626319
220.314597527159,737.4307817721004
206.77962660636643,787.9537022797429
220.2525567873126,737.7192072418977
220.314597527159,737.4949848902245
222.43890162563878,729.6028346062578
222.43890162563878,729.6105929697512
206.77962660636643,788.0629968910533
206.77962660636643,788.0637469657529
222.43890162563878,729.7138266206869
222.43890162563878,729.7831132565971
222.43890162563878,729.787373839217
206.77962660636643,788.1903761590971
222.43890162563878,729.8511099045469
206.77962660636643,788.339840816019
222.43890162563878,730.0263184318106
206.77962660636643,788.444267359215
222.43890162563878,730.0518228725471
222.43890162563878,730.0879863132956
220.314597527159,738.010580113853
220.314597527159,738.0338542004175
206.77962660636643,788.6347695330898
206.77962660636643,788.6925488411663
220.314597527159,738.2272831502106
206.77962660636643,788.7115905714852
222.43890162563878,730.375082745527
206.77962660636643,788.809501471475
222.43890162563878,730.4315044808724
220.314597527159,738.3721027841652
220.2525567873126,738.6376434893451
222.43890162563878,730.5028943450246
220.2525567873126,738.7137859135323
206.77962660636643,788.9656774711277
191.5013295698414,845.9680814437054
206.77962660636643,789.0424447906489
222.43890162563878,730.6762019617628
191.5013295698414,846.08532965109
206.77962660636643,789.1167627782568
206.77962660636643,789.1623251352726
220.2525567873126,738.9348034930457
220.314597527159,738.7103842747366
206.77962660636643,789.1852927531666
220.2525567873126,738.9994122717766
220.2525567873126,739.0516741928911
222.43890162563878,730.9653057813427
222.43890162563878,731.1049730569721
206.77962660636643,789.5556130105856
222.43890162563878,731.1710918585803
206.77962660636643,789.5797536621978
206.77962660636643,789.7201553950638
220.2525567873126,739.4844251128324
222.43890162563878,731.4196851470172
220.314597527159,739.4254868122034
191.5013295698414,846.8800416107952
191.5013295698414,846.8968359583237
206.77962660636643,789.9391372653818
206.77962660636643,789.9413546089503
222.43890162563878,731.5644708995856
220.314597527159,739.5062989024658
222.43890162563878,731.6071457390412
220.314597527159,739.5325857697343
206.77962660636643,790.1017574576496
220.2525567873126,739.8963116624351
206.77962660636643,790.1462490695528
206.77962660636643,790.1789187804407
220.2525567873126,739.9391649492455
220.314597527159,739.7111384361357
220.2525567873126,739.9529360294413
206.77962660636643,790.2212534459152
222.43890162563878,731.8693421693741
222.43890162563878,731.8839210565852
206.77962660636643,790.2870307680205
206.77962660636643,790.3874253636543
206.77962660636643,790.5250162451657
222.43890162563878,732.2988290883143
220.314597527159,740.2463983233246
220.2525567873126,740.4896695530996
191.5013295698414,847.7234089227342
222.43890162563878,732.4197846763951
220.314597527159,740.4853429159183
206.77962660636643,790.9735031845371
222.43890162563878,732.6528591911161
206.77962660636643,791.1066240662751
222.43890162563878,732.8410312517241
220.314597527159,740.8341072296347
206.77962660636643,791.3455345450956
222.43890162563878,732.96702660187
206.77962660636643,791.3717036327416
222.43890162563878,733.0030872120291
222.43890162563878,733.0762549552759
222.43890162563878,733.1214768659553
222.43890162563878,733.2156198903068
220.2525567873126,741.4091922215771
222.43890162563878,733.2771202838535
220.2525567873126,741.448654818054
206.77962660636643,791.7057891845179
220.314597527159,741.2802122128435
206.77962660636643,791.8468732106844
206.77962660636643,791.8738763148108
220.2525567873126,741.6534943517239
220.314597527159,741.4452217656689
222.43890162563878,733.578884209966
220.314597527159,741.5110190640463
220.2525567873126,741.7739770274056
220.2525567873126,741.784344318459
222.43890162563878,733.7345276278642
220.2525567873126,741.8921179453292
206.77962660636643,792.1544937097028
206.77962660636643,792.1576973014687
206.77962660636643,792.1971808954033
206.77962660636643,792.1988300468211
222.43890162563878,733.8239987231502
220.314597527159,741.8594308771067
222.43890162563878,733.9672140339189
206.77962660636643,792.3823731146799
222.43890162563878,734.0089538636735
206.77962660636643,792.4360363960641
206.77962660636643,792.4437281283551
220.314597527159,741.999270665155
222.43890162563878,734.1069729350131
206.77962660636643,792.5419543073087
222.43890162563878,734.1645972815716
220.314597527159,742.1140914923634
206.77962660636643,792.5906728284199
222.43890162563878,734.2114314803443
220.2525567873126,742.4135924125567
220.2525567873126,742.5116114838966
220.2525567873126,742.591361261786
220.2525567873126,742.5997458640104
191.5013295698414,849.8171504673347
220.314597527159,742.3801418970911
206.77962660636643,792.8903465787071
220.314597527159,742.4305044566141
206.77962660636643,792.9786428296125
222.43890162563878,734.613746441601
206.77962660636643,793.0093455596518
222.43890162563878,734.6294752060829
220.2525567873126,742.7887445094386
220.2525567873126,742.830057770534
206.77962660636643,793.1226820825948
222.43890162563878,734.7537532670339
222.43890162563878,734.7615116305274
206.77962660636643,793.1955055876608
206.77962660636643,793.255965184366
222.43890162563878,734.8793401107487
220.2525567873126,743.038278133974
206.77962660636643,793.3257852802265
220.2525567873126,743.12504034822
222.43890162563878,734.9767582542576
206.77962660636643,793.3905207968658
191.7519584593731,849.435584313803
206.77962660636643,793.4468323798037
206.77962660636643,793.486772035569
220.2525567873126,743.2787466051061
220.314597527159,743.0642791759393
222.43890162563878,735.1764196622564
220.2525567873126,743.3547278358068
220.2525567873126,743.3875776812571
220.2525567873126,743.3909383269463
220.2525567873126,743.4134302308557
222.43890162563878,735.281834967384
222.43890162563878,735.2895933308774
222.43890162563878,735.2953525486807
222.43890162563878,735.3297517682248
222.43890162563878,735.3603686389889
220.314597527159,743.3014306516161
220.2525567873126,743.5706150111891
220.2525567873126,743.5737291827918
222.43890162563878,735.4277708395646
222.43890162563878,735.4351114497749
220.2525567873126,743.61492446227
206.77962660636643,793.880021621005
206.77962660636643,793.8849252503417
222.43890162563878,735.5160120568871
222.43890162563878,735.5213609695759
222.43890162563878,735.5630410459332
220.2525567873126,743.7281794468772
220.2525567873126,743.7624742305507
220.2525567873126,743.8005668901235
206.77962660636643,794.089844463886
222.43890162563878,735.7028425615879
222.43890162563878,735.7315336388151
206.77962660636643,794.1307087245907
220.2525567873126,743.9103471933438
206.77962660636643,794.170551608586
220.2525567873126,743.938172116442
220.2525567873126,743.9416265807432
222.43890162563878,735.793847897136
220.2525567873126,743.9769969158999
222.43890162563878,735.8446171758121
222.43890162563878,735.8592126077453
222.43890162563878,735.8702268135306
220.2525567873126,744.0574568082366
222.43890162563878,735.906136897122
222.43890162563878,735.9289168864677
222.43890162563878,735.9478767268765
220.2525567873126,744.1033315437592
222.43890162563878,735.9561635189314
222.43890162563878,735.9639218824248
222.43890162563878,735.982172352785
222.43890162563878,735.9842876212622
222.43890162563878,736.0277643061802
222.43890162563878,736.0458957982162
220.2525567873126,744.2007048586213
222.43890162563878,736.0540831066534
220.2525567873126,744.2279380168759
222.43890162563878,736.0818917817957
220.314597527159,744.0139430230491
222.43890162563878,736.093210464249
220.2525567873126,744.2492557246956
222.43890162563878,736.1035201447746
222.43890162563878,736.1105048419986
222.43890162563878,736.1378157706832
220.2525567873126,744.2912277915683
222.43890162563878,736.146817477233
222.43890162563878,736.1663782074958
220.2525567873126,744.3224978126793
222.43890162563878,736.1879794127253
222.43890162563878,736.2150944724649
220.2525567873126,744.3728603722024
206.77962660636643,794.6514767549027
220.2525567873126,744.4631463020921
222.43890162563878,736.396920325453
222.43890162563878,736.4095833827093
222.43890162563878,736.4269496694067
220.2525567873126,744.6030901137578
220.2525567873126,744.6200661381704
220.2525567873126,744.6493936931931
220.2525567873126,744.6565519707744
206.77962660636643,794.9154691959053
220.2525567873126,744.6757139746271
220.2525567873126,744.6998159160598
222.43890162563878,736.561725508962
206.77962660636643,794.9659772035031
220.2525567873126,744.7329833501401
220.314597527159,744.5174887712237
222.43890162563878,736.6192957441981
220.2525567873126,744.8061510933869
220.2525567873126,744.8362286550173
222.43890162563878,736.6926761302369
222.43890162563878,736.7004344937304
222.43890162563878,736.7034587961396
222.43890162563878,736.7284116582006
206.77962660636643,795.122955769073
206.77962660636643,795.1240267937492
220.2525567873126,744.8908124981187
220.314597527159,744.6704559644519
220.2525567873126,744.9290047061031
222.43890162563878,736.7848333935459
206.77962660636643,795.1967840547059
206.77962660636643,795.2120240238671
222.43890162563878,736.818166900782
220.2525567873126,745.0651081114979
222.43890162563878,736.9203215541879
222.43890162563878,736.9407392671525
206.77962660636643,795.3367157712343
220.2525567873126,745.1331213186379
222.43890162563878,736.980222861087
222.43890162563878,736.9930214549619
222.43890162563878,737.0007798184553
206.77962660636643,795.4069406169913
206.77962660636643,795.4428308750698
220.2525567873126,745.2037857602702
222.43890162563878,737.0533906043338
220.2525567873126,745.2437865672043
206.77962660636643,795.4987717315393
222.43890162563878,737.1153425254595
222.43890162563878,737.1547446763734
222.43890162563878,737.1654150803636
206.77962660636643,795.5719394747861
222.43890162563878,737.1983653282924
222.43890162563878,737.2299230225177
206.77962660636643,795.633542455884
206.77962660636643,795.637747468194
222.43890162563878,737.2480615114579
206.77962660636643,795.6543567220269
220.2525567873126,745.4311773881723
222.43890162563878,737.2836938126856
222.43890162563878,737.2969142958369
220.2525567873126,745.4648041467177
222.43890162563878,737.3263098325967
206.77962660636643,795.799856483023
220.2525567873126,745.5631909723452
222.43890162563878,737.429062275873
222.43890162563878,737.4393372305836
222.43890162563878,737.4649242695062
222.43890162563878,737.4785163109545
222.43890162563878,737.4945167222576
222.43890162563878,737.4987773048775
206.77962660636643,795.9493392997128
222.43890162563878,737.5696527081025
206.77962660636643,796.0005308926777
222.43890162563878,737.6485008680082
206.77962660636643,796.0459033033869
222.43890162563878,737.6915037193439
222.43890162563878,737.7248718597169
206.77962660636643,796.1237419735642
222.43890162563878,737.7377218974711
222.43890162563878,737.7523880106854
222.43890162563878,737.7544648480622
222.43890162563878,737.7616507782736
222.43890162563878,737.7652695942312
222.43890162563878,737.7835400390152
220.2525567873126,745.9413276184553
222.43890162563878,737.7967243478037
222.43890162563878,737.8011343722081
222.43890162563878,737.8041442859064
222.43890162563878,737.8091496767337
206.77962660636643,796.2143986171586
222.43890162563878,737.8216913295764
220.2525567873126,745.982993732703
222.43890162563878,737.8314475310095
206.77962660636643,796.2408198965111
220.2525567873126,746.041814030697
206.77962660636643,796.3196832426604
222.43890162563878,737.9281733333115
220.2525567873126,746.0926138828158
220.2525567873126,746.0961422682271
220.2525567873126,746.1215638085864
222.43890162563878,737.9713276061105
222.43890162563878,737.9863265914847
222.43890162563878,737.9988085527269
222.43890162563878,738.032133327452
222.43890162563878,738.038623691624
206.77962660636643,796.4452054683616
222.43890162563878,738.0864862111875
222.43890162563878,738.102895555101
222.43890162563878,738.1053010706988
206.77962660636643,796.5306224710533
222.43890162563878,738.14077685557
222.43890162563878,738.149323348008
222.43890162563878,738.1536502112887
222.43890162563878,738.1544519706252
220.2525567873126,746.3120422880903
222.43890162563878,738.1885671294023
206.77962660636643,796.617107478123
206.77962660636643,796.6248658416164
222.43890162563878,738.2378502216582
220.2525567873126,746.3932466262597
206.77962660636643,796.7071159998545
220.314597527159,746.2456066495838
222.43890162563878,738.3485062459124
220.2525567873126,746.5161916481504
222.43890162563878,738.370512969337
222.43890162563878,738.382679158923
222.43890162563878,738.3923004857435
220.2525567873126,746.549236632821
222.43890162563878,738.4349497062523
222.43890162563878,738.486443510095
222.43890162563878,738.4882408796897
222.43890162563878,738.4933823934433
220.314597527159,746.4217877403971
220.2525567873126,746.6799831559563
222.43890162563878,738.5479439036417
222.43890162563878,738.5642313797371
220.314597527159,746.5441740798557
206.77962660636643,797.0250038101142
206.77962660636643,797.0482778966787
220.2525567873126,746.8157626903842
220.2525567873126,746.8884561998809
222.43890162563878,738.739941973813
220.2525567873126,746.9146057476607
222.43890162563878,738.8109732169754
222.43890162563878,738.826672823208
222.43890162563878,738.8498577379813
222.43890162563878,738.9666166348737
222.43890162563878,738.9781924284831
222.43890162563878,738.9877480477377
206.77962660636643,797.3893556173923
222.43890162563878,739.0236148377189
222.43890162563878,739.0379547331067
222.43890162563878,739.0530103744787
222.43890162563878,739.0633424371756
206.77962660636643,797.4625018422479
220.2525567873126,747.2259983251201
222.43890162563878,739.0762114998229
222.43890162563878,739.2031013382698
222.43890162563878,739.2324288932928
222.43890162563878,739.2404775957673
222.43890162563878,739.2698731325271
220.2525567873126,747.4396282479929
206.77962660636643,797.7588150068849
222.43890162563878,739.3770690022354
222.43890162563878,739.4422885573942
222.43890162563878,739.4810221817296
206.77962660636643,797.8798621064622
220.2525567873126,747.6502084243746
220.2525567873126,747.6588602700879
222.43890162563878,739.518055251537
220.314597527159,747.4594775581081
222.43890162563878,739.5810493700817
222.43890162563878,739.630426582547
220.2525567873126,747.7940629888104
222.43890162563878,739.6450421366206
222.43890162563878,739.6566249046255
220.2525567873126,747.8239411675675
222.43890162563878,739.7666485399739
222.43890162563878,739.8428070886641
222.43890162563878,739.8498816702905
222.43890162563878,739.8635351327232
222.43890162563878,739.8702080976058
222.43890162563878,739.911091835437
206.77962660636643,798.3053542673936
220.2525567873126,748.2010685370897
206.77962660636643,798.5207225987269
220.2525567873126,748.2962356708796
222.43890162563878,740.1708271561201
220.2525567873126,748.3363536401873
222.43890162563878,740.2163055623308
222.43890162563878,740.2400311678448
220.2525567873126,748.4221185990012
222.43890162563878,740.3084755672091
206.77962660636643,798.7255621323968
222.43890162563878,740.3394761930073
222.43890162563878,740.3763678788197
222.43890162563878,740.4544114393897
222.43890162563878,740.4834668363504
220.314597527159,748.4469727497076
222.43890162563878,740.5661761684689
220.314597527159,748.5010832521425
220.2525567873126,748.7660119649859
222.43890162563878,740.6883063700203
222.43890162563878,740.7059350695631
222.43890162563878,740.7581742386402
222.43890162563878,740.8138557406219
220.314597527159,748.8026418901899
220.314597527159,748.832306308875
191.5013295698414,856.308607795064
220.2525567873126,749.0998292034162
222.43890162563878,740.9663552167873
222.43890162563878,740.9828041187565
220.2525567873126,749.1834404919111
206.77962660636643,799.4884727806312
220.2525567873126,749.3188110737342
222.43890162563878,741.2314367568666
222.43890162563878,741.2625066107524
222.43890162563878,741.3527154015839
222.43890162563878,741.3833254465075
220.2525567873126,749.5450414386636
220.314597527159,749.3170608793904
222.43890162563878,741.4008286709436
220.2525567873126,749.5585925887929
220.2525567873126,749.6228164296163
220.314597527159,749.3984004213112
222.43890162563878,741.505711785966
222.43890162563878,741.6001882045558
222.43890162563878,741.634767251743
220.2525567873126,749.8249402756285
220.2525567873126,749.9046900535179
206.77962660636643,800.1473100249234
222.43890162563878,741.7616737255253
220.2525567873126,749.9207728831398
222.43890162563878,741.7892175158283
222.43890162563878,741.8489866186341
222.43890162563878,741.8901193639863
222.43890162563878,741.9228349460049
222.43890162563878,742.019662054787
220.314597527159,749.9436698095591
222.43890162563878,742.0371938379717
222.43890162563878,742.0800312041589
206.77962660636643,800.5985800746112
222.43890162563878,742.2056864308536
222.43890162563878,742.233243624474
220.2525567873126,750.4188557439873
222.43890162563878,742.3152907420227
222.43890162563878,742.3333653997838
222.43890162563878,742.3802422900155
222.43890162563878,742.4030696785062
222.43890162563878,742.4210152642186
222.43890162563878,742.4223896995535
222.43890162563878,742.4584404133007
222.43890162563878,742.4691889480806
220.2525567873126,750.7103108959884
220.2525567873126,750.7252083534478
220.2525567873126,750.751377441094
222.43890162563878,742.7653403420458
222.43890162563878,742.7696009246657
222.43890162563878,742.8103119437229
220.2525567873126,751.0854629928704
222.43890162563878,742.9764385990396
222.43890162563878,743.0085455172593
222.43890162563878,743.016365507293
220.2525567873126,751.2535501231631
222.43890162563878,743.2015769915728
220.314597527159,751.1911166242119
222.43890162563878,743.3573098309757
220.2525567873126,751.5373711098212
222.43890162563878,743.4076723904988
222.43890162563878,743.414892059191
220.2525567873126,751.5785038551735
220.2525567873126,751.671427462026
220.2525567873126,751.7581805394161
220.2525567873126,751.862655340755
222.43890162563878,743.7641795963003
222.43890162563878,743.7654865723139
220.2525567873126,751.9216281156612
220.314597527159,751.6926113601853
220.2525567873126,751.9860599443932
220.2525567873126,752.0474149580684
206.77962660636643,802.2994978679765
220.2525567873126,752.0784302615864
220.314597527159,751.8598531550512
220.2525567873126,752.1194798851191
220.2525567873126,752.125737644669
222.43890162563878,744.0498059545446
222.43890162563878,744.102852099648
220.2525567873126,752.2952930196348
222.43890162563878,744.1617267190384
222.43890162563878,744.2358035703121
220.314597527159,752.1833653332113
222.43890162563878,744.2708771398421
206.77962660636643,802.6698002542757
222.43890162563878,744.2785985855007
220.2525567873126,752.4697875698378
220.2525567873126,752.5023558909471
222.43890162563878,744.4037096020605
222.43890162563878,744.4398151238611
220.2525567873126,752.6159799586453
220.2525567873126,752.6356389927184
222.43890162563878,744.6667484088639
220.2525567873126,752.8632795028543
222.43890162563878,744.711784147458
220.314597527159,752.6507935909145
222.43890162563878,744.749234806926
220.2525567873126,752.9294721099399
222.43890162563878,744.7835304328346
206.77962660636643,803.2113778175435
220.2525567873126,753.0505192095171
220.2525567873126,753.0779784231934
220.2525567873126,753.0904588652822
220.2525567873126,753.1203163163036
206.77962660636643,803.376387370369
220.2525567873126,753.1882374423358
206.77962660636643,803.4421846687462
206.77962660636643,803.450143121843
220.314597527159,753.0320640590762
220.2525567873126,753.2819522340862
222.43890162563878,745.2140947658514
220.2525567873126,753.405942674548
222.43890162563878,745.2666717676699
220.314597527159,753.222566232951
222.43890162563878,745.3410769604112
222.43890162563878,745.4637914763459
222.43890162563878,745.4743067608492
220.314597527159,753.3972981713363
222.43890162563878,745.4766730598917
222.43890162563878,745.5081278134642
206.77962660636643,803.9304362698549
220.2525567873126,753.7660932763101
206.77962660636643,804.0452570970633
222.43890162563878,745.7666474624411
222.43890162563878,745.8035236585006
222.43890162563878,745.8999705950628
206.77962660636643,804.3113075017911
222.43890162563878,745.9222908803393
222.43890162563878,745.9418940212298
206.77962660636643,804.361670061314
206.77962660636643,804.418519465515
222.43890162563878,746.0850518927351
222.43890162563878,746.1211144820327
222.43890162563878,746.1624671974766
220.2525567873126,754.3456510118556
222.43890162563878,746.1996443453502
220.2525567873126,754.3624511383205
222.43890162563878,746.3169598807026
220.2525567873126,754.4699581240092
222.43890162563878,746.3178943451389
222.43890162563878,746.3573779390734
222.43890162563878,746.3673067311465
222.43890162563878,746.3779348964417
220.314597527159,754.307952094925
220.2525567873126,754.5808121544867
220.2525567873126,754.5916978322196
222.43890162563878,746.4498589480577
206.77962660636643,804.8759268095257
220.314597527159,754.4154227891722
222.43890162563878,746.5132426033271
222.43890162563878,746.54257015835
220.2525567873126,754.7277136234625
222.43890162563878,746.5803357886099
220.2525567873126,754.7866144253437
220.2525567873126,754.8004708844192
220.2525567873126,754.851259642706
222.43890162563878,746.7202796002756
220.2525567873126,754.8912046993381
206.77962660636643,805.149089180715
220.314597527159,754.6895541575108
222.43890162563878,746.7874475927808
222.43890162563878,746.8001666327765
222.43890162563878,746.8170054025776
222.43890162563878,746.836795749024
206.77962660636643,805.2325962563161
220.2525567873126,755.0465177047831
220.2525567873126,755.0532606596431
206.77962660636643,805.3059964632331
220.2525567873126,755.1264284028899
206.77962660636643,805.3730511428589
220.2525567873126,755.146242220392
222.43890162563878,747.0416352826938
206.77962660636643,805.4362114366581
206.77962660636643,805.4428394687105
220.314597527159,754.9703104093842
206.77962660636643,805.480825341621
220.2525567873126,755.2414342979073
206.77962660636643,805.5585977761168
220.2525567873126,755.3206448942431
222.43890162563878,747.193658565793
222.43890162563878,747.2323270306787
220.314597527159,755.1779454025635
220.2525567873126,755.5940724255111
222.43890162563878,747.612331297025
222.43890162563878,747.6147017077653
220.2525567873126,755.8140103988021
220.2525567873126,755.8217687622955
222.43890162563878,747.6801270044259
220.2525567873126,755.8741721707643
222.43890162563878,747.7424465217036
222.43890162563878,747.8736536850545
220.2525567873126,756.0488922980749
220.2525567873126,756.0724631574574
222.43890162563878,747.9267868023727
233.74303785838674,705.8195664600631
220.314597527159,755.9333312449568
206.77962660636643,806.4464184983638
220.2525567873126,756.2219067307933
220.2525567873126,756.2271013276372
222.43890162563878,748.0784932187244
206.77962660636643,806.4739012543691
222.43890162563878,748.1013735797549
222.43890162563878,748.1013900606797
220.314597527159,756.0281126499406
220.2525567873126,756.2616049279584
222.43890162563878,748.1388623680963
222.43890162563878,748.1575936535754
222.43890162563878,748.1598750486289
220.2525567873126,756.3185099778213
206.77962660636643,806.6574112385485
206.77962660636643,806.7018250804863
206.77962660636643,806.7414010760497
220.2525567873126,756.5134265709455
220.2525567873126,756.5862585380712
222.43890162563878,748.519258651813
206.77962660636643,806.9803456686434
222.43890162563878,748.6510668160308
222.43890162563878,748.6554389601658
206.77962660636643,807.0830631619958
222.43890162563878,748.7263704559839
222.43890162563878,748.7590401668718
222.43890162563878,748.7606660818925
222.43890162563878,748.775718612227
222.43890162563878,748.8013748323464
222.43890162563878,748.8224298427629
206.77962660636643,807.2449193264362
220.314597527159,756.7900730295776
206.77962660636643,807.2792149523448
206.77962660636643,807.3291099823598
222.43890162563878,748.9428402225271
220.2525567873126,757.1384888152372
206.77962660636643,807.4169276179532
222.43890162563878,749.0363101921021
222.43890162563878,749.0772349192923
222.43890162563878,749.0866727516249
206.77962660636643,807.4816000353068
222.43890162563878,749.1051376315969
220.2525567873126,757.2595359148145
222.43890162563878,749.1122321366041
206.77962660636643,807.524026575484
222.43890162563878,749.1369536635044
222.43890162563878,749.1447120269978
220.2525567873126,757.3208845711131
222.43890162563878,749.1747409352597
222.43890162563878,749.2283082622731
222.43890162563878,749.2327518810956
222.43890162563878,749.3297675117132
206.77962660636643,807.817065586451
222.43890162563878,749.4519643187589
222.43890162563878,749.4591151134758
222.43890162563878,749.4905182993315
220.2525567873126,757.685028075746
222.43890162563878,749.5536245709684
220.2525567873126,757.717625519406
222.43890162563878,749.6539984564246
222.43890162563878,749.6757297836112
222.43890162563878,749.7106387436493
222.43890162563878,749.7610013031723
220.2525567873126,757.9224650530759
222.43890162563878,749.769555142291
220.314597527159,757.7072132070866
222.43890162563878,749.8125765482575
222.43890162563878,749.8320636741616
222.43890162563878,749.846884754387
222.43890162563878,749.9092018027737
206.77962660636643,808.3314845756515
220.314597527159,757.8690600848049
222.43890162563878,749.957598946627
222.43890162563878,749.965623538119
222.43890162563878,750.0025281722852
222.43890162563878,750.0621875417929
220.314597527159,758.0130949831785
222.43890162563878,750.1616832635854
206.77962660636643,808.5807364122453
222.43890162563878,750.1910108186083
222.43890162563878,750.3666254477437
222.43890162563878,750.4269945971156
206.77962660636643,808.8464714918769
222.43890162563878,750.4625407659979
206.77962660636643,808.9455434675679
222.43890162563878,750.6319274981743
222.43890162563878,750.7346150961341
222.43890162563878,750.7378186878999
222.43890162563878,750.7474966796799
222.43890162563878,750.7773022818345
222.43890162563878,750.7789514332524
222.43890162563878,750.7978592392027
220.2525567873126,759.0381264149825
206.77962660636643,809.2958511522867
220.2525567873126,759.0921596103445
222.43890162563878,750.9624945011111
220.314597527159,758.9363905228099
222.43890162563878,751.0161577824954
222.43890162563878,751.0238495147864
222.43890162563878,751.0524763054559
222.43890162563878,751.0726212467036
222.43890162563878,751.12207569374
222.43890162563878,751.170794214851
206.77962660636643,809.5821189073735
220.2525567873126,759.3442129456025
220.314597527159,759.1449481206537
220.314597527159,759.2094401235851
220.314597527159,759.2150090545132
206.77962660636643,809.6893430853032
222.43890162563878,751.3255029316073
222.43890162563878,751.390887181962
220.314597527159,759.3576370981389
206.77962660636643,809.8508716828565
222.43890162563878,751.4704679651384
222.43890162563878,751.5587642160436
222.43890162563878,751.5747939287728
222.43890162563878,751.5894669460829
222.43890162563878,751.6687854342048
206.77962660636643,810.1080158165352
222.43890162563878,751.775626974092
220.314597527159,759.7107524689343
222.43890162563878,751.8060343138337
222.43890162563878,751.8083157088872
206.77962660636643,810.2798354944391
222.43890162563878,751.970642183297
222.43890162563878,751.9822806055026
220.2525567873126,760.153069002715
222.43890162563878,752.0467187071448
206.77962660636643,810.4755574042736
222.43890162563878,752.1419976908282
222.43890162563878,752.3251589721285
206.77962660636643,810.7634719135749
222.43890162563878,752.4498154926047
222.43890162563878,752.4601430074362
222.43890162563878,752.465046636773
222.43890162563878,752.710830111022
222.43890162563878,752.7506729950172
206.77962660636643,811.165458717177
222.43890162563878,752.7920471371774
220.314597527159,760.7703272706855
222.43890162563878,752.9026671347087
206.77962660636643,811.3295660260112
222.43890162563878,753.0544885806484
220.314597527159,761.0291415733216
222.43890162563878,753.1075557737341
220.314597527159,761.0503875584495
222.43890162563878,753.1857102265097
222.43890162563878,753.1944323923141
220.314597527159,761.1184191709145
206.77962660636643,811.6652172871757
222.43890162563878,753.2911581946161
233.74303785838674,711.3778704219678
222.43890162563878,753.6136351606266
222.43890162563878,753.6532974868903
220.2525567873126,761.9031846976898
220.2525567873126,762.0494740626281
233.74303785838674,711.7530225188498
220.314597527159,761.8456363325424
206.77962660636643,812.3185960610354
233.74303785838674,711.880043104037
222.43890162563878,754.0809205540313
222.43890162563878,754.1635942633295
222.43890162563878,754.2136638423153
222.43890162563878,754.2640818353316
222.43890162563878,754.3830557563923
222.43890162563878,754.4009395944112
220.314597527159,762.3262755942983
233.74303785838674,712.2551952009189
220.2525567873126,762.5732902910479
220.314597527159,762.3466117067461
220.2525567873126,762.591051625896
220.314597527159,762.4676588063234
222.43890162563878,754.5680055424907
222.43890162563878,754.6109351613694
222.43890162563878,754.6722901750446
220.314597527159,762.7527886118012
191.5013295698414,870.243036514066
220.2525567873126,763.0458714984595
220.314597527159,762.889348868224
220.2525567873126,763.127339190534
222.43890162563878,754.9934114438514
206.77962660636643,813.4611629680836
206.77962660636643,813.6237769648853
222.43890162563878,755.2331929589103
220.2525567873126,763.5082104224703
220.314597527159,763.3172738023409
220.2525567873126,763.5585729819932
233.74303785838674,713.3009086529938
222.43890162563878,755.4738170155329
222.43890162563878,755.5792904236354
222.43890162563878,755.7024610543116
206.77962660636643,814.1145309379112
220.2525567873126,763.9730083936189
222.43890162563878,755.850529992338
220.314597527159,763.7845591957455
233.74303785838674,713.7495974875658
206.77962660636643,814.3086998106953
222.43890162563878,755.9699893072243
220.314597527159,763.9516547443299
220.2525567873126,764.3178637714977
220.2525567873126,764.4294991769953
220.2525567873126,764.4304157376296
222.43890162563878,756.294728526654
233.74303785838674,714.2333251130104
206.77962660636643,814.8464280364237
220.2525567873126,764.7527760104284
233.74303785838674,714.4478477983597
220.2525567873126,764.860485391337
220.2525567873126,764.8604991499733
206.77962660636643,815.1537318376509
220.2525567873126,765.0257676945776
206.77962660636643,815.3284637760362
222.43890162563878,756.9699507802139
206.77962660636643,815.4999235346799
222.43890162563878,757.2119714799384
222.43890162563878,757.2531042252908
220.314597527159,765.177455657247
233.74303785838674,715.2280484878747
222.43890162563878,757.4212873753852
222.43890162563878,757.4291965124339
222.43890162563878,757.5266290974944
222.43890162563878,757.5547941284055
222.43890162563878,757.5747504733198
222.43890162563878,757.5962284857785
206.77962660636643,816.0102477044459
222.43890162563878,757.6206052684342
222.43890162563878,757.7112619120288
222.43890162563878,757.8587789027597
222.43890162563878,757.9420687632315
222.43890162563878,758.0062718813556
220.2525567873126,766.2119001666524
220.314597527159,765.9983671683682
206.77962660636643,816.4925240578923
206.77962660636643,816.6207197622107
222.43890162563878,758.237782134606
222.43890162563878,758.4565338462979
222.43890162563878,758.5218671049843
222.43890162563878,758.5451411915486
220.2525567873126,766.79940825454
222.43890162563878,758.6482428344366
206.77962660636643,817.0636900620009
220.2525567873126,766.8337038804486
206.77962660636643,817.1232654343526
222.43890162563878,758.7385701413418
220.2525567873126,766.9486757155935
220.2525567873126,767.0118360093927
220.2525567873126,767.0184640414451
222.43890162563878,758.8833897752965
222.43890162563878,758.9241211066785
222.43890162563878,758.9342957994746
220.2525567873126,767.1342223488514
220.314597527159,767.1328351541481
222.43890162563878,759.2216712658677
220.314597527159,767.1836077324748
222.43890162563878,759.2814946702875
220.314597527159,767.304654832052
222.43890162563878,759.4983574283359
206.77962660636643,817.9351106153088
206.77962660636643,818.1475901662882
220.2525567873126,768.0220430710983
206.77962660636643,818.2863259328662
220.2525567873126,768.0495258271039
222.43890162563878,759.9367738033345
206.77962660636643,818.3548559077763
220.2525567873126,768.1352253403492
222.43890162563878,760.017585893597
222.43890162563878,760.0438727608654
220.2525567873126,768.2774496532209
220.2525567873126,768.3170256487842
222.43890162563878,760.2224254272669
220.314597527159,768.1601724880122
206.77962660636643,818.7251761651953
220.2525567873126,768.5000323956717
220.2525567873126,768.555970241378
233.74303785838674,718.3115210566198
220.2525567873126,768.6586877347304
206.77962660636643,818.9353398754362
220.2525567873126,768.8503400803905
220.2525567873126,768.9047345550944
222.43890162563878,760.7576853144557
206.77962660636643,819.1825574299617
220.2525567873126,768.9617927157258
220.2525567873126,768.9925521906878
233.74303785838674,718.6866731535017
206.77962660636643,819.2391026746867
220.2525567873126,769.0572246080413
220.2525567873126,769.0996511482185
222.43890162563878,760.9966299070494
220.2525567873126,769.2438320134071
206.77962660636643,819.4941774624345
220.2525567873126,769.3926901591856
222.43890162563878,761.3453942207658
220.2525567873126,769.662504744639
222.43890162563878,761.5905094234898
222.43890162563878,761.5964976375351
206.77962660636643,820.0435652695826
206.77962660636643,820.0933425806774
220.2525567873126,769.8835223241524
220.2525567873126,769.9071091483861
222.43890162563878,761.7914992039747
222.43890162563878,761.9565087568001
222.43890162563878,762.0223060551774
206.77962660636643,820.5609596402054
206.77962660636643,820.5814358969047
220.2525567873126,770.4220960646114
222.43890162563878,762.3707178682378
206.77962660636643,820.8194713679062
220.314597527159,770.3649352061193
206.77962660636643,820.8472437301743
206.77962660636643,820.8600600288034
222.43890162563878,762.5105576562862
220.314597527159,770.4859823056966
222.43890162563878,762.6253784834945
206.77962660636643,821.1390560327523
206.77962660636643,821.1439273539468
206.77962660636643,821.1785396266869
222.43890162563878,762.8009932117262
222.43890162563878,762.8087515752196
206.77962660636643,821.212177273365
222.43890162563878,762.8854195025848
222.43890162563878,762.8914288882224
222.43890162563878,762.8980190974356
222.43890162563878,762.9417914477452
206.77962660636643,821.3547416543123
206.77962660636643,821.3582480270139
206.77962660636643,821.3637318459635
206.77962660636643,821.418636486149
206.77962660636643,821.422432012295
206.77962660636643,821.4527607256522
206.77962660636643,821.4653131621092
206.77962660636643,821.4820825025845
206.77962660636643,821.565359831185
220.2525567873126,771.426496255591
222.43890162563878,763.316635213537
206.77962660636643,821.7565235249025
220.314597527159,771.3001362792494
206.77962660636643,821.8113423916078
206.77962660636643,821.903772564485
233.74303785838674,721.3673034369415
206.77962660636643,821.9539067725551
222.43890162563878,763.5732413509955
222.43890162563878,763.5755661670705
206.77962660636643,822.0215971305378
222.43890162563878,763.6296630863408
206.77962660636643,822.1505619586677
220.2525567873126,771.9222828907486
206.77962660636643,822.1900455526023
222.43890162563878,763.8127176427473
220.2525567873126,772.0511819770081
206.77962660636643,822.3752377718789
206.77962660636643,822.3926139461695
206.77962660636643,822.4283339976819
206.77962660636643,822.4437677467887
206.77962660636643,822.4739091941204
206.77962660636643,822.4881040839069
206.77962660636643,822.5133927880551
222.43890162563878,764.1854147040673
220.2525567873126,772.3390964863095
206.77962660636643,822.6985850073316
220.314597527159,772.2776512475461
206.77962660636643,822.8140880042077
206.77962660636643,822.853035271417
206.77962660636643,822.8799468655055
206.77962660636643,822.884638038107
206.77962660636643,822.9123141831614
222.43890162563878,764.5252300141804
206.77962660636643,822.96572915324
206.77962660636643,822.9703665358626
220.2525567873126,772.7410832899116
206.77962660636643,823.0052127471746
206.77962660636643,823.0147028729808
206.77962660636643,823.0495847756144
220.314597527159,772.6016577391498
222.43890162563878,764.6813542458744
206.77962660636643,823.0783804904214
220.2525567873126,772.8408367764359
220.2525567873126,772.9051905987458
206.77962660636643,823.1693862083132
206.77962660636643,823.1796206157929
206.77962660636643,823.1904049664512
233.74303785838674,722.6759670435019
233.74303785838674,722.6852432998494
222.43890162563878,764.8509720935193
206.77962660636643,823.3100987180175
233.74303785838674,722.7739861148416
206.77962660636643,823.3490027054651
206.77962660636643,823.3655369523849
235.97388001876976,714.5106822770892
206.77962660636643,823.3797054355042
233.74303785838674,722.8537358927312
206.77962660636643,823.4065456545796
222.43890162563878,765.0287757623548
206.77962660636643,823.4522003896598
220.2525567873126,773.2408418599102
222.43890162563878,765.181742955583
233.74303785838674,723.0511191403839
206.77962660636643,823.6276895415496
233.74303785838674,723.1064898751783
233.74303785838674,723.1400631724131
206.77962660636643,823.7062194048668
206.77962660636643,823.7608806727181
206.77962660636643,823.7773778967729
206.77962660636643,823.8217142338912
206.77962660636643,823.8244694046556
206.77962660636643,823.8551471576965
206.77962660636643,823.8639529985902
220.2525567873126,773.6883736190478
206.77962660636643,824.0195534556904
206.77962660636643,824.0198176628438
206.77962660636643,824.028571203819
206.77962660636643,824.0491452178668
222.43890162563878,765.6707467154357
206.77962660636643,824.0869108481266
233.74303785838674,723.561309747742
206.77962660636643,824.1275822400727
206.77962660636643,824.2135570154898
206.77962660636643,824.2268546597924
206.77962660636643,824.2552851261943
206.77962660636643,824.277777311446
206.77962660636643,824.2940226522977
206.77962660636643,824.3235804620944
222.43890162563878,766.0544409868368
206.77962660636643,824.5010686004433
206.77962660636643,824.5132307657772
235.97388001876976,715.7221391541767
233.74303785838674,724.0629415210686
206.77962660636643,824.6146163492932
220.314597527159,774.1699156072347
233.74303785838674,724.4120554454513
220.314597527159,774.5546107352335
206.77962660636643,825.0418740139529
233.74303785838674,724.5116303556406
220.2525567873126,774.8795973430322
206.77962660636643,825.121276767282
222.43890162563878,766.756893640715
206.77962660636643,825.1666698552366
206.77962660636643,825.1700940472872
235.97388001876976,716.3213042724196
206.77962660636643,825.2484394070409
222.43890162563878,766.9330747315282
233.74303785838674,724.8333020207803
206.77962660636643,825.4020588883228
220.314597527159,774.9384635148983
233.74303785838674,724.8838530321898
220.2525567873126,775.1994015376199
222.43890162563878,767.0554610709868
233.74303785838674,724.9189266017198
206.77962660636643,825.470432654487
233.74303785838674,724.9953579810852
233.74303785838674,725.0685257243322
222.43890162563878,767.2240068273287
206.77962660636643,825.645437427613
233.74303785838674,725.0986032859624
206.77962660636643,825.7133781943088
206.77962660636643,825.7157248004455
206.77962660636643,825.8677969747517
233.74303785838674,725.3221105251658
233.74303785838674,725.3325418667617
206.77962660636643,825.9228164929699
220.2525567873126,775.690155510646
222.43890162563878,767.5589448198166
233.74303785838674,725.4661603912153
233.74303785838674,725.4869921308472
222.43890162563878,767.7883881931501
222.43890162563878,767.8276338115513
206.77962660636643,826.2353678057802
206.77962660636643,826.3190785283132
233.74303785838674,725.8162694922064
222.43890162563878,767.9707645492393
233.74303785838674,725.8621442277291
206.77962660636643,826.4494152820438
206.77962660636643,826.4661746569832
206.77962660636643,826.583809978809
222.43890162563878,768.2656519960132
220.2525567873126,776.4220526091583
222.43890162563878,768.3432758133621
233.74303785838674,726.2037022494005
206.77962660636643,826.7922896200058
220.2525567873126,776.6181789901048
233.74303785838674,726.3549885137611
233.74303785838674,726.3585168991724
222.43890162563878,768.5509108065413
220.2525567873126,776.7293564103854
206.77962660636643,827.0692470853003
206.77962660636643,827.1046034862911
206.77962660636643,827.1384966146271
220.314597527159,776.6674642684927
220.2525567873126,776.9040883487708
206.77962660636643,827.2008809293347
222.43890162563878,768.8143634663393
206.77962660636643,827.2564266429541
206.77962660636643,827.2653300234106
222.43890162563878,768.9442506665222
206.77962660636643,827.3432791704057
222.43890162563878,768.9582597408388
222.43890162563878,769.0123702432737
222.43890162563878,769.2708964362804
222.43890162563878,769.313928881321
220.2525567873126,777.4895995434126
222.43890162563878,769.3435933000061
220.314597527159,777.2666293867355
220.2525567873126,777.5858722771804
222.43890162563878,769.4978676830196
206.77962660636643,827.9138354074196
206.77962660636643,827.9691158255147
206.77962660636643,828.2013613282211
222.43890162563878,769.8283478705215
222.43890162563878,769.9096874124424
220.2525567873126,778.0681486306269
206.77962660636643,828.3352079105395
222.43890162563878,769.9521778656626
233.74303785838674,727.8006267146667
233.74303785838674,727.8803764925563
220.2525567873126,778.1963443349453
206.77962660636643,828.4503432011226
233.74303785838674,727.921234901033
206.77962660636643,828.5590513649726
206.77962660636643,828.6165454443602
206.77962660636643,828.6187898551464
220.2525567873126,778.5390267051495
222.43890162563878,770.4549568006903
220.2525567873126,778.6187764830389
222.43890162563878,770.5261939664499
220.2525567873126,778.6988900070871
206.77962660636643,828.9781734583303
222.43890162563878,770.6553109012036
206.77962660636643,829.0640007588481
206.77962660636643,829.1147733371747
206.77962660636643,829.1159680179073
206.77962660636643,829.1852852625013
206.77962660636643,829.2179549733892
206.77962660636643,829.2602896388638
220.2525567873126,779.0978642921478
222.43890162563878,770.9467565372972
220.314597527159,778.9745350779946
222.43890162563878,771.0810815866619
206.77962660636643,829.5004060019576
233.74303785838674,728.98481100909
206.77962660636643,829.5640524381142
222.43890162563878,771.2323828955415
222.43890162563878,771.284644816656
222.43890162563878,771.2887165798412
206.77962660636643,829.7059427379016
220.2525567873126,779.4730163890298
222.43890162563878,771.3809727471912
220.2525567873126,779.5515275401892
220.2525567873126,779.5980541976865
220.2525567873126,779.7232147390228
206.77962660636643,830.0125393774857
206.77962660636643,830.0913380927122
222.43890162563878,771.7024036153431
220.2525567873126,779.861950505601
220.2525567873126,779.9304804805108
222.43890162563878,771.9311989370524
220.2525567873126,780.185122726618
206.77962660636643,830.446657497055
220.2525567873126,780.3008007379299
222.43890162563878,772.1859066532061
222.43890162563878,772.2038983513164
233.74303785838674,730.0951663241573
220.2525567873126,780.4145489569073
220.2525567873126,780.4231581976195
233.74303785838674,730.1385677612092
220.2525567873126,780.4509305598876
222.43890162563878,772.3093559267877
220.2525567873126,780.5187298411047
222.43890162563878,772.3711401461824
206.77962660636643,830.885909403633
220.2525567873126,780.6984162820506
206.77962660636643,830.9446372549368
220.2525567873126,780.7379218353664
220.2525567873126,780.7581820026962
220.2525567873126,780.7983102945014
220.2525567873126,780.8158641030783
220.2525567873126,780.83356631464
222.43890162563878,772.6946523243425
222.43890162563878,772.7306025021167
206.77962660636643,831.1754441061396
206.77962660636643,831.1935299026514
206.77962660636643,831.1967334944173
220.2525567873126,780.9584284840256
220.2525567873126,780.9674186756768
206.77962660636643,831.236217088352
206.77962660636643,831.2378662397697
220.2525567873126,781.019802090213
220.2525567873126,781.0261188420083
220.2525567873126,781.0564475553655
220.2525567873126,781.1361973332549
206.77962660636643,831.4214093076286
220.2525567873126,781.1910161999602
206.77962660636643,831.4750725890127
206.77962660636643,831.4827643213038
220.314597527159,781.0435518409499
206.77962660636643,831.5365682336923
222.43890162563878,773.1620805820456
220.314597527159,781.0846113889055
220.2525567873126,781.3335805809076
206.77962660636643,831.5809905002574
220.2525567873126,781.3398836447722
206.77962660636643,831.5919513773941
222.43890162563878,773.2310464327535
206.77962660636643,831.6297090213684
220.2525567873126,781.4012709388901
220.2525567873126,781.4511463011214
220.2525567873126,781.4582614925889
220.2525567873126,781.5302357670201
206.77962660636643,831.7785165344567
220.314597527159,781.3473146402002
206.77962660636643,831.8474242803833
220.2525567873126,781.6656689864706
220.2525567873126,781.6706728925164
206.77962660636643,831.9293827716557
233.74303785838674,731.3816291135862
222.43890162563878,773.5433510502075
222.43890162563878,773.5565780870842
206.77962660636643,832.0176790225611
206.77962660636643,832.0483817526003
222.43890162563878,773.6816254418188
220.2525567873126,781.8379665056194
220.2525567873126,781.8535830024729
222.43890162563878,773.710231589284
220.2525567873126,781.8677778922591
222.43890162563878,773.733853224082
206.77962660636643,832.1983873434074
220.2525567873126,781.9789246015922
206.77962660636643,832.2345417806094
222.43890162563878,773.8864649754887
220.2525567873126,782.047454576502
206.77962660636643,832.2961008108193
222.43890162563878,773.9085851624674
220.2525567873126,782.120029104069
220.2525567873126,782.1237672571103
206.77962660636643,832.4295569898143
206.77962660636643,832.4933699210933
220.2525567873126,782.2919879915136
220.2525567873126,782.3022718370448
220.2525567873126,782.3454029615924
222.43890162563878,774.2124042713532
220.2525567873126,782.3943766813333
206.77962660636643,832.6445226993759
220.2525567873126,782.4150116817549
220.2525567873126,782.417774833921
220.2525567873126,782.448790137439
220.2525567873126,782.4567221011303
220.2525567873126,782.4626522270368
220.2525567873126,782.4629868241702
222.43890162563878,774.4021069772995
220.2525567873126,782.5740533655759
206.77962660636643,832.9190578139535
206.77962660636643,832.9239614432903
206.77962660636643,832.9462872077775
220.2525567873126,782.710036126132
206.77962660636643,832.9538179115374
220.2525567873126,782.7238751364171
220.2525567873126,782.7859994624895
220.2525567873126,782.7940917961645
220.2525567873126,782.8005289494095
220.2525567873126,782.8318741980121
220.314597527159,782.6691716057192
220.2525567873126,782.9137855477308
220.314597527159,782.6896478624185
206.77962660636643,833.1688964629968
206.77962660636643,833.1697449175393
233.74303785838674,732.6303300673803
220.2525567873126,782.9416104708288
206.77962660636643,833.1846247627402
206.77962660636643,833.2095878015346
222.43890162563878,774.8192390860563
220.2525567873126,782.9863398344977
220.2525567873126,783.0577070753191
222.43890162563878,774.9267097803034
220.2525567873126,783.0905382236584
206.77962660636643,833.3430287925977
233.74303785838674,732.810006751623
220.2525567873126,783.15255353994
222.43890162563878,775.0471617000876
220.2525567873126,783.2013880422434
220.2525567873126,783.204143213008
220.314597527159,782.9908823831552
220.2525567873126,783.2247390486639
220.2525567873126,783.2313763712629
235.97388001876976,724.6458228114657
220.2525567873126,783.277819421609
206.77962660636643,833.5690344314946
220.2525567873126,783.3509871648558
222.43890162563878,775.2008411486419
222.43890162563878,775.2186017365202
220.2525567873126,783.3810647264862
220.2525567873126,783.4082450121712
220.2525567873126,783.4483382990458
233.74303785838674,733.1497389337776
220.2525567873126,783.4665846564791
220.2525567873126,783.4789405779412
233.74303785838674,733.1775638568758
220.2525567873126,783.4906761921562
206.77962660636643,833.7876971910573
220.314597527159,783.3203892388785
235.97388001876976,724.9495856107162
220.2525567873126,783.6065284681448
222.43890162563878,775.4612100391371
222.43890162563878,775.4684082754166
220.2525567873126,783.6232402854037
220.2525567873126,783.6235044925571
222.43890162563878,775.4815974005154
220.2525567873126,783.637408367031
220.314597527159,783.4138702309982
220.2525567873126,783.6523121099389
220.2525567873126,783.6528320475801
220.2525567873126,783.6791523290141
220.314597527159,783.4664599925277
206.77962660636643,833.94056667812
220.2525567873126,783.7032542704466
206.77962660636643,833.9517766884602
220.2525567873126,783.7144037812672
233.74303785838674,733.4400965990551
220.2525567873126,783.7486218317391
222.43890162563878,775.6205483050219
233.74303785838674,733.4673297573098
222.43890162563878,775.6892323936946
220.314597527159,783.6735717966988
206.77962660636643,834.1713735293228
206.77962660636643,834.1825835396629
220.2525567873126,784.0039585704164
233.74303785838674,733.7025380425259
220.2525567873126,784.0685464658847
206.77962660636643,834.354534718513
220.2525567873126,784.1365596730246
220.314597527159,783.9160429130674
233.74303785838674,733.8424818541918
220.314597527159,783.9195543571213
233.74303785838674,733.8594578786041
233.74303785838674,733.888785433627
233.74303785838674,733.915105715061
233.74303785838674,733.9392076564936
222.43890162563878,776.174597204508
235.97388001876976,725.7297863002312
206.77962660636643,834.600581538877
235.97388001876976,725.7692698941657
222.43890162563878,776.2623142722018
206.77962660636643,834.6725786488327
206.77962660636643,834.6778819539659
220.2525567873126,784.440007105575
220.2525567873126,784.4861636899242
220.314597527159,784.2587739241812
220.314597527159,784.2982575181159
206.77962660636643,834.7744459576398
206.77962660636643,834.78565596798
206.77962660636643,834.7954981320012
220.2525567873126,784.5666293267321
235.97388001876976,725.9544621134423
222.43890162563878,776.4446182360879
233.74303785838674,734.3044998519317
220.2525567873126,784.625209348349
220.2525567873126,784.6374499542848
220.2525567873126,784.6409783396961
222.43890162563878,776.5241984153331
233.74303785838674,734.3725130590717
222.43890162563878,776.5393996410718
222.43890162563878,776.5554684364442
220.314597527159,784.4834497373924
206.77962660636643,834.9605573709887
220.314597527159,784.500825911683
222.43890162563878,776.605830995967
220.2525567873126,784.7703566849499
220.314597527159,784.5519797123022
220.2525567873126,784.8029283351448
220.314597527159,784.5963160494205
222.43890162563878,776.6902392063188
220.2525567873126,784.8501064628393
220.2525567873126,784.8700861915726
220.2525567873126,784.8762969079152
206.77962660636643,835.1271803279509
235.97388001876976,726.2714425762349
206.77962660636643,835.1619435495919
206.77962660636643,835.1697019130853
206.77962660636643,835.2178369715456
233.74303785838674,734.8025827127792
220.314597527159,784.9222999697213
206.77962660636643,835.4486438227483
220.314597527159,784.9881588310193
220.314597527159,784.9928500036206
220.314597527159,785.0170007647288
220.314597527159,785.0205261486749
220.2525567873126,785.2702137285494
222.43890162563878,777.1399127505993
222.43890162563878,777.1575245997233
206.77962660636643,835.5639924582676
233.74303785838674,735.0489890562889
206.77962660636643,835.6029561321685
233.74303785838674,735.0886617969807
220.314597527159,785.1648486808514
220.2525567873126,785.3966849806465
222.43890162563878,777.3013600207087
220.314597527159,785.2878325813065
206.77962660636643,835.8175643175828
220.2525567873126,785.6150416141327
222.43890162563878,777.4767571909691
220.314597527159,785.4572146709786
206.77962660636643,835.9341916888612
220.314597527159,785.487917401018
206.77962660636643,836.0284421645011
233.74303785838674,735.5038089288525
206.77962660636643,836.0517162510654
233.74303785838674,735.506090323906
220.2525567873126,785.8192010447709
220.2525567873126,785.8534018841808
220.2525567873126,785.9180441020477
220.2525567873126,785.9227653580265
233.74303785838674,735.6326383666935
233.74303785838674,735.641460905729
220.2525567873126,785.9545409793731
220.2525567873126,786.0698614866965
220.314597527159,785.8690926382319
222.43890162563878,777.9564075098201
233.74303785838674,735.881242420788
220.314597527159,785.96335912321
220.2525567873126,786.2036963415568
233.74303785838674,736.055154430818
222.43890162563878,778.2185001982178
233.74303785838674,736.0763850297473
233.74303785838674,736.0841433932407
220.2525567873126,786.4430666023796
233.74303785838674,736.1475901076234
233.74303785838674,736.1539974880947
220.314597527159,786.2357942055862
222.43890162563878,778.3803470759362
233.74303785838674,736.227339885513
233.74303785838674,736.2434227151348
220.2525567873126,786.5805547376872
220.314597527159,786.3634970917078
220.2525567873126,786.6536467787613
233.74303785838674,736.3505105161893
222.43890162563878,778.5243819743096
222.43890162563878,778.5504210612249
220.2525567873126,786.7421834443404
220.2525567873126,786.745718620022
206.77962660636643,836.9979736087482
220.314597527159,786.6092805659569
220.2525567873126,786.8690168531239
206.77962660636643,837.140601652374
220.314597527159,786.7228283148067
233.74303785838674,736.6743795516994
233.74303785838674,736.7415055759823
220.2525567873126,787.0648962944404
233.74303785838674,736.7758012018908
233.74303785838674,736.8053303887531
222.43890162563878,779.0001200455017
233.74303785838674,736.8486331690166
233.74303785838674,736.8896001648084
220.2525567873126,787.2045068914766
233.74303785838674,736.9050549043618
235.97388001876976,728.5951209741365
206.77962660636643,837.5241609531139
233.74303785838674,736.9982800227243
220.2525567873126,787.3418537597347
206.77962660636643,837.7290004867835
222.43890162563878,779.3713325723461
206.77962660636643,837.7832832335059
222.43890162563878,779.4280449796186
222.43890162563878,779.447677513941
233.74303785838674,737.4195265980533
233.74303785838674,737.4404602775236
220.2525567873126,787.8050481579344
222.43890162563878,779.656235111785
220.2525567873126,787.830017009475
220.2525567873126,787.8420046061398
222.43890162563878,779.7207271147163
222.43890162563878,779.7262960456444
222.43890162563878,779.86892408927
222.43890162563878,779.8953303730232
206.77962660636643,838.3524537642732
222.43890162563878,779.9698585488735
233.74303785838674,737.8600209418161
233.74303785838674,737.9011536871685
220.2525567873126,788.2224766848597
222.43890162563878,780.0909056484508
220.314597527159,788.0310284584834
233.74303785838674,737.9692198343292
233.74303785838674,737.994077294021
222.43890162563878,780.18784030133
220.2525567873126,788.3513590838693
220.2525567873126,788.3578472666827
222.43890162563878,780.2220394600654
233.74303785838674,738.0773226617913
233.74303785838674,738.0808303714111
206.77962660636643,838.6657002592419
233.74303785838674,738.2442779476561
220.2525567873126,788.5976287817415
220.2525567873126,788.6078145849739
206.77962660636643,838.8506136715109
233.74303785838674,738.3087097763881
220.2525567873126,788.618489686952
206.77962660636643,838.8758526791763
220.2525567873126,788.6532124365043
222.43890162563878,780.505800558126
233.74303785838674,738.3700647900636
233.74303785838674,738.4010800935814
220.2525567873126,788.718460166888
233.74303785838674,738.442129717114
233.74303785838674,738.448387476664
220.2525567873126,788.7627680666251
222.43890162563878,780.6438822239361
233.74303785838674,738.4928939535582
206.77962660636643,839.0966604918749
220.2525567873126,788.8639764685771
220.2525567873126,788.88007981031
233.74303785838674,738.6179428516298
220.2525567873126,788.9437262464666
220.2525567873126,788.9598090760884
206.77962660636643,839.2915770849991
233.74303785838674,738.7924374018327
206.77962660636643,839.4775583430959
233.74303785838674,738.9386297906402
220.2525567873126,789.3406239005994
206.77962660636643,839.648192021322
222.43890162563878,781.2816142618166
222.43890162563878,781.2882268345247
220.2525567873126,789.4578919369358
220.314597527159,789.2467085801406
233.74303785838674,739.1859293348492
206.77962660636643,839.7975533967174
220.2525567873126,789.6458270208161
222.43890162563878,781.53313789199
222.43890162563878,781.5404285644528
233.74303785838674,739.4006282551884
222.43890162563878,781.5616745495806
233.74303785838674,739.4429661482986
222.43890162563878,781.6297061620456
233.74303785838674,739.5108872743307
220.2525567873126,789.8263313054074
206.77962660636643,840.0990350851666
233.74303785838674,739.583475089022
233.74303785838674,739.6046020660812
206.77962660636643,840.2505940442411
206.77962660636643,840.2690920532959
233.74303785838674,739.7285925065429
206.77962660636643,840.4009884839963
222.43890162563878,782.0287877361943
222.43890162563878,782.1091383456459
220.2525567873126,790.3243110632892
235.97388001876976,731.8690412492979
222.43890162563878,782.3569233236735
220.2525567873126,790.5764073027698
220.314597527159,790.3475208656503
220.2525567873126,790.617540048122
220.2525567873126,790.6363556656662
206.77962660636643,840.9057006826945
220.314597527159,790.443419876053
233.74303785838674,740.3907742650022
220.2525567873126,790.7104636549747
206.77962660636643,840.9646107071505
235.97388001876976,732.0998481005006
220.2525567873126,790.7791309358529
220.314597527159,790.5585551666361
220.2525567873126,790.7972167323647
220.2525567873126,790.8273424433561
220.2525567873126,790.9256431929197
220.314597527159,790.7247574098737
220.2525567873126,790.9606643086097
222.43890162563878,782.8375625854294
222.43890162563878,782.8578986978773
220.2525567873126,791.0250961373417
220.2525567873126,791.0864511510171
220.2525567873126,791.117466454535
222.43890162563878,782.9789457974546
220.2525567873126,791.1585160780676
220.2525567873126,791.1647738376176
206.77962660636643,841.4334662676233
233.74303785838674,740.8929469470713
233.74303785838674,740.9034619864817
235.97388001876976,732.7029205288177
220.2525567873126,791.3343292125834
220.314597527159,791.1364110006105
222.43890162563878,783.2436063314258
233.74303785838674,741.1030256295724
222.43890162563878,783.2640756029323
222.43890162563878,783.3046757720431
220.2525567873126,791.5088237627864
222.43890162563878,783.4006358593551
220.314597527159,791.3672178518134
220.2525567873126,791.6550161515938
220.2525567873126,791.6757746191715
233.74303785838674,741.3940970843524
220.2525567873126,791.7528762715112
206.77962660636643,841.9949791933119
206.77962660636643,842.0053060794162
220.2525567873126,791.841425620055
220.2525567873126,791.9023156958028
222.43890162563878,783.8285607934721
206.77962660636643,842.250414010492
220.314597527159,791.8141547034152
220.2525567873126,792.0478588491972
220.2525567873126,792.0511232088911
220.2525567873126,792.1170146161419
220.2525567873126,792.1593525092522
206.77962660636643,842.4154235633175
220.314597527159,791.9702902801305
220.2525567873126,792.2272736352843
206.77962660636643,842.4812208616949
220.2525567873126,792.3209884270349
220.2525567873126,792.3334917198898
206.77962660636643,842.5999353325536
222.43890162563878,784.2709436652899
206.77962660636643,842.6670117605022
220.2525567873126,792.4449788674965
222.43890162563878,784.2958461868766
206.77962660636643,842.7486767876434
220.2525567873126,792.5399317132767
222.43890162563878,784.4629417354612
220.2525567873126,792.7233853911007
206.77962660636643,842.9694724628035
206.77962660636643,842.9788808703618
220.2525567873126,792.7883115924535
206.77962660636643,843.0617232134296
222.43890162563878,784.6731016832272
206.77962660636643,843.0842932900119
235.97388001876976,734.4200049743198
222.43890162563878,784.9300549220749
206.77962660636643,843.3503436947398
220.2525567873126,793.1235233595985
206.77962660636643,843.4007062542627
222.43890162563878,785.0083282108181
220.2525567873126,793.3202404864725
220.2525567873126,793.3314504968126
206.77962660636643,843.5823159576407
220.2525567873126,793.5514376391922
220.2525567873126,793.6198483474353
206.77962660636643,843.913051001971
220.2525567873126,793.775060359036
220.2525567873126,793.7862703693762
220.2525567873126,793.7974844595559
222.43890162563878,785.6887426483783
220.2525567873126,793.8747848746449
220.314597527159,793.6447801992058
206.77962660636643,844.1350905689344
220.314597527159,793.7001633429077
220.2525567873126,793.9924010526803
206.77962660636643,844.2716324492646
220.2525567873126,794.0603038654917
222.43890162563878,785.9746231431276
220.314597527159,793.9556362458968
206.77962660636643,844.4396497910451
206.77962660636643,844.4848908137639
206.77962660636643,844.5620361305035
220.2525567873126,794.32408324863
222.43890162563878,786.1948799067547
220.2525567873126,794.358846470271
220.2525567873126,794.3666048337644
220.2525567873126,794.521911780512
220.2525567873126,794.597510779898
222.43890162563878,786.5096541594994
235.97388001876976,736.0834425814196
220.2525567873126,794.7998590528476
206.77962660636643,845.0709038700302
222.43890162563878,786.702928747774
233.74303785838674,744.5600366346771
206.77962660636643,845.1465964948499
220.314597527159,794.7119668525323
220.314597527159,794.7527346648897
206.77962660636643,845.2466611519552
220.2525567873126,795.0470526320743
220.2525567873126,795.0523306524616
220.2525567873126,795.0582626424144
220.2525567873126,795.1310946095401
233.74303785838674,744.833464165945
220.2525567873126,795.22534508518
206.77962660636643,845.4699437303026
206.77962660636643,845.4773396087561
222.43890162563878,787.1241753231029
220.2525567873126,795.4212511472961
222.43890162563878,787.2862312834079
206.77962660636643,845.7088883228963
235.97388001876976,736.8602547115289
222.43890162563878,787.3593990266547
206.77962660636643,845.7735586390304
222.43890162563878,787.4109074565271
233.74303785838674,745.2881423255227
233.74303785838674,745.2882840385087
235.97388001876976,737.0673665156999
206.77962660636643,845.9617636894221
233.74303785838674,745.4612984712271
222.43890162563878,787.6441221452793
206.77962660636643,846.0576526366127
206.77962660636643,846.0688626469529
222.43890162563878,787.694894723606
222.43890162563878,787.8159418231833
222.43890162563878,787.8193532981634
222.43890162563878,787.9275761392114
222.43890162563878,788.0358273416191
222.43890162563878,788.1071427945291
206.77962660636643,846.5351435624475
220.2525567873126,796.3243229254998
235.97388001876976,737.8946206306844
220.2525567873126,796.5361819437232
235.97388001876976,737.9337590600766
206.77962660636643,846.8205039408377
222.43890162563878,788.4945755517232
220.314597527159,796.4627466840266
220.2525567873126,796.6950905804779
206.77962660636643,846.9481663694287
220.2525567873126,796.7210638737928
222.43890162563878,788.6714594791433
206.77962660636643,847.0960142855513
222.43890162563878,788.7124289164275
233.74303785838674,746.5602763115469
220.2525567873126,796.9259034074627
220.314597527159,796.7087935043905
235.97388001876976,738.3550056354055
222.43890162563878,788.8890843086007
206.77962660636643,847.3349229300383
220.314597527159,796.9037100975147
220.2525567873126,797.1396170310022
233.74303785838674,746.8929034916182
233.74303785838674,746.9570172598399
220.2525567873126,797.3869700632192
222.43890162563878,789.3117153774679
233.74303785838674,747.1618567935097
206.77962660636643,847.8604374679193
233.74303785838674,747.3244248996541
220.314597527159,797.5229919398776
235.97388001876976,739.2570010000485
220.314597527159,797.7111680976823
235.97388001876976,739.3571538422113
206.77962660636643,848.2531433733781
235.97388001876976,739.4422124843283
220.2525567873126,798.0727555998554
235.97388001876976,739.4865488214465
206.77962660636643,848.3957077543254
206.77962660636643,848.4633981123079
233.74303785838674,748.0567231596402
220.2525567873126,798.4051025996148
235.97388001876976,739.8783916030451
233.74303785838674,748.2015427935949
222.43890162563878,790.4019648677429
220.2525567873126,798.6511494199788
222.43890162563878,790.557608285641
235.97388001876976,740.116623033808
235.97388001876976,740.1780653533325
222.43890162563878,790.6653819125112
220.2525567873126,798.8460660131029
233.74303785838674,748.5398242841661
220.2525567873126,799.0278658296744
222.43890162563878,790.8762221972505
222.43890162563878,790.9370945274997
222.43890162563878,790.9972692968278
206.77962660636643,849.4277511037766
233.74303785838674,748.8959401230429
233.74303785838674,748.9137014578909
222.43890162563878,791.1131962422057
222.43890162563878,791.1884137059869
220.2525567873126,799.4012402264307
222.43890162563878,791.3433353838642
222.43890162563878,791.364625228968
222.43890162563878,791.4063650587225
206.77962660636643,849.8025081065235
233.74303785838674,749.254926821633
222.43890162563878,791.4643824834415
220.2525567873126,799.6302678525935
222.43890162563878,791.4833962836728
206.77962660636643,849.8940013714299
220.2525567873126,799.6535240132705
222.43890162563878,791.5043841300621
233.74303785838674,749.3620257791638
233.74303785838674,749.3685213304545
222.43890162563878,791.5620084766206
222.43890162563878,791.603321737716
233.74303785838674,749.449989022529
222.43890162563878,791.6577989575239
220.2525567873126,799.9280783370077
222.43890162563878,791.8114232703805
220.2525567873126,800.0046753137096
222.43890162563878,791.8983043154019
206.77962660636643,850.3686022189597
233.74303785838674,749.8308602544653
222.43890162563878,792.0310507801396
233.74303785838674,749.8812228139881
222.43890162563878,792.134609305783
222.43890162563878,792.1511644620828
222.43890162563878,792.1589228255764
222.43890162563878,792.1642022941282
233.74303785838674,750.022378422649
222.43890162563878,792.1866941980377
220.2525567873126,800.3442845155027
233.74303785838674,750.0758383327542
222.43890162563878,792.2715192512717
206.77962660636643,850.6686556415624
220.2525567873126,800.4601896107984
222.43890162563878,792.3475004819724
222.43890162563878,792.3788098860339
222.43890162563878,792.3860396264798
206.77962660636643,850.8175606603345
233.74303785838674,750.3147829253478
222.43890162563878,792.5201125397084
222.43890162563878,792.5590607940742
222.43890162563878,792.5633876573547
222.43890162563878,792.5665018289576
222.43890162563878,792.5738308573054
222.43890162563878,792.7209520930428
222.43890162563878,792.7889382386774
233.74303785838674,750.6405136034928
222.43890162563878,792.8150951173943
233.74303785838674,750.6635472390643
222.43890162563878,792.8765955109411
220.2525567873126,801.0531829158305
222.43890162563878,792.9031198395094
233.74303785838674,750.7521490089902
235.97388001876976,742.438328473693
222.43890162563878,792.9234126013521
233.74303785838674,750.802579112164
222.43890162563878,792.9697695620655
222.43890162563878,792.9739688258032
233.74303785838674,750.9217814423475
222.43890162563878,793.1129447302809
222.43890162563878,793.2207106630415
235.97388001876976,742.7631052541897
222.43890162563878,793.2364102692741
222.43890162563878,793.2420283708611
222.43890162563878,793.2676380085795
222.43890162563878,793.3763540809398
235.97388001876976,742.9212612305095
222.43890162563878,793.4298159379564
222.43890162563878,793.4333522837851
220.2525567873126,801.6123264839965
222.43890162563878,793.4627478205448
222.43890162563878,793.4730798832418
220.2525567873126,801.6300878188445
222.43890162563878,793.4906216592979
222.43890162563878,793.5637894025447
222.43890162563878,793.612838784336
222.43890162563878,793.6421663393589
220.2525567873126,801.7968382532325
220.314597527159,801.5857703086097
222.43890162563878,793.8069945777584
222.43890162563878,793.8290013011829
233.74303785838674,751.6888708865363
222.43890162563878,793.8907596277957
220.2525567873126,802.0849076914081
222.43890162563878,793.9907868161479
220.2525567873126,802.1663753834827
233.74303785838674,751.8714452894574
222.43890162563878,794.0547795826867
206.77962660636643,852.5351001069944
235.97388001876976,743.6802454316988
220.2525567873126,802.3585546787142
222.43890162563878,794.2596191163566
206.77962660636643,852.6628131578339
222.43890162563878,794.3208292815032
220.2525567873126,802.5472466154188
220.2525567873126,802.5976091749418
222.43890162563878,794.4575767928833
235.97388001876976,743.9861272077906
222.43890162563878,794.5805646021863
222.43890162563878,794.6812025983659
222.43890162563878,794.6989659276132
222.43890162563878,794.7283614643729
206.77962660636643,853.1535671308599
220.2525567873126,802.9619897659932
222.43890162563878,794.8948277757684
206.77962660636643,853.2971453946822
222.43890162563878,795.0345866768625
222.43890162563878,795.0658977263647
222.43890162563878,795.0853062552723
222.43890162563878,795.088914914393
220.2525567873126,803.3568999644464
206.77962660636643,853.6989197750165
220.2525567873126,803.4685353699438
220.314597527159,803.2534969591034
222.43890162563878,795.3760926628534
220.2525567873126,803.5706037660465
222.43890162563878,795.4497505060295
222.43890162563878,795.5420092789866
206.77962660636643,853.9625258365619
235.97388001876976,745.1880412791254
222.43890162563878,795.6722440568185
222.43890162563878,795.6813670088832
222.43890162563878,795.7299025987743
222.43890162563878,795.7930628925735
206.77962660636643,854.1927680305995
222.43890162563878,795.799690924626
206.77962660636643,854.2114371685625
222.43890162563878,795.8812288460465
222.43890162563878,795.9154492320322
206.77962660636643,854.3674999689848
233.74303785838674,753.8790958946311
220.2525567873126,804.3243013603782
222.43890162563878,796.2059790173837
222.43890162563878,796.2187709712857
220.2525567873126,804.6373477861641
206.77962660636643,854.8829413489183
233.74303785838674,754.3469287806531
222.43890162563878,796.6429810705401
206.77962660636643,855.0373601293612
233.74303785838674,754.4998959738815
222.43890162563878,796.6633863613944
220.314597527159,804.7081472980669
222.43890162563878,796.7868356349761
222.43890162563878,796.7978405553799
222.43890162563878,796.8032699542791
222.43890162563878,796.8307527102847
220.314597527159,804.8383907441023
220.314597527159,804.8568887531571
222.43890162563878,796.990274077425
222.43890162563878,797.0586765364017
222.43890162563878,797.0934560151018
222.43890162563878,797.0939919493451
222.43890162563878,797.098252531965
222.43890162563878,797.1787512596238
222.43890162563878,797.1953825661832
206.77962660636643,855.6597559551593
222.43890162563878,797.2890083170453
220.2525567873126,805.4886755747056
222.43890162563878,797.3371971245588
222.43890162563878,797.350374989289
222.43890162563878,797.4399146179112
222.43890162563878,797.4714220888662
220.2525567873126,805.710715141669
220.314597527159,805.5033295663402
222.43890162563878,797.6859614382752
222.43890162563878,797.7587846111514
235.97388001876976,747.2931117982113
222.43890162563878,797.7737790738686
222.43890162563878,797.7779163778667
222.43890162563878,797.8384514912223
220.2525567873126,806.0152743637797
235.97388001876976,747.3913379771649
206.77962660636643,856.2741666409006
222.43890162563878,797.8808780313993
220.2525567873126,806.0605153864984
220.2525567873126,806.1376607032381
206.77962660636643,856.4799466867777
222.43890162563878,798.0920750409161
220.314597527159,806.0212629674847
222.43890162563878,798.1739170423664
222.43890162563878,798.1762131380767
233.74303785838674,756.0804619947548
235.97388001876976,747.8280264994685
235.97388001876976,747.8587292295077
222.43890162563878,798.3318565559748
233.74303785838674,756.2512277498266
222.43890162563878,798.4448707904172
220.2525567873126,806.6465284427647
220.2525567873126,806.6505032136552
233.74303785838674,756.3736140892852
222.43890162563878,798.5378140848292
220.2525567873126,806.7222210675844
220.2525567873126,806.8222857246898
220.314597527159,806.5931027792774
222.43890162563878,798.6779540206999
222.43890162563878,798.6883360315669
206.77962660636643,857.0833985620292
235.97388001876976,748.2399044667218
206.77962660636643,857.1348355620777
222.43890162563878,798.817712921794
222.43890162563878,798.8464515877897
220.2525567873126,807.0455683030372
220.2525567873126,807.0529641814907
222.43890162563878,798.9104443543288
222.43890162563878,799.0323788783048
222.43890162563878,799.0666745042134
233.74303785838674,756.9418340612308
220.2525567873126,807.2845128956309
235.97388001876976,748.7007785001916
222.43890162563878,799.176494053145
235.97388001876976,748.7258208364133
222.43890162563878,799.2033229477922
235.97388001876976,748.7343089201978
222.43890162563878,799.2193666157798
222.43890162563878,799.3007617704327
220.314597527159,807.2548084603634
206.77962660636643,857.7273935014306
206.77962660636643,857.7286145195823
220.2525567873126,807.5373882621567
222.43890162563878,799.4362293738282
233.74303785838674,757.2889175675377
235.97388001876976,748.9800923944468
222.43890162563878,799.4644932538149
220.2525567873126,807.6332772093473
222.43890162563878,799.4858220691257
220.2525567873126,807.6444872196874
222.43890162563878,799.5246414082759
220.314597527159,807.5420901329364
222.43890162563878,799.703083542154
222.43890162563878,799.8453644857511
222.43890162563878,799.8587269600523
222.43890162563878,799.895727045274
233.74303785838674,757.7519741743579
220.2525567873126,808.1107681351822
222.43890162563878,800.026814090345
206.77962660636643,858.4553087218372
206.77962660636643,858.5359158007451
222.43890162563878,800.1474796174787
222.43890162563878,800.2077231387718
220.2525567873126,808.3961285135723
222.43890162563878,800.2953404420673
206.77962660636643,858.6935340517865
222.43890162563878,800.3106350770031
222.43890162563878,800.3517678223554
222.43890162563878,800.3681959641139
235.97388001876976,749.897489796104
233.74303785838674,758.3305232615721
235.97388001876976,750.0126250866872
206.77962660636643,858.9559997647723
222.43890162563878,800.5809668003117
235.97388001876976,750.1788273299248
206.77962660636643,859.0470036239695
206.77962660636643,859.054018836112
222.43890162563878,800.6948920828431
222.43890162563878,800.7330030194365
222.43890162563878,800.7509531855819
220.2525567873126,808.9105475027728
222.43890162563878,800.7666532402759
235.97388001876976,750.297504816516
222.43890162563878,800.7834318285791
233.74303785838674,758.6320818996195
233.74303785838674,758.6617463183045
222.43890162563878,800.8271919198821
222.43890162563878,800.8324088601892
222.43890162563878,800.8771181942768
206.77962660636643,859.2926991700293
206.77962660636643,859.3577816353625
222.43890162563878,800.9788325905588
206.77962660636643,859.4343606347005
222.43890162563878,801.0401876042342
222.43890162563878,801.0833107041555
222.43890162563878,801.1203233694903
206.77962660636643,859.5420667826697
206.77962660636643,859.5551648830151
222.43890162563878,801.2274258789955
222.43890162563878,801.2756198581291
220.2525567873126,809.4360620406538
233.74303785838674,759.1465008888199
233.74303785838674,759.2278404307408
222.43890162563878,801.4089029599004
206.77962660636643,859.8634983831904
222.43890162563878,801.4768026371719
222.43890162563878,801.5223101730924
222.43890162563878,801.554838832081
222.43890162563878,801.5958983800366
222.43890162563878,801.6209178120121
222.43890162563878,801.650313348772
220.2525567873126,809.8287679461126
222.43890162563878,801.6864174819266
235.97388001876976,751.2682246234662
220.314597527159,809.675386769831
206.77962660636643,860.1938558163622
220.2525567873126,809.9713323270599
222.43890162563878,801.8586016313316
220.2525567873126,810.0390226850425
222.43890162563878,801.8954753684038
206.77962660636643,860.3384126221042
206.77962660636643,860.3778962160388
206.77962660636643,860.3806121297979
222.43890162563878,802.022068743091
222.43890162563878,802.0329593965391
222.43890162563878,802.039590543244
235.97388001876976,751.5990262764166
222.43890162563878,802.0832315114478
206.77962660636643,860.4855208569714
206.77962660636643,860.5630884353154
206.77962660636643,860.5669872636998
206.77962660636643,860.6064708576345
206.77962660636643,860.6796386008813
206.77962660636643,860.791663076911
220.314597527159,810.3613553388916
206.77962660636643,860.8825774677767
206.77962660636643,860.907210918872
206.77962660636643,860.9406926235295
222.43890162563878,802.7588659224757
206.77962660636643,861.1568766519348
206.77962660636643,861.1570565282093
206.77962660636643,861.1863402670272
206.77962660636643,861.1953297849324
206.77962660636643,861.2396661220506
220.2525567873126,811.0033756765112
206.77962660636643,861.3786360072328
206.77962660636643,861.422972344351
206.77962660636643,861.4903210608513
222.43890162563878,803.1189149790375
222.43890162563878,803.1200894474782
206.77962660636643,861.529804654786
206.77962660636643,861.5350619670871
206.77962660636643,861.5398577417723
233.74303785838674,761.0205566336415
222.43890162563878,803.1804585968503
222.43890162563878,803.2009348535496
220.2525567873126,811.3781326792581
206.77962660636643,861.6315089036493
206.77962660636643,861.6990074673024
220.2525567873126,811.4696259441645
206.77962660636643,861.7142222797821
206.77962660636643,861.7149968740625
206.77962660636643,861.7172432743896
222.43890162563878,803.3649617994015
206.77962660636643,861.8148151259497
206.77962660636643,861.8526527906192
206.77962660636643,861.8694471381477
222.43890162563878,803.5021693742864
206.77962660636643,861.9311826539366
222.43890162563878,803.5598783925257
235.97388001876976,753.0988501192567
220.314597527159,811.5359630692901
235.97388001876976,753.1542332629589
206.77962660636643,862.0494326537254
233.74303785838674,761.5220513696148
206.77962660636643,862.0886209685631
206.77962660636643,862.08891624766
206.77962660636643,862.114488876237
222.43890162563878,803.720486269628
220.2525567873126,811.9442267916944
222.43890162563878,803.7932435305847
222.43890162563878,803.8316762300096
233.74303785838674,761.6892931644808
206.77962660636643,862.2447809119136
206.77962660636643,862.2741084669366
235.97388001876976,753.4097061659479
206.77962660636643,862.3118740971963
222.43890162563878,803.9251572221294
222.43890162563878,803.9777469836588
222.43890162563878,803.9806284208007
222.43890162563878,804.0392903509487
206.77962660636643,862.451817908862
206.77962660636643,862.4550809339888
206.77962660636643,862.4686122563905
233.74303785838674,761.9330475234617
220.2525567873126,812.2442802142972
206.77962660636643,862.508197232546
206.77962660636643,862.5189859013674
206.77962660636643,862.5286734892453
206.77962660636643,862.548543711164
233.74303785838674,762.012805342641
206.77962660636643,862.5643895271593
206.77962660636643,862.5648935417369
222.43890162563878,804.1848587878299
222.43890162563878,804.2342069440729
222.43890162563878,804.2520691699052
206.77962660636643,862.703407658282
222.43890162563878,804.367336392693
233.74303785838674,762.2237271539711
222.43890162563878,804.4273299041986
222.43890162563878,804.4308413482527
222.43890162563878,804.4713823938268
206.77962660636643,863.0033169987828
233.74303785838674,762.4802336003441
206.77962660636643,863.1534012166876
206.77962660636643,863.1594148657055
222.43890162563878,804.7700609153126
222.43890162563878,804.809544509247
222.43890162563878,804.8301014666154
206.77962660636643,863.3054856193545
233.74303785838674,762.778614774183
206.77962660636643,863.3280933796993
220.314597527159,812.8567142434756
206.77962660636643,863.3462400163518
222.43890162563878,804.9947367285235
222.43890162563878,805.0121129028144
233.74303785838674,762.8615040685058
222.43890162563878,805.0416649442404
222.43890162563878,805.0632667034336
206.77962660636643,863.4690550852116
222.43890162563878,805.0761482869793
222.43890162563878,805.1076030405518
206.77962660636643,863.5125974235256
233.74303785838674,762.9862497673622
222.43890162563878,805.2032794923393
233.74303785838674,763.0520062423806
222.43890162563878,805.2710648801035
220.2525567873126,813.5170147646658
206.77962660636643,863.7585799839483
233.74303785838674,763.2267381807658
222.43890162563878,805.4335869608526
206.77962660636643,863.8704006766828
222.43890162563878,805.4994458221504
222.43890162563878,805.5041369947519
222.43890162563878,805.5105832935662
222.43890162563878,805.5282877558601
222.43890162563878,805.5318131398062
206.77962660636643,864.0179946926025
222.43890162563878,805.6761356719825
222.43890162563878,805.6853152319516
206.77962660636643,864.0977995510082
206.77962660636643,864.1372831449428
206.77962660636643,864.1830817219675
222.43890162563878,805.7991195724378
206.77962660636643,864.2874755999894
206.77962660636643,864.3224753642194
206.77962660636643,864.33985153851
220.2525567873126,814.1107246797291
222.43890162563878,805.9685016621097
206.77962660636643,864.3723331202335
206.77962660636643,864.3790628083983
206.77962660636643,864.3910053391292
222.43890162563878,805.9992043921491
233.74303785838674,763.8856149163488
206.77962660636643,864.4353416762474
222.43890162563878,806.0785228802708
220.2525567873126,814.2384377305684
206.77962660636643,864.4868445212178
206.77962660636643,864.5177532626012
206.77962660636643,864.6734046726198
206.77962660636643,864.6743785311136
233.74303785838674,764.1373921043546
206.77962660636643,864.754760993394
222.43890162563878,806.3670991603612
206.77962660636643,864.7613255965482
222.43890162563878,806.380379629363
206.77962660636643,864.7897616471588
206.77962660636643,864.8087732278788
206.77962660636643,864.8271844578461
206.77962660636643,864.8318756304475
222.43890162563878,806.458292042928
206.77962660636643,864.857684753414
206.77962660636643,864.8595517755018
222.43890162563878,806.4746461143413
220.2525567873126,814.7291917035946
233.74303785838674,764.5189941669404
233.74303785838674,764.5593416333793
220.2525567873126,814.8727699674167
206.77962660636643,865.1268582081334
222.43890162563878,806.7470811967173
206.77962660636643,865.1491452503427
222.43890162563878,806.8493755138079
222.43890162563878,806.8747840828391
206.77962660636643,865.2962402978055
206.77962660636643,865.3225168826999
206.77962660636643,865.3269430278448
206.77962660636643,865.3562570545138
222.43890162563878,806.9775712181263
206.77962660636643,865.3889267654016
206.77962660636643,865.4312614308762
222.43890162563878,807.1205675570882
220.2525567873126,815.2745443477511
206.77962660636643,865.5682424194755
206.77962660636643,865.5900862548677
222.43890162563878,807.2341153059378
206.77962660636643,865.7081182650587
206.77962660636643,865.7350242301267
206.77962660636643,865.7391814763923
206.77962660636643,865.7457170008037
206.77962660636643,865.8023847500369
206.77962660636643,865.8087014867367
222.43890162563878,807.4801168902679
220.314597527159,815.4053573601957
206.77962660636643,865.9938726776635
220.2525567873126,815.7683926033341
220.2525567873126,815.7870617412972
206.77962660636643,866.0748198324131
206.77962660636643,866.1835111694982
220.2525567873126,815.9431245417194
206.77962660636643,866.1940790745844
206.77962660636643,866.2025227185347
233.74303785838674,765.7265623512133
220.2525567873126,816.0344356148815
233.74303785838674,765.7627712543864
206.77962660636643,866.4483061927838
222.43890162563878,808.0849322565102
220.314597527159,816.0707378020754
206.77962660636643,866.5618539416337
206.77962660636643,866.6228640975256
220.2525567873126,816.4585659216531
222.43890162563878,808.33275442337
206.77962660636643,866.7840146140422
220.2525567873126,816.6129847020958
222.43890162563878,808.5044416222036
206.77962660636643,866.9302472741504
220.2525567873126,816.6893244901815
222.43890162563878,808.5423154496148
222.43890162563878,808.6431773887819
206.77962660636643,867.0568811956455
222.43890162563878,808.7117073636916
235.97388001876976,758.2506834721584
222.43890162563878,808.8511496138696
233.74303785838674,766.7446948876087
206.77962660636643,867.3645016946639
206.77962660636643,867.3677052864298
233.74303785838674,766.8429293686323
206.77962660636643,867.4071888803644
206.77962660636643,867.4088380317821
222.43890162563878,809.0820276211107
220.2525567873126,817.2353805278939
220.2525567873126,817.2401996107599
233.74303785838674,767.002450387062
206.77962660636643,867.5603902820428
206.77962660636643,867.592381099641
206.77962660636643,867.6460443810251
206.77962660636643,867.6537361133162
233.74303785838674,767.1659414629377
206.77962660636643,867.7519622922698
206.77962660636643,867.8006808133808
206.77962660636643,867.8700540853104
222.43890162563878,809.5394088858773
206.77962660636643,867.9903972424161
220.2525567873126,817.8497912136353
206.77962660636643,868.1003545636681
206.77962660636643,868.1030369517966
222.43890162563878,809.7225701671775
206.77962660636643,868.1323798846381
222.43890162563878,809.7579955712717
206.77962660636643,868.1886508145735
206.77962660636643,868.2193535446128
220.2525567873126,818.0097976499411
206.77962660636643,868.378547560873
220.2525567873126,818.1396026304584
206.77962660636643,868.4055135726219
206.77962660636643,868.5038443563445
220.2525567873126,818.2845667504213
220.2525567873126,818.2972208814998
235.97388001876976,759.6730087725914
206.77962660636643,868.6005287818267
220.2525567873126,818.5596865944856
220.2525567873126,818.6014925520734
222.43890162563878,810.4518997756973
220.2525567873126,818.6577056658253
220.2525567873126,818.6590231347639
220.2525567873126,818.6723729783818
235.97388001876976,760.0819799261722
220.2525567873126,818.7374554437148
206.77962660636643,869.070250681269
206.77962660636643,869.0857342069676
206.77962660636643,869.0900296059659
206.77962660636643,869.0949332353027
206.77962660636643,869.1303742856608
206.77962660636643,869.1752001513079
233.74303785838674,768.6278295370936
220.2525567873126,818.9348386913674
206.77962660636643,869.1872456220965
220.314597527159,818.7322239115206
222.43890162563878,810.82273802981
220.2525567873126,818.9888495628044
233.74303785838674,768.6838768034968
222.43890162563878,810.8588078567814
222.43890162563878,810.8959573438555
220.2525567873126,819.0534712022305
222.43890162563878,810.9049941402911
206.77962660636643,869.3407167095518
222.43890162563878,810.9547068671841
206.77962660636643,869.380559593547
233.74303785838674,768.8374459381204
220.2525567873126,819.2119389913203
222.43890162563878,811.0698421577674
206.77962660636643,869.4732557376365
206.77962660636643,869.4910084213469
220.314597527159,819.035986710771
206.77962660636643,869.5104006983485
220.2525567873126,819.3030180741652
220.2525567873126,819.3042390923168
222.43890162563878,811.2360444010051
222.43890162563878,811.244213707351
220.2525567873126,819.4179873112943
220.314597527159,819.2430475275914
222.43890162563878,811.3643155930779
235.97388001876976,760.9114957395105
206.77962660636643,869.887059413978
206.77962660636643,869.9492909097843
220.2525567873126,819.7180864304567
220.314597527159,819.4942691992084
222.43890162563878,811.5817558325903
220.2525567873126,819.7483447444661
222.43890162563878,811.6476979917418
233.74303785838674,769.5401924783638
206.77962660636643,870.1200042737883
206.77962660636643,870.1439938442887
220.2525567873126,819.9330290954119
220.2525567873126,819.9351010579018
220.2525567873126,819.9466610720523
233.74303785838674,769.6539406973412
222.43890162563878,811.8310248214514
222.43890162563878,811.8389339585001
222.43890162563878,811.8785048429445
206.77962660636643,870.2824455028799
206.77962660636643,870.3748006954916
206.77962660636643,870.397580793463
222.43890162563878,812.0059659318447
220.2525567873126,820.1667752650287
222.43890162563878,812.0386441446251
220.2525567873126,820.2155089639854
233.74303785838674,769.9597648393456
206.77962660636643,870.5353755610082
220.314597527159,820.0803538504323
206.77962660636643,870.5637830367007
220.2525567873126,820.3953499066243
220.2525567873126,820.4508275322045
220.2525567873126,820.4616998469759
222.43890162563878,812.3254416945463
220.2525567873126,820.48626429749
220.2525567873126,820.5443794532428
220.2525567873126,820.5660140753795
206.77962660636643,870.8128653868657
220.314597527159,820.3578436762898
206.77962660636643,870.8435504408451
220.2525567873126,820.6193399304029
206.77962660636643,870.8635826836645
222.43890162563878,812.4815772712616
220.314597527159,820.4085609730886
220.2525567873126,820.6505028904734
206.77962660636643,870.8985653398935
206.77962660636643,870.9341279158117
206.77962660636643,870.9754366274374
206.77962660636643,870.9778731238086
206.77962660636643,870.9832628435121
206.77962660636643,871.0001261417137
220.314597527159,820.5282411329362
220.2525567873126,820.7607433579227
220.2525567873126,820.7990166146457
222.43890162563878,812.6475195806722
220.2525567873126,820.8026461527033
220.2525567873126,820.8650255758225
220.2525567873126,820.8699948692038
220.2525567873126,820.879077532069
220.2525567873126,820.9195315501246
222.43890162563878,812.7851854535973
220.2525567873126,820.9522452753158
206.77962660636643,871.2062434786402
206.77962660636643,871.2219125753462
220.2525567873126,820.9823228369461
233.74303785838674,770.6976532330227
206.77962660636643,871.281218974888
220.2525567873126,821.0506152870669
206.77962660636643,871.3042800128175
220.314597527159,820.8492583022415
222.43890162563878,812.9313869058154
220.2525567873126,821.0969170827419
220.2525567873126,821.1176913554043
220.2525567873126,821.1387487968004
220.2525567873126,821.1665737198986
206.77962660636643,871.4627478019073
222.43890162563878,813.0755020806557
220.314597527159,821.0077260913314
220.2525567873126,821.2534963954063
233.74303785838674,770.9478591803442
220.2525567873126,821.268711207886
206.77962660636643,871.5350868640204
220.314597527159,821.0800651534445
206.77962660636643,871.5530347989201
220.2525567873126,821.3186837037756
220.2525567873126,821.349879942199
222.43890162563878,813.2212339887558
222.43890162563878,813.252772713978
206.77962660636643,871.6531803302421
220.2525567873126,821.4291064620778
233.74303785838674,771.1255781671397
206.77962660636643,871.6895056444633
220.2525567873126,821.4563396203325
220.314597527159,821.2344839338874
206.77962660636643,871.7137325344657
220.2525567873126,821.473133967861
220.2525567873126,821.5290716036624
206.77962660636643,871.7838416501229
222.43890162563878,813.40643623153
206.77962660636643,871.8093159069573
206.77962660636643,871.8803840931308
220.2525567873126,821.6915479055488
220.314597527159,821.5425726002143
222.43890162563878,813.6337631171552
220.2525567873126,821.8024113292204
220.2525567873126,821.8314917172145
222.43890162563878,813.6912321163536
220.2525567873126,821.848286064743
220.2525567873126,821.8484677416269
220.2525567873126,821.8777952966498
233.74303785838674,771.5851439893771
206.77962660636643,872.1381592923375
233.74303785838674,771.5928635605443
220.2525567873126,821.9041155780837
220.314597527159,821.6831375817616
220.2525567873126,821.9282175195164
220.2525567873126,822.061145429706
220.2525567873126,822.0874218003842
220.2525567873126,822.1323603189586
206.77962660636643,872.38691407844
220.2525567873126,822.1680763568726
206.77962660636643,872.4663177745725
220.2525567873126,822.2281774030506
206.77962660636643,872.4720785227719
220.2525567873126,822.2387080647447
220.2525567873126,822.242236450156
220.314597527159,822.0112960639966
220.2525567873126,822.2578965863859
206.77962660636643,872.5308651977963
220.2525567873126,822.2935097149544
206.77962660636643,872.5423853819497
220.314597527159,822.0758434872204
222.43890162563878,814.1560671903369
206.77962660636643,872.5724727858814
206.77962660636643,872.5988898820821
206.77962660636643,872.6006108016176
220.2525567873126,822.3615229220944
222.43890162563878,814.211450334039
220.314597527159,822.1438681715061
220.314597527159,822.1455890910416
206.77962660636643,872.6734295787436
220.314597527159,822.2184078681677
206.77962660636643,872.6917281719928
206.77962660636643,872.7016363427915
206.77962660636643,872.7028853739747
220.314597527159,822.2466146322156
233.74303785838674,772.1760517161757
206.77962660636643,872.7411199367261
220.314597527159,822.2860982261502
206.77962660636643,872.7632016600518
206.77962660636643,872.7709600235453
235.97388001876976,763.9690281229861
233.74303785838674,772.297098815753
222.43890162563878,814.4669232370281
206.77962660636643,872.9263121560027
220.2525567873126,822.6851594277069
220.314597527159,822.4712904454268
206.77962660636643,872.9569785448509
220.314597527159,822.4888240953117
220.2525567873126,822.7325012246694
220.2525567873126,822.7631016954188
233.74303785838674,772.4641307890977
220.2525567873126,822.7808039069805
222.43890162563878,814.6346287673616
235.97388001876976,764.162217218118
220.2525567873126,822.7915925758018
220.2525567873126,822.8825823078032
206.77962660636643,873.1365437847672
220.314597527159,822.6815220741913
206.77962660636643,873.1877853960536
206.77962660636643,873.3059578022918
222.43890162563878,814.9568457601817
206.77962660636643,873.3521435770207
220.2525567873126,823.1382537923007
206.77962660636643,873.4428002206153
206.77962660636643,873.4838058260327
206.77962660636643,873.5006836937279
220.314597527159,823.045661983152
220.2525567873126,823.2871212371126
233.74303785838674,772.985760022046
206.77962660636643,873.5354497993211
206.77962660636643,873.5391889697346
222.43890162563878,815.2232538436635
222.43890162563878,815.2640216560208
206.77962660636643,873.6736070718181
206.77962660636643,873.6942938206967
220.2525567873126,823.4774733593606
206.77962660636643,873.7355440771312
220.314597527159,823.2805223665553
206.77962660636643,873.7798804142494
206.77962660636643,873.7908578243707
206.77962660636643,873.7946618727237
220.314597527159,823.3248587036735
220.2525567873126,823.5724836207064
220.2525567873126,823.6216482297162
220.2525567873126,823.6642455412976
222.43890162563878,815.5269455032028
220.2525567873126,823.78520409796
220.2525567873126,823.7867685516808
220.2525567873126,823.8049544520167
220.2525567873126,823.8150154845997
220.2525567873126,823.8419645280933
220.2525567873126,823.8665183295702
206.77962660636643,874.1480497106826
220.314597527159,823.6930280001067
220.2525567873126,823.9261621939327
206.77962660636643,874.1717231958481
220.314597527159,823.7167014852722
220.2525567873126,823.9760199499468
220.2525567873126,823.9827496381116
220.2525567873126,823.9946921688424
206.77962660636643,874.2534054135708
206.77962660636643,874.2766795001352
220.2525567873126,824.0441642938407
220.2525567873126,824.0672666964094
220.2525567873126,824.0722421907051
233.74303785838674,773.8066715331671
206.77962660636643,874.3807600346842
220.2525567873126,824.1430073511174
206.77962660636643,874.3890759468674
220.314597527159,823.9257383241082
220.314597527159,823.9340542362914
206.77962660636643,874.4713969461354
206.77962660636643,874.4789862136378
220.2525567873126,824.2392255838541
220.314597527159,824.0163752355595
220.314597527159,824.0239645030618
220.2525567873126,824.3092499214979
206.77962660636643,874.5917602917165
220.2525567873126,824.3622492740953
220.2525567873126,824.3650124262615
220.2525567873126,824.3934484768721
220.2525567873126,824.3945575191497
220.2525567873126,824.3960277297795
220.2525567873126,824.4098898193772
206.77962660636643,874.686645679319
220.2525567873126,824.5288190586951
206.77962660636643,874.7810178323253
220.314597527159,824.3259961217494
220.314597527159,824.3382674090758
206.77962660636643,874.8292737229447
220.2525567873126,824.6572737184724
220.2525567873126,824.6680298514494
206.77962660636643,874.9156747359415
220.314597527159,824.4606530253656
206.77962660636643,874.9463774659806
206.77962660636643,874.9632169052549
220.314597527159,824.4913557554047
220.2525567873126,824.7290257894222
220.314597527159,824.5081951946789
220.2525567873126,824.7686005737539
220.2525567873126,824.8786100278311
220.2525567873126,824.9262037124132
220.2525567873126,824.9335774268383
220.2525567873126,824.9697600632201
220.2525567873126,824.970952846104
220.2525567873126,825.0349482605895
220.2525567873126,825.0377758159989
206.77962660636643,875.3275527031946
220.2525567873126,825.0997911322805
220.314597527159,824.8725309926186
220.2525567873126,825.114698038479
220.2525567873126,825.1253908091561
222.43890162563878,816.9740336751579
220.2525567873126,825.1307808681008
222.43890162563878,817.0358989589095
233.74303785838674,774.9411395189469
233.74303785838674,775.041109998883
222.43890162563878,817.2200804955219
233.74303785838674,775.08541789862
220.2525567873126,825.3955758913863
220.2525567873126,825.4294701405463
220.2525567873126,825.4379137844967
233.74303785838674,775.1621570984603
206.77962660636643,875.7226860968516
220.314597527159,825.2676643862757
206.77962660636643,875.7491242021836
206.77962660636643,875.7711239415403
222.43890162563878,817.414997088646
206.77962660636643,875.8219571566707
220.2525567873126,825.5975595073768
220.314597527159,825.3669354460948
220.2525567873126,825.5995497022793
220.2525567873126,825.6288637289482
222.43890162563878,817.5031843523141
220.2525567873126,825.6616413736076
222.43890162563878,817.5439949498059
206.77962660636643,875.9539637358533
206.77962660636643,876.0677406309197
220.314597527159,825.6127189203438
206.77962660636643,876.1751258012905
206.77962660636643,876.3017723108536
220.2525567873126,826.0813081611711
222.43890162563878,818.0342789310088
220.2525567873126,826.2490292453543
222.43890162563878,818.1218507837802
233.74303785838674,775.9684768528109
206.77962660636643,876.5478191312175
222.43890162563878,818.2224550888134
206.77962660636643,876.7427357243417
206.77962660636643,876.8384543795453
220.2525567873126,826.7473790947822
220.2525567873126,826.7885118401344
220.2525567873126,826.817323783913
220.2525567873126,826.8814354469871
220.2525567873126,826.9400640903951
220.2525567873126,826.9681885243772
206.77962660636643,877.2145928233124
220.314597527159,826.7595711127365
222.43890162563878,818.8762949703181
220.2525567873126,827.1316361006221
220.2525567873126,827.1960679293542
220.2525567873126,827.2574229430295
220.2525567873126,827.2884382465475
206.77962660636643,877.5501937245091
220.2525567873126,827.32948787008
220.2525567873126,827.3357456296301
220.2525567873126,827.3677709506001
220.2525567873126,827.5053010045958
206.77962660636643,877.8252031461278
235.97388001876976,768.9639146077674
220.2525567873126,827.5940840721294
206.77962660636643,877.836413156468
206.77962660636643,877.8922645459072
220.2525567873126,827.6575258799005
220.2525567873126,827.6797955547988
220.2525567873126,827.8018042595736
220.2525567873126,827.8259879436063
220.2525567873126,827.8835181646967
220.314597527159,827.7321372863039
206.77962660636643,878.296839382103
220.314597527159,827.8418176715271
220.2525567873126,828.0732874878153
206.77962660636643,878.4213858025045
220.2525567873126,828.2879864081543
233.74303785838674,777.9984244511666
220.2525567873126,828.3303243012647
206.77962660636643,878.58639535533
220.2525567873126,828.3982454272967
206.77962660636643,878.6521926537073
233.74303785838674,778.1194715507438
220.2525567873126,828.4499244896215
220.2525567873126,828.4919602190473
206.77962660636643,878.7407664836651
220.314597527159,828.2857447730892
220.2525567873126,828.5548739596603
206.77962660636643,878.8139281247649
220.2525567873126,828.6159506595089
220.2525567873126,828.6848632137646
220.2525567873126,828.6894210366809
206.77962660636643,878.9524514151849
220.2525567873126,828.7909324518098
206.77962660636643,879.1024734395534
220.2525567873126,828.8706822296992
206.77962660636643,879.140444254816
222.43890162563878,820.8514603107167
206.77962660636643,879.2552650820244
220.2525567873126,829.0277446657403
222.43890162563878,820.9150555369143
220.2525567873126,829.1140875280618
206.77962660636643,879.5213154867522
206.77962660636643,879.5716780462751
206.77962660636643,879.5962373037718
233.74303785838674,779.1084406440482
220.2525567873126,829.4415483420819
220.2525567873126,829.5236676526412
220.2525567873126,829.5529777394976
235.97388001876976,770.9900329893411
220.2525567873126,829.6744932018921
206.77962660636643,879.9374777795775
206.77962660636643,879.9447368756431
220.314597527159,829.4824560690016
222.43890162563878,821.6141007436179
220.2525567873126,829.7772546018155
220.2525567873126,829.7892421984802
220.2525567873126,829.7908201394478
206.77962660636643,880.0526130701606
220.314597527159,829.5975913595847
220.2525567873126,829.9150493693606
206.77962660636643,880.1620089218763
220.2525567873126,829.9305325421147
206.77962660636643,880.2188153133983
220.2525567873126,829.9784875252049
220.314597527159,829.7637936028224
222.43890162563878,821.8787976445808
206.77962660636643,880.4426042412771
222.43890162563878,822.0970572997408
220.2525567873126,830.3551104357898
206.77962660636643,880.632904665305
220.314597527159,830.177882954729
206.77962660636643,880.6548524685365
220.2525567873126,830.4530542679973
220.2525567873126,830.4672695133778
220.2525567873126,830.5546150698176
220.2525567873126,830.5550521773143
220.314597527159,830.3269781762535
220.2525567873126,830.6004500288448
222.43890162563878,822.4616375862297
220.2525567873126,830.6839538211699
233.74303785838674,780.4099621039487
206.77962660636643,880.9799902261965
206.77962660636643,881.0087444338031
220.2525567873126,830.7764015034501
220.2525567873126,830.8099303083535
220.2525567873126,830.8424216102597
220.2525567873126,830.8849058046013
220.2525567873126,830.9327086072725
206.77962660636643,881.3082126069396
220.314597527159,830.8531908963637
220.2525567873126,831.0854720613003
220.2525567873126,831.1387736937337
206.77962660636643,881.4247959354365
220.2525567873126,831.2504797982431
220.2525567873126,831.2600579014832
235.97388001876976,772.6368422465927
220.2525567873126,831.2682214625696
220.2525567873126,831.2931924741766
220.2525567873126,831.3809265723472
220.2525567873126,831.3875284798362
222.43890162563878,823.3031386636928
220.2525567873126,831.7392883026287
222.43890162563878,823.6528613102141
220.2525567873126,831.8243490438616
220.2525567873126,831.845991582925
220.2525567873126,831.8517523311243
222.43890162563878,823.7647839502345
220.2525567873126,831.9601045807309
220.2525567873126,831.9678629442243
206.77962660636643,882.2610798027815
220.2525567873126,832.0714019803453
220.2525567873126,832.081310151144
220.2525567873126,832.0819225813917
220.2525567873126,832.1269617139852
222.43890162563878,823.9858468952762
220.2525567873126,832.306572203688
220.2525567873126,832.3366523532034
220.2525567873126,832.3719348507292
220.2525567873126,832.4107659667719
206.77962660636643,882.6646130401148
222.43890162563878,824.2808294729621
220.2525567873126,832.4479533923305
220.2525567873126,832.5097524885464
220.2525567873126,832.5299989857159
206.77962660636643,882.7869993795733
220.2525567873126,832.5490464976997
220.2525567873126,832.5835932580067
206.77962660636643,882.8479192624152
206.77962660636643,882.8617303732403
206.77962660636643,882.8964284460362
220.2525567873126,832.6595207528744
233.74303785838674,782.3629151000324
220.314597527159,832.4414067354603
220.2525567873126,832.7323527200001
220.2525567873126,832.7745800356965
220.2525567873126,832.7914722257669
220.2525567873126,832.8034718722307
220.2525567873126,832.8224740289677
220.314597527159,832.6073349878993
206.77962660636643,883.0925225859302
220.2525567873126,832.8728807852601
220.2525567873126,832.8911967413758
206.77962660636643,883.1388381027302
220.314597527159,832.6838163921543
220.2525567873126,832.946036253178
206.77962660636643,883.1942212464322
220.314597527159,832.7391995358563
220.2525567873126,833.0137266111607
206.77962660636643,883.3344471582864
235.97388001876976,774.4777896814571
222.43890162563878,824.9563560148656
220.2525567873126,833.1595542226017
206.77962660636643,883.4213659713104
220.314597527159,832.9663442607344
206.77962660636643,883.4496941494214
220.314597527159,832.9946724388454
220.314597527159,833.006777305407
220.2525567873126,833.2772939015314
206.77962660636643,883.563021799882
220.2525567873126,833.3392309068445
222.43890162563878,825.2194342891983
220.2525567873126,833.3834407766445
206.77962660636643,883.6701207574129
220.2525567873126,833.4503083342498
206.77962660636643,883.7023028578258
222.43890162563878,825.317408826904
220.2525567873126,833.4888633788413
222.43890162563878,825.3496777352336
222.43890162563878,825.3564939833634
222.43890162563878,825.3681757442882
220.2525567873126,833.5785644767262
220.2525567873126,833.7067880120974
220.2525567873126,833.7886632123956
220.2525567873126,833.85866002199
220.2525567873126,833.8592367448615
220.2525567873126,833.9406881849229
220.2525567873126,833.9844468643975
220.2525567873126,834.0154621679154
220.2525567873126,834.0634644988052
222.43890162563878,825.9208439141833
222.43890162563878,826.0146165574714
220.2525567873126,834.1986079712168
206.77962660636643,884.4863555970335
206.77962660636643,884.5471729248941
233.74303785838674,783.9993556166643
206.77962660636643,884.5891644812647
235.97388001876976,775.7536777173059
220.2525567873126,834.3837626510485
206.77962660636643,884.6774163709293
220.2525567873126,834.4443298702826
206.77962660636643,884.695914379984
206.77962660636643,884.7253001896272
220.2525567873126,834.5492861745696
220.2525567873126,834.5530118649741
206.77962660636643,884.905609102637
220.314597527159,834.4505873920609
222.43890162563878,826.5325499586158
206.77962660636643,885.0454671899075
220.2525567873126,834.8224735288255
233.74303785838674,784.524966534901
206.77962660636643,885.0740645033436
220.2525567873126,834.9460271228626
220.2525567873126,835.0150103295222
220.2525567873126,835.0573482226326
220.2525567873126,835.1508666565325
233.74303785838674,784.9001186317829
220.2525567873126,835.2189841404153
206.77962660636643,885.4699006910336
220.314597527159,835.0148789804576
220.314597527159,835.0210474686185
222.43890162563878,827.1043897704087
206.77962660636643,885.5419414328229
206.77962660636643,885.559886179108
220.2525567873126,835.3748107712536
206.77962660636643,885.7345001517995
220.2525567873126,835.4986752315326
222.43890162563878,827.3920404502209
206.77962660636643,885.8602885943116
206.77962660636643,885.8923578692195
206.77962660636643,885.9035678795598
220.314597527159,835.4373361586435
220.314597527159,835.4485461689836
222.43890162563878,827.531799351315
206.77962660636643,885.973479898536
220.2525567873126,835.7447220518965
206.77962660636643,885.9872025623773
206.77962660636643,885.9969658647852
220.314597527159,835.6244825558974
206.77962660636643,886.1350504784999
222.43890162563878,827.7660954514945
220.2525567873126,835.9396386450208
235.97388001876976,777.3790568673375
220.2525567873126,836.161862521915
206.77962660636643,886.4321284061043
222.43890162563878,828.0533771240677
222.43890162563878,828.0906369383135
206.77962660636643,886.5395740109722
222.43890162563878,828.1785796833359
220.2525567873126,836.3929433076491
222.43890162563878,828.2462803562117
206.77962660636643,886.72735554579
222.43890162563878,828.4093848390572
220.2525567873126,836.7470966451882
206.77962660636643,887.0938340871903
222.43890162563878,828.7093052201885
206.77962660636643,887.1696281626449
220.314597527159,836.714606452069
222.43890162563878,828.8770857765576
222.43890162563878,828.9280612042426
220.2525567873126,837.0891674665863
233.74303785838674,786.7828394427935
222.43890162563878,829.1778953727836
220.2525567873126,837.3796920742317
220.2525567873126,837.3909020845718
206.77962660636643,887.6777645160607
222.43890162563878,829.2919938082866
222.43890162563878,829.2950532298327
222.43890162563878,829.4159308437851
222.43890162563878,829.4437032060534
222.43890162563878,829.5111858025483
222.43890162563878,829.5715742616834
206.77962660636643,887.9816587235424
222.43890162563878,829.5897264916324
222.43890162563878,829.5900358075186
222.43890162563878,829.5912046237978
220.2525567873126,837.783298276009
220.2525567873126,837.8010596108569
222.43890162563878,829.8086367492439
222.43890162563878,829.8344097990113
222.43890162563878,829.888591702473
222.43890162563878,829.9094613004369
222.43890162563878,829.9512011301914
222.43890162563878,829.9601913218423
222.43890162563878,829.9642801671422
222.43890162563878,830.0188914881738
222.43890162563878,830.049220201531
220.2525567873126,838.2558794834206
222.43890162563878,830.1068445480895
222.43890162563878,830.1166345965925
222.43890162563878,830.1346385228368
222.43890162563878,830.174534906072
220.2525567873126,838.3321252235371
220.2525567873126,838.3373471754951
222.43890162563878,830.1866737609623
220.2525567873126,838.3444533133784
222.43890162563878,830.2087846102792
222.43890162563878,830.2119389379258
206.77962660636643,888.6512281646781
222.43890162563878,830.2655623494221
220.314597527159,838.1962064541021
222.43890162563878,830.3034997342021
222.43890162563878,830.3295551159609
206.77962660636643,888.8337849498463
206.77962660636643,888.8936188906322
220.2525567873126,838.6569623676572
206.77962660636643,888.9104132381608
222.43890162563878,830.517839493331
220.2525567873126,838.7182184074312
220.2525567873126,838.7305056234085
222.43890162563878,830.5956048147774
220.2525567873126,838.7685809669542
222.43890162563878,830.6268469696548
222.43890162563878,830.6380732233797
222.43890162563878,830.6410418594411
222.43890162563878,830.6584416326361
222.43890162563878,830.6612373119109
222.43890162563878,830.6657003179199
222.43890162563878,830.6960005335517
222.43890162563878,830.7037588970453
222.43890162563878,830.8553401354606
222.43890162563878,830.8726423300227
222.43890162563878,830.8841200437437
222.43890162563878,830.9236459575028
206.77962660636643,889.3245389228723
222.43890162563878,830.9716972477578
222.43890162563878,831.0402272226676
233.74303785838674,788.8929157537043
233.74303785838674,788.901054107358
222.43890162563878,831.0652519586955
222.43890162563878,831.0790366368678
222.43890162563878,831.1186669287744
206.77962660636643,889.5144123966579
233.74303785838674,788.9808038852475
222.43890162563878,831.1370131161285
222.43890162563878,831.13804766017
222.43890162563878,831.1537917044317
222.43890162563878,831.1676406485152
222.43890162563878,831.2202905361945
220.2525567873126,839.432286878513
220.2525567873126,839.4442744751778
222.43890162563878,831.2950444832105
206.77962660636643,889.7294640897562
220.2525567873126,839.499225803747
220.314597527159,839.2744423791803
220.2525567873126,839.5278717564588
222.43890162563878,831.4105474800866
222.43890162563878,831.4494947472958
222.43890162563878,831.468248672821
220.2525567873126,839.6395071619562
222.43890162563878,831.5436377716474
222.43890162563878,831.5624991484609
222.43890162563878,831.5668260117417
222.43890162563878,831.605138165194
222.43890162563878,831.7028087722975
222.43890162563878,831.78686444233
206.77962660636643,890.2003809657185
222.43890162563878,831.8124740800484
222.43890162563878,831.8864946370352
222.43890162563878,831.9065581938963
222.43890162563878,831.9101918490979
222.43890162563878,831.9395873858576
206.77962660636643,890.3637398226119
222.43890162563878,831.9746520094253
222.43890162563878,831.97740718019
220.2525567873126,840.1768931468754
222.43890162563878,832.0354577307668
222.43890162563878,832.0472500604212
220.2525567873126,840.210084454012
220.2525567873126,840.2554823055423
222.43890162563878,832.1086254740136
206.77962660636643,890.5384717609973
222.43890162563878,832.1815089793531
222.43890162563878,832.2241490174284
222.43890162563878,832.239848623661
222.43890162563878,832.3518306492273
222.43890162563878,832.3738373726518
222.43890162563878,832.3797924353267
222.43890162563878,832.4099504190966
222.43890162563878,832.4367906381718
222.43890162563878,832.4661861749317
222.43890162563878,832.4717132241068
222.43890162563878,832.4765182376285
222.43890162563878,832.6160129315692
222.43890162563878,832.6162771387227
222.43890162563878,832.6301810131965
222.43890162563878,832.6456046937457
222.43890162563878,832.6931602345633
233.74303785838674,790.5471501288266
222.43890162563878,832.8941979821826
206.77962660636643,891.374988696117
222.43890162563878,832.9942251705346
220.2525567873126,841.1718618765063
222.43890162563878,833.0582179370737
222.43890162563878,833.105528243559
206.77962660636643,891.6246440885984
222.43890162563878,833.2438019990822
233.74303785838674,791.099949237575
222.43890162563878,833.2630574707435
222.43890162563878,833.2731975358419
222.43890162563878,833.3242676358899
233.74303785838674,791.1778915052869
206.77962660636643,891.7344566963463
233.74303785838674,791.1955937168486
222.43890162563878,833.3680012346067
233.74303785838674,791.222174595797
222.43890162563878,833.4185746693449
206.77962660636643,891.8307277471717
222.43890162563878,833.584002956573
222.43890162563878,833.6233704300213
222.43890162563878,833.6337509858619
233.74303785838674,791.5530436021688
222.43890162563878,833.7631293311155
222.43890162563878,833.8351144212204
233.74303785838674,791.7019110469807
222.43890162563878,833.8690695540809
233.74303785838674,791.7243472778662
220.2525567873126,842.0933313667153
233.74303785838674,791.8922631692287
220.2525567873126,842.2085292380395
220.2525567873126,842.2386255347042
206.77962660636643,892.6386182398211
235.97388001876976,783.7923373291269
222.43890162563878,834.2699024578864
220.2525567873126,842.4296123123942
206.77962660636643,892.6957398703024
233.74303785838674,792.1999939078282
220.2525567873126,842.5279130619576
222.43890162563878,834.3795310172403
233.74303785838674,792.229805294468
235.97388001876976,783.9133844287041
222.43890162563878,834.3883055813146
222.43890162563878,834.4099096631362
222.43890162563878,834.4919420248499
233.74303785838674,792.3409520038006
206.77962660636643,892.8982763643685
233.74303785838674,792.4094819787106
233.74303785838674,792.4820565062776
222.43890162563878,834.6756824112055
222.43890162563878,834.7965012469605
233.74303785838674,792.6540153937221
222.43890162563878,834.8417422696792
220.2525567873126,843.000420508171
206.77962660636643,893.2456905867945
222.43890162563878,834.9155380041921
222.43890162563878,834.9188875864189
233.74303785838674,792.7770390839635
233.74303785838674,792.7798022361296
222.43890162563878,834.9473136255386
233.74303785838674,792.8108175396476
233.74303785838674,792.8246796292453
222.43890162563878,835.0626341328621
233.74303785838674,792.9731530456502
233.74303785838674,793.0720635283405
222.43890162563878,835.3538187048691
206.77962660636643,893.8105777736529
222.43890162563878,835.4277553259456
206.77962660636643,893.856746535202
220.314597527159,843.4017248246261
233.74303785838674,793.3483672367063
222.43890162563878,835.5034479507652
222.43890162563878,835.526383209633
220.2525567873126,843.744075845573
222.43890162563878,835.6035126078706
233.74303785838674,793.452565625867
222.43890162563878,835.6464194249269
233.74303785838674,793.5145809421485
220.2525567873126,843.8367043755161
206.77962660636643,894.0812047972377
222.43890162563878,835.7227136307894
222.43890162563878,835.734956090506
206.77962660636643,894.2022052015916
222.43890162563878,835.8225346035981
220.314597527159,843.7471834910156
222.43890162563878,835.8267951862181
222.43890162563878,835.8341910646715
222.43890162563878,835.8617894992894
222.43890162563878,835.916644351327
220.2525567873126,844.102512023316
233.74303785838674,793.8103657012546
233.74303785838674,793.8527035943648
222.43890162563878,836.0094564760738
206.77962660636643,894.4097428918957
222.43890162563878,836.0293102703736
222.43890162563878,836.0657397788117
220.2525567873126,844.2402376128493
222.43890162563878,836.0994920688925
233.74303785838674,794.0143395121472
220.2525567873126,844.3626239523079
233.74303785838674,794.0764311834757
220.2525567873126,844.4235438351498
222.43890162563878,836.3186151453375
222.43890162563878,836.4145040925281
222.43890162563878,836.4257141028683
220.2525567873126,844.6681471586647
222.43890162563878,836.5820247932068
222.43890162563878,836.603280976657
220.2525567873126,844.9100717310209
222.43890162563878,836.7978208041
206.77962660636643,895.2048273323136
220.314597527159,844.7498056217377
220.2525567873126,844.9969905440449
206.77962660636643,895.2443829870226
222.43890162563878,836.891995018363
220.2525567873126,845.0735875207469
206.77962660636643,895.3286516118905
220.2525567873126,845.0892607898985
220.2525567873126,845.1004708002387
220.2525567873126,845.1386463726166
220.2525567873126,845.2457453301474
220.2525567873126,845.2779274305605
222.43890162563878,837.1311112338647
222.43890162563878,837.1773553967533
222.43890162563878,837.2152493310253
206.77962660636643,895.6976708789737
220.314597527159,845.2426491683977
222.43890162563878,837.3654528941319
222.43890162563878,837.3708927489234
233.74303785838674,795.2321135937812
206.77962660636643,895.7924272521351
206.77962660636643,895.9097634289024
220.2525567873126,845.6895394066038
206.77962660636643,895.9535777686519
222.43890162563878,837.653343777492
206.77962660636643,896.0515628442403
220.314597527159,845.5965411336643
222.43890162563878,837.6917743859536
206.77962660636643,896.0998104287601
222.43890162563878,837.7112328130536
222.43890162563878,837.7169902136485
222.43890162563878,837.7772920198596
222.43890162563878,837.8567491147427
222.43890162563878,837.8854877807383
220.2525567873126,846.061980169768
222.43890162563878,837.9494805472773
222.43890162563878,838.0023665691198
220.2525567873126,846.1647890539992
220.2525567873126,846.2530409436639
220.2525567873126,846.2715389527186
222.43890162563878,838.1339923165134
220.2525567873126,846.3009247623618
220.2525567873126,846.366531083324
222.43890162563878,838.2155302460936
222.43890162563878,838.2172889238346
222.43890162563878,838.2584028087284
222.43890162563878,838.3397979633813
220.2525567873126,846.6210917626421
222.43890162563878,838.4752655667768
220.2525567873126,846.6496890760782
222.43890162563878,838.5035294467634
222.43890162563878,838.5062909239665
222.43890162563878,838.5995952725893
222.43890162563878,838.6099948292934
222.43890162563878,838.7525592102407
222.43890162563878,838.8202495682234
206.77962660636643,897.2719668730392
222.43890162563878,838.8834738374201
222.43890162563878,838.8844006786996
220.2525567873126,847.0574383244132
222.43890162563878,838.9347632382227
220.2525567873126,847.1175660055575
220.2525567873126,847.1355107518426
222.43890162563878,839.0975750304711
220.2525567873126,847.3101247245341
222.43890162563878,839.1865158104272
222.43890162563878,839.2435109026517
233.74303785838674,797.1042108465488
220.2525567873126,847.4359131670461
222.43890162563878,839.3343766350159
206.77962660636643,897.7352723900971
222.43890162563878,839.3496712699517
222.43890162563878,839.390804015304
220.2525567873126,847.5491044712705
220.2525567873126,847.5725904375198
206.77962660636643,897.9045487836775
220.314597527159,847.4495270731015
222.43890162563878,839.5472737019022
222.43890162563878,839.6200029932602
206.77962660636643,898.0884616322601
222.43890162563878,839.7339282757916
222.43890162563878,839.7543345187225
222.43890162563878,839.7719035820185
222.43890162563878,839.784602559692
222.43890162563878,839.7899893785304
222.43890162563878,839.8056894332245
222.43890162563878,839.8224680215277
222.43890162563878,839.8421540266452
220.2525567873126,848.007752978839
206.77962660636643,898.2595927605755
220.2525567873126,848.0309019730304
222.43890162563878,839.9161543872253
206.77962660636643,898.322185074901
220.2525567873126,848.1151985837068
222.43890162563878,840.0055561903395
222.43890162563878,840.0178687835074
222.43890162563878,840.0792237971827
222.43890162563878,840.1593595624389
222.43890162563878,840.2508528273454
222.43890162563878,840.2664620719441
233.74303785838674,798.155825230449
206.77962660636643,898.7104841060411
233.74303785838674,798.1920444116834
233.74303785838674,798.2040320083483
222.43890162563878,840.4490385863535
220.2525567873126,848.6694586599249
222.43890162563878,840.5916408415636
222.43890162563878,840.6599540049607
206.77962660636643,899.0820731544183
222.43890162563878,840.6893495417205
222.43890162563878,840.7254536748752
206.77962660636643,899.1321741679417
222.43890162563878,840.808761518049
206.77962660636643,899.210267683093
222.43890162563878,840.8691306674209
222.43890162563878,840.9198479642197
206.77962660636643,899.3154803902421
233.74303785838674,798.7699002456579
220.2525567873126,849.1180992263712
206.77962660636643,899.3876795378732
222.43890162563878,841.025507097478
222.43890162563878,841.0395281240673
222.43890162563878,841.0719955894878
222.43890162563878,841.0786267361926
206.77962660636643,899.4877852964071
222.43890162563878,841.1067556870718
233.74303785838674,798.9698419871825
233.74303785838674,799.0152398387127
222.43890162563878,841.3605452933729
233.74303785838674,799.2247201182215
220.2525567873126,849.557283296277
222.43890162563878,841.5190130824626
222.43890162563878,841.5913521445756
206.77962660636643,900.0603534910467
222.43890162563878,841.7457709250185
206.77962660636643,900.1656476376191
206.77962660636643,900.1732885186657
222.43890162563878,841.7810842386191
206.77962660636643,900.2415729508975
222.43890162563878,842.0538595913454
206.77962660636643,900.4584473920019
222.43890162563878,842.0935044536544
222.43890162563878,842.1047144639946
222.43890162563878,842.1944245728927
220.2525567873126,850.4094095225809
220.2525567873126,850.4692434633669
206.77962660636643,900.7129734433448
220.2525567873126,850.4860378108954
206.77962660636643,900.9165998637416
222.43890162563878,842.5225830551277
206.77962660636643,900.9257327854065
222.43890162563878,842.5871304783515
206.77962660636643,901.0300209728146
233.74303785838674,800.4967123912597
220.314597527159,850.5749992622386
222.43890162563878,842.6551551626372
222.43890162563878,842.656876082173
222.43890162563878,842.7296948592988
220.2525567873126,850.900163495607
222.43890162563878,842.7579016233468
222.43890162563878,842.7678330052016
222.43890162563878,842.7790430155418
222.43890162563878,842.7973852172813
222.43890162563878,842.8179421746496
206.77962660636643,901.2482437297509
222.43890162563878,842.89195156291
206.77962660636643,901.3159340877336
222.43890162563878,842.9825774365579
206.77962660636643,901.3815982270411
222.43890162563878,843.0001110864428
222.43890162563878,843.0196646137492
233.74303785838674,800.9983830678746
220.2525567873126,851.3050886624908
222.43890162563878,843.1928090653225
233.74303785838674,801.1893698455647
222.43890162563878,843.37077474708
206.77962660636643,901.7701739562273
220.314597527159,851.3151522456513
233.74303785838674,801.287670595128
222.43890162563878,843.5104185867754
222.43890162563878,843.5569489742833
220.2525567873126,851.7760055384531
222.43890162563878,843.6539968505978
220.2525567873126,851.9393643953465
222.43890162563878,843.7918093576865
222.43890162563878,843.8046909412323
222.43890162563878,843.8159009515724
222.43890162563878,843.8361456948047
220.2525567873126,852.0754136786547
206.77962660636643,902.3278497221385
220.2525567873126,852.1140963337318
222.43890162563878,844.0451032986272
222.43890162563878,844.0557712309319
222.43890162563878,844.204314991238
222.43890162563878,844.2279884764033
206.77962660636643,902.7465373468556
233.74303785838674,802.2034530222636
222.43890162563878,844.4370253152393
222.43890162563878,844.4453412274225
222.43890162563878,844.5276622266907
222.43890162563878,844.535251494193
222.43890162563878,844.5496194865149
222.43890162563878,844.568288624478
220.2525567873126,852.8001795148983
233.74303785838674,802.5202712173311
222.43890162563878,844.7243514249002
220.2525567873126,852.9506132688516
222.43890162563878,844.8372831128805
222.43890162563878,844.8495544002069
206.77962660636643,903.3469751112636
222.43890162563878,844.9719400164967
222.43890162563878,845.0026427465358
222.43890162563878,845.0194821858103
220.2525567873126,853.200268661333
222.43890162563878,845.0819612346578
206.77962660636643,903.5211916169882
206.77962660636643,903.5474801317697
220.2525567873126,853.310081269081
222.43890162563878,845.2397928048339
220.2525567873126,853.3991081222706
220.2525567873126,853.4063523199063
220.2525567873126,853.4142646033662
222.43890162563878,845.38381798375
222.43890162563878,845.3942115852768
220.2525567873126,853.6356937253415
220.2525567873126,853.7894167002481
222.43890162563878,845.7499853884304
222.43890162563878,845.7789513774068
206.77962660636643,904.1772930359027
206.77962660636643,904.2144315832221
220.314597527159,853.7594098726462
222.43890162563878,845.8782224372259
206.77962660636643,904.2740087438091
206.77962660636643,904.3247813221358
222.43890162563878,846.0166074110748
222.43890162563878,846.0214264939407
220.2525567873126,854.2142428125558
233.74303785838674,803.9134650414007
235.97388001876976,795.6156412296154
222.43890162563878,846.1240059114749
233.74303785838674,804.1595118617647
220.2525567873126,854.473900937103
222.43890162563878,846.379742709385
233.74303785838674,804.3544284548889
206.77962660636643,905.0102845443944
222.43890162563878,846.6310180968162
206.77962660636643,905.3013460776732
206.77962660636643,905.3446889559001
222.43890162563878,847.0657936336021
222.43890162563878,847.2708581038677
220.2525567873126,855.4323711079365
220.2525567873126,855.4642523570062
233.74303785838674,805.1618864550562
222.43890162563878,847.4402500179447
233.74303785838674,805.3312963046764
222.43890162563878,847.8011297968563
222.43890162563878,847.8346980854113
222.43890162563878,847.9931658745011
222.43890162563878,848.0842449573462
222.43890162563878,848.0854659754976
222.43890162563878,848.243424277435
222.43890162563878,848.2674062386465
220.2525567873126,856.4395562001118
206.77962660636643,906.7288076054142
222.43890162563878,848.3531046626582
222.43890162563878,848.3940128725962
220.2525567873126,856.6251459113562
220.2525567873126,856.7804519050482
220.2525567873126,856.8200075597573
220.2525567873126,856.8264558011431
220.2525567873126,856.9042761846251
222.43890162563878,848.7970317642204
222.43890162563878,848.9222951139465
222.43890162563878,848.9967358471662
222.43890162563878,848.9974479598752
206.77962660636643,907.5061087957803
222.43890162563878,849.1175484826847
220.2525567873126,857.2732954517082
222.43890162563878,849.1310288742114
220.2525567873126,857.3389592198104
220.2525567873126,857.3680518248698
222.43890162563878,849.2320544153853
220.2525567873126,857.5292023413865
220.2525567873126,857.56003066021
220.2525567873126,857.6271874169748
220.2525567873126,857.6429505603639
220.2525567873126,857.6754350014946
220.2525567873126,857.8167670744454
206.77962660636643,908.1916120180388
206.77962660636643,908.2429053096363
220.314597527159,857.7878835990604
222.43890162563878,849.8989182385852
220.314597527159,857.8217678931245
222.43890162563878,849.9937430601327
220.314597527159,857.9315805008725
222.43890162563878,850.1088783507159
206.77962660636643,908.512291930585
222.43890162563878,850.2427682737058
222.43890162563878,850.2750805939536
222.43890162563878,850.3102984868432
220.314597527159,858.235343300123
222.43890162563878,850.4033517860264
220.2525567873126,858.6365620825221
220.314597527159,858.4209330113673
220.2525567873126,858.6866630960455
220.2525567873126,858.7647566111968
222.43890162563878,850.6891699458602
206.77962660636643,909.08641600333
220.2525567873126,858.869969318346
220.2525567873126,858.942168465977
206.77962660636643,909.1866290229481
222.43890162563878,850.8344631758381
222.43890162563878,850.8382651673846
222.43890162563878,850.8423723128868
220.314597527159,858.8357420443473
206.77962660636643,909.3149906449256
222.43890162563878,851.0094042862314
222.43890162563878,851.0776803375737
222.43890162563878,851.1318186458961
222.43890162563878,851.2218201865693
220.2525567873126,859.4801733564121
222.43890162563878,851.3644778874949
220.314597527159,859.3558177602213
222.43890162563878,851.5137281078503
220.2525567873126,859.7693344673324
220.314597527159,859.5572002656418
222.43890162563878,851.650957935059
220.314597527159,859.6025568802994
220.2525567873126,859.8352173333101
220.314597527159,859.6125541744565
222.43890162563878,851.7352537331751
220.2525567873126,859.8978096476355
220.2525567873126,859.969088143439
206.77962660636643,910.2383244420771
220.2525567873126,860.0129363201057
220.314597527159,859.8196659786275
222.43890162563878,851.9813153682309
206.77962660636643,910.4523885270462
220.2525567873126,860.2318043427617
220.2525567873126,860.2674623714487
222.43890162563878,852.1145382736042
220.2525567873126,860.2861086787757
220.2525567873126,860.2962736720939
222.43890162563878,852.1680716816664
220.2525567873126,860.3329601654814
220.2525567873126,860.4531406521204
220.2525567873126,860.4802217135103
220.2525567873126,860.5454834703933
206.77962660636643,910.7974360349511
206.77962660636643,910.8080936834295
220.314597527159,860.3530719728536
222.43890162563878,852.4454724244786
206.77962660636643,911.0010326651769
220.314597527159,860.546010954601
220.2525567873126,860.8027326578548
222.43890162563878,852.6946704707406
220.2525567873126,860.8704230158374
220.314597527159,860.6469200936119
220.2525567873126,860.936087155145
220.2525567873126,861.0634098691418
222.43890162563878,852.9526937265915
222.43890162563878,853.1186219790304
206.77962660636643,911.5133445650249
222.43890162563878,853.1951033832854
222.43890162563878,853.2504865269876
206.77962660636643,911.6723884601405
220.314597527159,861.2173667495646
235.97388001876976,802.9877166894728
222.43890162563878,853.4776312518655
222.43890162563878,853.4864670191712
222.43890162563878,853.5016818316507
222.43890162563878,853.5059594299767
222.43890162563878,853.510252672603
222.43890162563878,853.5180642965383
220.314597527159,861.4415067915488
233.74303785838674,811.415210318039
220.2525567873126,861.7489130914003
220.2525567873126,861.8171975236321
220.2525567873126,861.8823386502423
220.314597527159,861.7648752434501
220.314597527159,861.8043588373847
220.314597527159,861.8808786635433
235.97388001876976,803.573801340697
206.77962660636643,912.4463606147261
220.314597527159,861.9895510566613
220.314597527159,862.0275914427729
220.2525567873126,862.3010262749594
220.314597527159,862.1094533051389
220.314597527159,862.1507015731779
233.74303785838674,812.1588656554411
220.314597527159,862.2489277521315
220.314597527159,862.296934233286
220.314597527159,862.3412705704043
206.77962660636643,912.8458029322339
220.2525567873126,862.6056455455492
222.43890162563878,854.4908672101508
235.97388001876976,804.0216886232008
220.314597527159,862.4754787252766
220.2525567873126,862.726648919616
220.314597527159,862.6856162744352
220.314597527159,862.7163190044745
220.314597527159,862.7331133520031
220.2525567873126,863.075680545092
220.314597527159,862.8689224967356
222.43890162563878,854.9618743831921
220.2525567873126,863.151166961483
222.43890162563878,855.0302561285351
220.314597527159,863.0327871022903
222.43890162563878,855.1155529315679
220.314597527159,863.0974942416884
220.2525567873126,863.3457985289618
206.77962660636643,913.6196587496065
233.74303785838674,813.0829369685327
220.314597527159,863.2138913143172
233.74303785838674,813.311633931139
206.77962660636643,913.886002268671
222.43890162563878,855.5261659715889
222.43890162563878,855.5323344597496
220.2525567873126,863.7317819640066
220.2525567873126,863.768920511326
206.77962660636643,914.0286303122966
220.314597527159,863.5918986951644
220.2525567873126,863.8284976719129
220.2525567873126,863.9284681518491
222.43890162563878,855.8054542444713
220.2525567873126,863.972776051586
220.314597527159,863.8376821694135
222.43890162563878,855.9486231497748
222.43890162563878,855.959833160115
235.97388001876976,805.5692909774848
222.43890162563878,856.0749351518581
220.314597527159,864.0230810795608
235.97388001876976,805.6373156617708
222.43890162563878,856.1357695470285
220.314597527159,864.0911057638466
222.43890162563878,856.30521281447
220.2525567873126,864.6139713741077
206.77962660636643,914.8600730954453
220.314597527159,864.4567165651016
222.43890162563878,856.5422205452627
222.43890162563878,856.5830311427544
220.2525567873126,864.8558350057771
206.77962660636643,915.1351522796015
206.77962660636643,915.1889164808255
220.314597527159,864.7338947702495
233.74303785838674,814.6678307535319
233.74303785838674,814.6863287625868
206.77962660636643,915.2893845527748
206.77962660636643,915.437671266928
222.43890162563878,857.2258934432003
233.74303785838674,815.3503944977352
235.97388001876976,807.1864754903713
220.314597527159,865.6402655924472
206.77962660636643,916.1157086676556
220.314597527159,865.653427861014
220.314597527159,865.7685631515972
220.314597527159,865.7759829794672
235.97388001876976,807.4275017265561
220.2525567873126,866.1084814137665
220.314597527159,865.881291828632
206.77962660636643,916.3567149907798
233.74303785838674,815.8507029769141
220.314597527159,865.9347653948348
206.77962660636643,916.4151862352247
235.97388001876976,807.8194436120141
220.314597527159,866.2732337140899
206.77962660636643,916.8416150128587
233.74303785838674,816.422542788707
222.43890162563878,858.7074934452334
220.2525567873126,866.8857826041326
220.2525567873126,866.9203135286348
220.2525567873126,866.9554571966365
206.77962660636643,917.3274366886232
220.314597527159,867.0241626883761
222.43890162563878,859.174606631847
233.74303785838674,817.084248469793
220.2525567873126,867.5712858263912
220.2525567873126,867.7973942377401
233.74303785838674,817.5328890362393
222.43890162563878,859.7857293703114
222.43890162563878,859.8904965036653
220.2525567873126,868.0667808586888
220.314597527159,867.9672977607532
206.77962660636643,918.4707120264194
206.77962660636643,918.8402951678548
220.2525567873126,868.6409049314339
220.2525567873126,868.7903158526615
220.2525567873126,868.8694795730295
206.77962660636643,919.1784207886071
220.314597527159,868.7512442966477
206.77962660636643,919.2337076828728
222.43890162563878,860.9178338375293
220.314597527159,868.8547881841668
220.314597527159,868.9101713278687
220.314597527159,869.1656442308579
222.43890162563878,861.260715289505
222.43890162563878,861.2909793717272
220.2525567873126,869.5152188092122
206.77962660636643,919.9721483053302
220.2525567873126,869.792813370181
222.43890162563878,861.6745189658468
206.77962660636643,920.173113079771
235.97388001876976,811.3352651617915
220.314597527159,869.7890552638676
206.77962660636643,920.2749372932763
222.43890162563878,861.9074638256568
220.2525567873126,870.351924963055
233.74303785838674,820.1907953483212
220.2525567873126,870.5555215932808
233.74303785838674,820.4902034885229
222.43890162563878,862.6860248917623
222.43890162563878,862.7875856935825
220.314597527159,870.7801468795964
220.2525567873126,871.0678334931288
222.43890162563878,863.009372127215
206.77962660636643,921.4496397240173
220.314597527159,870.9946180134414
220.2525567873126,871.2268773882444
220.314597527159,871.3110059092234
222.43890162563878,863.5011920863345
233.74303785838674,821.3654030787195
220.314597527159,871.4560698179642
220.314597527159,871.5418127604262
220.314597527159,871.6407633248123
206.77962660636643,922.1581743543898
220.314597527159,871.7272488975198
220.2525567873126,872.0280130997809
206.77962660636643,922.3060222705124
222.43890162563878,863.9130118157572
220.314597527159,872.1448851887433
220.2525567873126,872.4002918603378
222.43890162563878,864.2584704821468
222.43890162563878,864.3599323377501
235.97388001876976,814.018416005885
220.314597527159,872.4722061079609
206.77962660636643,923.1534757789747
220.2525567873126,872.9993325579588
220.314597527159,872.8010494933411
220.314597527159,873.0498042794436
222.43890162563878,865.1816462372718
222.43890162563878,865.2610926128688
220.314597527159,873.2519379190645
220.2525567873126,873.5831192404005
206.77962660636643,923.9375842149695
222.43890162563878,865.7539361595288
233.74303785838674,823.8790421668743
220.314597527159,873.9688480032954
222.43890162563878,866.1078281247954
220.2525567873126,874.4145620235491
220.314597527159,874.2441023842306
220.314597527159,874.4537480253744
220.2525567873126,874.7434054089293
222.43890162563878,866.6167332748133
220.2525567873126,874.8930713824881
220.2525567873126,874.9921601950318
220.314597527159,874.9395697011388
222.43890162563878,867.1323752766241
222.43890162563878,867.2899935276655
220.314597527159,875.225830566634
233.74303785838674,825.2347973696253
222.43890162563878,867.4456369455637
220.314597527159,875.3958903832907
222.43890162563878,867.5107194108967
220.2525567873126,875.6701975957594
222.43890162563878,867.5524592406513
222.43890162563878,867.6504783119909
222.43890162563878,867.7081026585494
220.2525567873126,875.9112039188836
222.43890162563878,867.9608140642326
220.314597527159,875.8926681522258
222.43890162563878,868.0764423659095
220.2525567873126,876.3961039409626
222.43890162563878,868.2972586440117
222.43890162563878,868.3050170075052
222.43890162563878,868.3415978456622
222.43890162563878,868.4913503976386
222.43890162563878,868.5249040679627
220.2525567873126,876.7107768523362
222.43890162563878,868.625913931414
222.43890162563878,868.7199250392342
220.2525567873126,876.881925616727
233.74303785838674,826.5897261779287
233.74303785838674,826.6694759558183
222.43890162563878,868.8862005609806
235.97388001876976,818.5803672125114
222.43890162563878,869.069506783281
220.314597527159,877.0341573145874
222.43890162563878,869.1595479111943
233.74303785838674,827.0513518923901
222.43890162563878,869.2283508046567
222.43890162563878,869.3392780425614
222.43890162563878,869.3630109092396
222.43890162563878,869.3881225527899
222.43890162563878,869.3926038975849
222.43890162563878,869.4081411996311
222.43890162563878,869.4137321905084
222.43890162563878,869.4790369436556
233.74303785838674,827.3517714656165
222.43890162563878,869.5371520994083
222.43890162563878,869.5759101198853
222.43890162563878,869.6126626979966
222.43890162563878,869.6238727083368
222.43890162563878,869.6367158412268
222.43890162563878,869.6432588363857
222.43890162563878,869.6927955173065
220.2525567873126,877.8503858347716
222.43890162563878,869.7098835844736
222.43890162563878,869.7874623975307
222.43890162563878,869.7917892608114
222.43890162563878,869.8577982219881
233.74303785838674,827.7138430954798
222.43890162563878,869.8701810499239
233.74303785838674,827.7293262682336
222.43890162563878,869.9530887596871
222.43890162563878,869.9750954831118
222.43890162563878,870.0433879332325
222.43890162563878,870.1258172756764
222.43890162563878,870.131521442966
222.43890162563878,870.2023704292598
220.314597527159,878.2074554494677
222.43890162563878,870.3114563499414
222.43890162563878,870.3566224313978
233.74303785838674,828.2660632394968
222.43890162563878,870.4491122664981
222.43890162563878,870.4648118727307
222.43890162563878,870.4659066140266
220.314597527159,878.4737989685323
222.43890162563878,870.5600496383781
222.43890162563878,870.6047556843964
222.43890162563878,870.6215500319249
233.74303785838674,828.482747547289
222.43890162563878,870.6617538872416
222.43890162563878,870.6911494240014
222.43890162563878,870.7014814866983
233.74303785838674,828.6412153363788
233.74303785838674,828.6465941526299
222.43890162563878,870.8412403877925
222.43890162563878,870.845060109542
222.43890162563878,870.8705679428155
222.43890162563878,870.8744556463018
222.43890162563878,870.8899329914221
222.43890162563878,870.9897561212205
233.74303785838674,828.8842657874193
222.43890162563878,871.0862862533698
233.74303785838674,828.9375674198526
222.43890162563878,871.1191612312523
222.43890162563878,871.1251329651242
222.43890162563878,871.1608490030382
222.43890162563878,871.2191884196044
222.43890162563878,871.2350090963217
222.43890162563878,871.2422908221731
233.74303785838674,829.0919862002955
222.43890162563878,871.2831811861433
233.74303785838674,829.1797202984662
220.2525567873126,879.5758351350435
222.43890162563878,871.4584233948889
222.43890162563878,871.4880207198132
233.74303785838674,829.350876965013
220.314597527159,879.4440875405652
222.43890162563878,871.5369640839729
222.43890162563878,871.537273399859
222.43890162563878,871.5384422161383
222.43890162563878,871.5492308849597
222.43890162563878,871.7321964275119
222.43890162563878,871.7558743415844
233.74303785838674,829.6231427699805
222.43890162563878,871.7816473913518
233.74303785838674,829.6447853090439
222.43890162563878,871.8089662056428
222.43890162563878,871.8264392367824
222.43890162563878,871.8358292948135
222.43890162563878,871.9115177594826
220.314597527159,879.918155283028
233.74303785838674,829.880103877263
222.43890162563878,872.0818761151774
222.43890162563878,872.200282062386
222.43890162563878,872.2127999417626
222.43890162563878,872.2507373265425
222.43890162563878,872.2767927083015
233.74303785838674,830.1707285768482
233.74303785838674,830.2095596928908
233.74303785838674,830.2467471184497
233.74303785838674,830.2971284601103
222.43890162563878,872.4650770856716
233.74303785838674,830.3287927118349
222.43890162563878,872.5428424071179
222.43890162563878,872.5882794517817
222.43890162563878,872.60449426631
222.43890162563878,872.6129379102604
222.43890162563878,872.6179312586969
222.43890162563878,872.6397822967522
233.74303785838674,830.6022655983496
220.314597527159,880.6933947629346
222.43890162563878,872.7795411978464
222.43890162563878,872.802577727801
220.2525567873126,881.0041286521212
233.74303785838674,830.7448299792972
222.43890162563878,872.9006456602751
222.43890162563878,872.9189348400982
233.74303785838674,830.8125203372796
222.43890162563878,872.9687925961124
222.43890162563878,872.9755222842773
222.43890162563878,872.9874648150081
222.43890162563878,873.0124895510361
222.43890162563878,873.0214644960301
220.314597527159,881.0029829350859
222.43890162563878,873.084250708469
222.43890162563878,873.1010292967721
233.74303785838674,830.9583479487209
222.43890162563878,873.1438508354887
222.43890162563878,873.1675281285351
222.43890162563878,873.2047707183306
233.74303785838674,831.1380246329635
222.43890162563878,873.3020830258771
233.74303785838674,831.1822345027637
222.43890162563878,873.3577850724272
222.43890162563878,873.3862211230378
222.43890162563878,873.3873301653153
222.43890162563878,873.426321529867
233.74303785838674,831.2876571049604
222.43890162563878,873.4493740418455
222.43890162563878,873.5418645409359
222.43890162563878,873.650046364638
233.74303785838674,831.5055817382164
222.43890162563878,873.6912986142019
220.2525567873126,881.8605111986162
222.43890162563878,873.7782174272257
233.74303785838674,831.6574537481091
233.74303785838674,831.6580304709806
222.43890162563878,873.8574294414384
222.43890162563878,873.8713826739967
222.43890162563878,873.8868249781982
222.43890162563878,873.8879620056609
222.43890162563878,873.898654776338
222.43890162563878,873.918976358579
222.43890162563878,873.9198732557975
233.74303785838674,831.7832405905166
222.43890162563878,873.9637254922695
233.74303785838674,831.8142558940343
222.43890162563878,874.0269722133282
222.43890162563878,874.0277209067551
222.43890162563878,874.0564595727508
222.43890162563878,874.0591543137413
222.43890162563878,874.1204523392897
233.74303785838674,831.9974016973359
222.43890162563878,874.2706968637774
233.74303785838674,832.1465717738747
222.43890162563878,874.3571880114371
220.2525567873126,882.533149587327
222.43890162563878,874.3865020381061
233.74303785838674,832.2431235964016
222.43890162563878,874.4293746007409
233.74303785838674,832.3518055910932
222.43890162563878,874.5107697553938
222.43890162563878,874.5427950763637
222.43890162563878,874.5903321535424
222.43890162563878,874.6462373587892
222.43890162563878,874.6745012387759
233.74303785838674,832.6212672549447
222.43890162563878,874.8389464703289
222.43890162563878,874.8432070529489
222.43890162563878,874.94601593718
233.74303785838674,832.8138040556413
233.74303785838674,832.8561419487515
222.43890162563878,875.0342678268448
222.43890162563878,875.0527658358994
222.43890162563878,875.0553724707121
222.43890162563878,875.0821516455426
222.43890162563878,875.1057350302351
220.314597527159,883.0444514751964
233.74303785838674,833.0177778665342
222.43890162563878,875.3574876024396
222.43890162563878,875.402318645823
222.43890162563878,875.430915959259
222.43890162563878,875.5053484270284
220.314597527159,883.4280918677161
222.43890162563878,875.5206430619642
222.43890162563878,875.5617758073164
222.43890162563878,875.7133280575771
222.43890162563878,875.7909747852726
220.314597527159,883.7662174884686
222.43890162563878,875.8987928887383
220.314597527159,883.821504382734
222.43890162563878,875.9049000678041
222.43890162563878,875.9167376350234
222.43890162563878,875.9609611705429
222.43890162563878,875.976661225237
222.43890162563878,875.9934398135401
222.43890162563878,876.0871261792378
222.43890162563878,876.091351607715
233.74303785838674,833.9606562480341
222.43890162563878,876.1888405755199
222.43890162563878,876.2171400502269
222.43890162563878,876.2501955891952
222.43890162563878,876.3303313544513
222.43890162563878,876.3538173207007
222.43890162563878,876.4374338639566
222.43890162563878,876.5140472101563
222.43890162563878,876.5868567182952
222.43890162563878,876.6567821318787
235.97388001876976,826.2841163664832
222.43890162563878,876.7889798620198
220.314597527159,884.737906468559
222.43890162563878,876.8309257969731
220.314597527159,884.7609097796322
222.43890162563878,876.8603213337329
222.43890162563878,876.8964254668876
220.314597527159,884.8627339931375
222.43890162563878,877.0000337363998
222.43890162563878,877.2231884568034
222.43890162563878,877.2429673815002
222.43890162563878,877.2495985282051
222.43890162563878,877.3281379268423
233.74303785838674,835.1828556436778
222.43890162563878,877.4506855431058
222.43890162563878,877.6439461968812
222.43890162563878,877.6699512231298
222.43890162563878,877.6821936828464
222.43890162563878,877.7837050979754
222.43890162563878,877.9225100303686
222.43890162563878,877.9566940684142
222.43890162563878,878.1068601742273
233.74303785838674,836.1432470394974
222.43890162563878,878.2969316198231
222.43890162563878,878.2991705901915
220.314597527159,886.2257789488409
222.43890162563878,878.3330548842556
222.43890162563878,878.3385101794579
222.43890162563878,878.4304854299961
222.43890162563878,878.4428674920036
222.43890162563878,878.5457503856632
222.43890162563878,878.5505185689974
233.74303785838674,836.5292993495276
222.43890162563878,878.6883133365426
222.43890162563878,878.7466302912542
220.314597527159,886.7459710542511
222.43890162563878,878.9322200024985
222.43890162563878,878.9712601713704
222.43890162563878,879.1283744029718
222.43890162563878,879.1906364057617
222.43890162563878,879.2504703465477
206.77962660636643,937.6547798709335
222.43890162563878,879.2672646940762
222.43890162563878,879.3126904864723
222.43890162563878,879.3470290354784
233.74303785838674,837.231080604632
233.74303785838674,837.2430682012969
222.43890162563878,879.4572177883518
222.43890162563878,879.4600421595435
222.43890162563878,879.5174545866158
222.43890162563878,879.5469589764929
222.43890162563878,879.6156855774417
222.43890162563878,879.6813903787878
222.43890162563878,879.7059725744544
222.43890162563878,879.7245296122001
222.43890162563878,879.8027029545191
222.43890162563878,879.843110370458
222.43890162563878,879.8671047513524
222.43890162563878,879.8776784507669
222.43890162563878,879.9496041614602
222.43890162563878,879.9918009137954
222.43890162563878,880.008118107401
222.43890162563878,880.0333218686651
222.43890162563878,880.0684872567729
222.43890162563878,880.0812299088539
222.43890162563878,880.0863155456716
222.43890162563878,880.1138438714306
222.43890162563878,880.1238411655877
222.43890162563878,880.1315463398993
233.74303785838674,838.0088781801311
206.77962660636643,938.5870361272251
233.74303785838674,838.0542760316613
222.43890162563878,880.2859651203422
222.43890162563878,880.3309529697586
222.43890162563878,880.3736992185128
222.43890162563878,880.3803011260018
222.43890162563878,880.4396660865968
222.43890162563878,880.453528516307
206.77962660636643,938.8495018402109
222.43890162563878,880.5572324216339
222.43890162563878,880.5584649024082
220.314597527159,888.5253809148307
222.43890162563878,880.6192555501069
222.43890162563878,880.6250162983063
222.43890162563878,880.6297997330347
222.43890162563878,880.7205912785273
222.43890162563878,880.8395608905496
222.43890162563878,880.8446659475272
222.43890162563878,880.8545741183259
222.43890162563878,880.8643589639848
222.43890162563878,880.8818121378611
222.43890162563878,880.8953232169126
222.43890162563878,881.0572979457323
222.43890162563878,881.1099163203853
222.43890162563878,881.1563985221088
222.43890162563878,881.1582070847431
222.43890162563878,881.1684042759297
222.43890162563878,881.2993448498536
222.43890162563878,881.3736320969805
222.43890162563878,881.4171590620323
222.43890162563878,881.4264148531794
222.43890162563878,881.4376248635195
222.43890162563878,881.4398844759086
222.43890162563878,881.5227716318816
222.43890162563878,881.5611101813885
222.43890162563878,881.5957379961496
222.43890162563878,881.7036745623358
222.43890162563878,881.7286537406957
222.43890162563878,881.7318401520324
222.43890162563878,881.7713649203184
222.43890162563878,881.7842448719325
222.43890162563878,881.9328181897837
222.43890162563878,881.9527937826799
222.43890162563878,881.9634098830189
222.43890162563878,881.9814955445139
233.74303785838674,839.8921250928344
222.43890162563878,882.0845115238075
222.43890162563878,882.091308152262
233.74303785838674,840.0073229641586
222.43890162563878,882.1875792030872
233.74303785838674,840.0374192608232
222.43890162563878,882.2323723483963
222.43890162563878,882.270066547697
222.43890162563878,882.2761622345813
233.74303785838674,840.1564181856832
222.43890162563878,882.3156458285158
222.43890162563878,882.3320035530102
222.43890162563878,882.3362027858841
233.74303785838674,840.2284060385133
222.43890162563878,882.3921656546745
206.77962660636643,940.8341946989681
233.74303785838674,840.3267067880766
222.43890162563878,882.5008380477924
222.43890162563878,882.5388784339041
222.43890162563878,882.6207402962701
222.43890162563878,882.6319239891719
222.43890162563878,882.6619885643091
222.43890162563878,882.7036851466049
222.43890162563878,882.7204637349081
222.43890162563878,882.7602147432627
222.43890162563878,882.8082212244174
222.43890162563878,882.8211028079631
222.43890162563878,882.8525575615356
222.43890162563878,882.9334608310886
233.74303785838674,840.8150816702059
222.43890162563878,882.977219510563
222.43890162563878,882.9867657164078
222.43890162563878,882.9954696957367
222.43890162563878,883.1969032655663
222.43890162563878,883.2019681794404
222.43890162563878,883.2276059956056
222.43890162563878,883.2313637162002
222.43890162563878,883.2444003431342
222.43890162563878,883.2551278202839
222.43890162563878,883.3069244837275
206.77962660636643,941.7461548660579
206.77962660636643,941.7629492135864
222.43890162563878,883.3802094878668
206.77962660636643,941.8401502683917
222.43890162563878,883.5440740934216
222.43890162563878,883.6087812328196
222.43890162563878,883.7251783054485
222.43890162563878,883.976622449573
206.77962660636643,942.4393153866345
233.74303785838674,841.901305749435
222.43890162563878,884.1031856862957
222.43890162563878,884.2135979911174
222.43890162563878,884.3489691605447
222.43890162563878,884.3675834174193
222.43890162563878,884.5343680706919
222.43890162563878,884.6023927549778
206.77962660636643,943.0529169411441
233.74303785838674,842.7957842701638
222.43890162563878,884.9680035562328
233.74303785838674,842.8293518334171
233.74303785838674,842.8723812468659
222.43890162563878,885.033150138663
220.314597527159,892.9587664619982
233.74303785838674,842.8880545160176
233.74303785838674,842.8992645263578
222.43890162563878,885.2207830832926
222.43890162563878,885.2451817613806
222.43890162563878,885.406372794537
222.43890162563878,885.561678788229
233.74303785838674,843.4327869206961
222.43890162563878,885.6012344429382
222.43890162563878,885.685503067806
222.43890162563878,885.8686643491063
222.43890162563878,886.0545223348892
222.43890162563878,886.1492787080507
222.43890162563878,886.1515525835785
222.43890162563878,886.1647148521452
222.43890162563878,886.2798501427284
222.43890162563878,886.2872699705986
206.77962660636643,944.6832637225974
222.43890162563878,886.3104292245673
233.74303785838674,844.1653248094432
222.43890162563878,886.3412575433908
222.43890162563878,886.3925788197631
222.43890162563878,886.4084143001556
222.43890162563878,886.446052385966
222.43890162563878,886.4566618846754
222.43890162563878,886.5743235780388
222.43890162563878,886.5979939576262
206.77962660636643,945.129265698084
220.314597527159,894.6742439875081
222.43890162563878,886.7845207052211
222.43890162563878,886.8609444803989
222.43890162563878,887.105389190719
222.43890162563878,887.2486521295862
222.43890162563878,887.3249834998275
222.43890162563878,887.3372259595441
220.314597527159,895.3891417095202
222.43890162563878,887.5354496795073
222.43890162563878,887.6117263451117
222.43890162563878,887.697222980771
233.74303785838674,845.8296956991494
222.43890162563878,888.2055508456949
222.43890162563878,888.261400239593
222.43890162563878,888.2855100656167
222.43890162563878,888.4785847518845
222.43890162563878,888.616444216491
222.43890162563878,888.6790365308165
222.43890162563878,888.7503150266198
222.43890162563878,888.9677227631698
222.43890162563878,889.0130312259425
222.43890162563878,889.0594264249079
222.43890162563878,889.0673355619566
222.43890162563878,889.2343675353012
222.43890162563878,889.2625312877789
222.43890162563878,889.3267103535741
222.43890162563878,889.3660751752979
235.97388001876976,838.8975115749283
222.43890162563878,889.3795618888976
222.43890162563878,889.4214583190001
222.43890162563878,889.6046364381579
222.43890162563878,889.6769312219891
222.43890162563878,889.7362621855515
222.43890162563878,889.8446367523227
222.43890162563878,889.8759211841287
220.2525567873126,898.141525055329
222.43890162563878,890.1085607930046
235.97388001876976,839.6814581108227
220.2525567873126,898.4039907683148
222.43890162563878,890.3003422549987
222.43890162563878,890.5301399745811
222.43890162563878,890.598424406813
220.314597527159,898.7709742036708
222.43890162563878,890.8695327062869
222.43890162563878,890.9196337198102
222.43890162563878,890.9977272349618
220.2525567873126,899.230404443668
222.43890162563878,891.1029399421107
222.43890162563878,891.1751390897418
233.74303785838674,849.1038823886098
222.43890162563878,891.2914338707276
222.43890162563878,891.38687242873
222.43890162563878,891.5059050045726
220.314597527159,899.5482753940369
222.43890162563878,891.8222929003546
222.43890162563878,891.9673568090953
222.43890162563878,892.0530997515573
222.43890162563878,892.1270254121426
222.43890162563878,892.1520503159435
235.97388001876976,841.7103606937715
220.2525567873126,900.3886836270719
222.43890162563878,892.2385358886509
222.43890162563878,892.2459069438705
220.314597527159,900.2337786162955
222.43890162563878,892.5004329952136
222.43890162563878,892.6561721798744
222.43890162563878,892.7131923372751
222.43890162563878,892.7540029347668
206.77962660636643,951.1747210503266
235.97388001876976,842.3862836321392
222.43890162563878,892.8931389006724
222.43890162563878,892.9834930990921
222.43890162563878,893.0357032816197
222.43890162563878,893.1033936396022
235.97388001876976,842.6574627116947
220.2525567873126,901.3006437941617
220.2525567873126,901.3174381416902
222.43890162563878,893.1690577789097
220.2525567873126,901.443837098105
222.43890162563878,893.3123364844722
233.74303785838674,851.1979018483896
222.43890162563878,893.5610912705748
220.2525567873126,901.8189891949869
222.43890162563878,893.7632249101958
222.43890162563878,894.0663601669125
222.43890162563878,894.115309274007
235.97388001876976,843.7312633075161
220.2525567873126,902.6074058692479
222.43890162563878,894.4801349944266
222.43890162563878,894.5339968987242
235.97388001876976,844.1821517332397
222.43890162563878,894.7553893753618
222.43890162563878,894.9650350165057
222.43890162563878,895.3086511688567
233.74303785838674,853.2311648340557
222.43890162563878,895.45085669227
235.97388001876976,845.1743161984057
222.43890162563878,895.7015404118156
222.43890162563878,895.7366840798173
222.43890162563878,895.7371175577651
222.43890162563878,895.8307022915951
222.43890162563878,895.907177374422
222.43890162563878,895.9647525877715
222.43890162563878,896.0018911350908
222.43890162563878,896.0614682956777
220.2525567873126,904.2377526507013
222.43890162563878,896.4039551433569
235.97388001876976,846.156044380809
233.74303785838674,854.5792456311672
235.97388001876976,846.3261041974658
222.43890162563878,896.8041659402123
222.43890162563878,897.0888056295418
233.74303785838674,855.0720891778274
220.2525567873126,905.4018723725186
235.97388001876976,846.8228819664008
222.43890162563878,897.5454443057185
233.74303785838674,855.425981143094
222.43890162563878,898.1108718725369
222.43890162563878,898.296445692393
222.43890162563878,898.7187424405989
222.43890162563878,898.9850859596634
233.74303785838674,857.2789670825312
222.43890162563878,899.9553745316963
222.43890162563878,900.0303648615048
222.43890162563878,900.2997514824536
222.43890162563878,900.4294422741592
222.43890162563878,900.8092399829617
235.97388001876976,850.3743013547402
222.43890162563878,900.8486776458367
222.43890162563878,900.8738755551988
222.43890162563878,901.1024501967944
220.314597527159,909.1009046796142
222.43890162563878,901.2046817540659
222.43890162563878,901.5142699262171
222.43890162563878,902.0257839939459
235.97388001876976,851.6236085771097
222.43890162563878,902.4070372495319
233.74303785838674,860.4044392716681
222.43890162563878,902.5626806674301
220.2525567873126,910.7292099784305
222.43890162563878,902.5848955868199
220.314597527159,910.5128786246759
222.43890162563878,902.7884922170457
233.74303785838674,861.1445922550809
222.43890162563878,903.3008041168936
222.43890162563878,903.459848012009
222.43890162563878,903.5557384663276
233.74303785838674,861.567714237445
222.43890162563878,903.9393788588472
222.43890162563878,904.2775044795997
222.43890162563878,904.3327913738652
222.43890162563878,904.6332624841027
222.43890162563878,905.2491934596902
222.43890162563878,905.2721967707633
222.43890162563878,905.3740209842686
222.43890162563878,905.492003735517
222.43890162563878,905.8160898641653
222.43890162563878,906.331731865976
222.43890162563878,906.6475326473139
222.43890162563878,906.7370659399721
233.74303785838674,864.7542509227555
222.43890162563878,906.976376032694
222.43890162563878,907.2041791265858
222.43890162563878,907.2251308187966
222.43890162563878,907.2572580453823
220.314597527159,915.1956423772313
233.74303785838674,865.596187963859
233.74303785838674,865.6792701595327
222.43890162563878,907.9031682195243
233.74303785838674,865.7890827672807
233.74303785838674,865.8688325451702
222.43890162563878,908.1441745426484
233.74303785838674,866.0544222564147
222.43890162563878,908.6290745647275
222.43890162563878,908.762107113498
233.74303785838674,866.6932443107554
222.43890162563878,909.036667905962
222.43890162563878,909.0695376392758
222.43890162563878,909.1148962404918
233.74303785838674,866.9893070052685
233.74303785838674,867.2460434195037
233.74303785838674,867.4108612450982
233.74303785838674,867.8480052289095
233.74303785838674,868.0836223767712
233.74303785838674,868.346088089757
233.74303785838674,868.3543153193999
233.74303785838674,869.0256711143633
233.74303785838674,869.2990090579569
222.43890162563878,911.4999128867979
233.74303785838674,869.3700851662002
233.74303785838674,869.3983644884975
233.74303785838674,869.5986598077958
233.74303785838674,869.6610806878202
233.74303785838674,869.6765638605742
233.74303785838674,869.8470533230694
233.74303785838674,869.8824169971788
233.74303785838674,869.9747598154518
222.43890162563878,912.1439396076487
233.74303785838674,870.0082038395863
233.74303785838674,870.0392191431041
233.74303785838674,870.1544364996944
233.74303785838674,870.2225253654045
233.74303785838674,870.3307809485141
233.74303785838674,870.5219936049473
233.74303785838674,870.5767688401629
222.43890162563878,912.9212407980147
233.74303785838674,871.0221956791161
233.74303785838674,871.0387673047111
222.43890162563878,913.2112187320106
233.74303785838674,871.0811051978213
222.43890162563878,913.2370992758861
233.74303785838674,871.2427411156038
233.74303785838674,871.2595354631324
222.43890162563878,913.4700534531294
222.43890162563878,913.6067440202733
233.74303785838674,871.5703803623211
222.43890162563878,914.093481822381
233.74303785838674,872.3142188315098
233.74303785838674,872.5421991350482
233.74303785838674,872.5495031906902
222.43890162563878,914.8817453809485
233.74303785838674,872.977068114765
222.43890162563878,915.1855309786392
233.74303785838674,873.1294720951041
233.74303785838674,873.2348946973009
233.74303785838674,873.4020523966444
233.74303785838674,873.4140399933093
222.43890162563878,915.6590465713145
233.74303785838674,873.6052680633211
222.43890162563878,915.9004287006513
233.74303785838674,874.1798499721435
222.43890162563878,916.3445497935732
233.74303785838674,874.2252478236737
233.74303785838674,875.8248000271616
233.74303785838674,876.2083910528356
233.74303785838674,876.384733541695
233.74303785838674,876.3993778305257
233.74303785838674,876.4976785800891
222.43890162563878,919.282261194802
222.43890162563878,920.059562385168
233.74303785838674,877.981232014894
233.74303785838674,878.4765369418681
222.43890162563878,920.7450656074266
233.74303785838674,878.5940647190758
233.74303785838674,878.8029223782403
233.74303785838674,878.9444951542707
233.74303785838674,879.0914816821863
233.74303785838674,879.3993150268344
233.74303785838674,879.922924465335
233.74303785838674,880.251767850715
233.74303785838674,880.2536710086492
233.74303785838674,880.5005226368177
233.74303785838674,880.6713072998726
233.74303785838674,880.7312125175391
233.74303785838674,881.4195663606695
222.43890162563878,923.8858440286538
233.74303785838674,881.7333088868875
233.74303785838674,881.9044663827485
233.74303785838674,882.3902880585129
233.74303785838674,882.5794334353029
233.74303785838674,883.224702501457
235.97388001876976,876.1077402441078
222.43890162563878,926.6236498019535
233.74303785838674,885.2253303927204
222.43890162563878,928.0116313268489
235.97388001876976,877.9934923067544
222.43890162563878,928.568607781209
233.74303785838674,886.863597324017
233.74303785838674,887.3688736404021
222.43890162563878,929.6121916707455
220.314597527159,937.7152699685631
233.74303785838674,888.0368954588973
233.74303785838674,888.1315692185656
222.43890162563878,930.3744956790938
233.74303785838674,888.3032389779618
235.97388001876976,880.0706696317307
222.43890162563878,930.6369613920796
233.74303785838674,888.5016991277334
222.43890162563878,931.0241656158071
222.43890162563878,931.3064135545089
235.97388001876976,880.9097172831234
235.97388001876976,881.7834098436996
222.43890162563878,932.6216542508367
233.74303785838674,890.8324229445155
233.74303785838674,890.9019537416046
222.43890162563878,933.5336144179265
222.43890162563878,933.5504087654551
233.74303785838674,892.5462108333578
235.97388001876976,884.3335212244797
222.43890162563878,934.8403764930129
235.97388001876976,884.6925768096402
233.74303785838674,893.2575318771457
235.97388001876976,885.0478452154706
235.97388001876976,885.1724562475399
222.43890162563878,935.7069293683624
233.74303785838674,893.595657497898
233.74303785838674,893.6509443921636
233.74303785838674,893.8592681938882
222.43890162563878,936.4707232744661
233.74303785838674,894.5903497890619
233.74303785838674,894.6921740025671
235.97388001876976,886.5452731467526
233.74303785838674,896.5754110636806
233.74303785838674,898.3548209242604
235.97388001876976,890.6975332871062
222.43890162563878,942.5445443109718
233.74303785838674,900.767070826797
222.43890162563878,942.9621806021953
235.97388001876976,894.1930109144979
233.74303785838674,903.0662851186873
233.74303785838674,903.197446074319
233.74303785838674,903.2006660986376
235.97388001876976,895.0739369042265
233.74303785838674,906.5792785684696
233.74303785838674,907.3565797588357
235.97388001876976,899.6531810718485
233.74303785838674,908.0420829810942
222.43890162563878,950.4366097442706
222.43890162563878,950.5922531621688
222.43890162563878,958.2265569596943
233.74303785838674,918.3211829894748
233.74303785838674,923.00394674203
233.74303785838674,945.5235743333619
275.5204571692549,837.3941545617847
275.5204571692549,838.829624460233
275.5204571692549,839.204776557115
275.5204571692549,840.3391963324491
275.5204571692549,841.7746662308974
275.5204571692549,842.1498183277794
275.5204571692549,842.7458833419216
275.5204571692549,843.193742233933
275.5204571692549,844.9727546302507
275.5204571692549,846.0657114318801
275.5204571692549,846.8795285708047
275.5204571692549,847.753308117522
275.5204571692549,847.8330578954116
275.5204571692549,848.3041873038262
275.5204571692549,848.6132585849266
275.5204571692549,848.6793394007082
275.5204571692549,848.7520461958376
275.5204571692549,848.8063599858954
275.5204571692549,848.9076896137359
275.5204571692549,849.0619474194987
275.5204571692549,849.1815120827773
275.5204571692549,849.2542188779067
275.5204571692549,849.409862295805
275.5204571692549,849.5456750449434
275.5204571692549,850.0406677161509
275.5204571692549,850.0478477270126
275.5204571692549,850.171607131698
275.5204571692549,850.2272255348522
275.5204571692549,850.2719523078687
275.5204571692549,850.4314029438157
275.5204571692549,850.45557574788
275.5204571692549,850.6759143694243
275.5204571692549,850.6983498881864
275.5204571692549,850.778099666076
275.5204571692549,851.058021922594
275.5204571692549,851.1237732614356
275.5204571692549,851.1596419948689
275.5204571692549,851.3343105164415
275.5204571692549,851.3723665498725
275.5204571692549,851.3741646802182
275.5204571692549,851.483409184956
275.5204571692549,851.558300355591
275.5204571692549,851.6240153937847
275.5204571692549,851.8220235722296
275.5204571692549,852.006989190163
275.5204571692549,852.082574303199
275.5204571692549,852.1261880758539
275.5204571692549,852.1543653697332
275.5204571692549,852.2231805120276
275.5204571692549,852.350110606779
275.5204571692549,852.4907168156078
275.5204571692549,852.6022242617446
275.5204571692549,852.7253531940968
275.5204571692549,852.7336948755786
275.5204571692549,852.992889497677
275.5204571692549,853.2358675576478
275.5204571692549,853.4448388750659
275.5204571692549,853.5641013739757
275.5204571692549,853.7710666461717
275.5204571692549,853.8105502401062
275.5204571692549,853.9957424593828
275.5204571692549,854.1609100336094
275.5204571692549,854.2793522871059
275.5204571692549,854.2815810097227
275.5204571692549,854.4438623351639
275.5204571692549,854.5821566089384
275.5204571692549,854.6939927701767
275.5204571692549,854.7525135339934
275.5204571692549,855.1318498452143
275.5204571692549,855.2073334065569
275.5204571692549,855.2378379384782
275.5204571692549,855.4741934596917
275.5204571692549,855.6129900353601
275.5204571692549,855.6555239644433
275.5204571692549,855.6856968304896
275.5204571692549,855.841340248388
275.5204571692549,856.4793256795954
275.5204571692549,857.5534042758873
275.5204571692549,857.6975553046577
275.5204571692549,858.0555769579564
275.5204571692549,858.1523751772213
275.5204571692549,858.2936203187999
275.5204571692549,858.5567270952375
275.5204571692549,858.5576660284366
275.5204571692549,858.7414792108113
275.5204571692549,859.0031428369705
275.5204571692549,859.1568311466797
275.5204571692549,859.1909278874759
275.5204571692549,859.4243674502598
275.5204571692549,859.4994280233975
275.5204571692549,859.5053155190396
275.5204571692549,859.6022839253603
275.5204571692549,859.6115601817078
275.5204571692549,859.6673455102307
275.5204571692549,859.7003029967001
275.5204571692549,859.7437269962243
275.5204571692549,859.7800527745896
275.5204571692549,859.8399103947355
275.5204571692549,859.9774360222423
275.5204571692549,860.0084029876174
275.5204571692549,860.0328067570367
275.5204571692549,860.0501428173717
275.5204571692549,860.0663800542716
275.5204571692549,860.1481618887115
275.5204571692549,860.20578623527
275.5204571692549,860.2611569700645
275.5204571692549,860.3456888056301
275.5204571692549,860.407092842245
275.5204571692549,860.4876266296005
275.5204571692549,860.5142389462828
275.5204571692549,860.6101332762565
275.5204571692549,860.6344604570987
275.5204571692549,860.6776923318807
275.5204571692549,860.7108556414955
275.5204571692549,860.7949422207323
275.5204571692549,860.8027005842257
275.5204571692549,860.8437716664776
275.5204571692549,860.9258816362794
275.5204571692549,860.9336399997728
275.5204571692549,860.9354855216118
275.5204571692549,860.989258402927
275.5204571692549,861.0225876446832
275.5204571692549,861.0313798515855
275.5204571692549,861.0557070324277
275.5204571692549,861.1104208692385
275.5204571692549,861.1934358118905
275.5204571692549,861.2176086159548
275.5204571692549,861.2177171572839
275.5204571692549,861.2367522550348
275.5204571692549,861.2666035551373
275.5204571692549,861.3383723273098
275.5204571692549,861.3493654618322
275.5204571692549,861.3748699025685
275.5204571692549,861.4379472374991
275.5204571692549,861.4910563310106
275.5204571692549,861.5305399249451
275.5204571692549,861.5510968823133
275.5204571692549,861.5671903600015
275.5204571692549,861.6134484087584
275.5204571692549,861.6236120953469
275.5204571692549,861.6579988303638
275.5204571692549,861.6981297755486
275.5204571692549,861.7157321442216
275.5204571692549,861.754551510894
275.5204571692549,861.7596189026387
275.5204571692549,861.8101699140482
275.5204571692549,861.8200547906688
275.5204571692549,861.8452434835782
275.5204571692549,861.8858061295105
275.5204571692549,861.8932225339156
275.5204571692549,861.911415767229
275.5204571692549,861.9216748629437
275.5204571692549,861.9723434576423
275.5204571692549,861.9902427035937
275.5204571692549,861.9948426061906
275.5204571692549,861.9992489917843
275.5204571692549,861.9993419719448
275.5204571692549,862.0143473230116
275.5204571692549,862.0249201678209
275.5204571692549,862.0327126070142
275.5204571692549,862.0385201270759
275.5204571692549,862.0501078634449
275.5204571692549,862.0731202133625
275.5204571692549,862.0735936966059
275.5204571692549,862.0963433845163
275.5204571692549,862.1065452798297
275.5204571692549,862.1343994179473
275.5204571692549,862.1359696581403
275.5204571692549,862.1935956942609
275.5204571692549,862.2075671611941
275.5204571692549,862.2473298161204
275.5204571692549,862.2484274070243
275.5204571692549,862.2588587486202
275.5204571692549,862.3644863061048
275.5204571692549,862.3700211061418
275.5204571692549,862.3924772730738
275.5204571692549,862.4017800802058
275.5204571692549,862.4133090127056
275.5204571692549,862.4280200869937
275.5204571692549,862.4444697940619
275.5204571692549,862.4507723364078
275.5204571692549,862.4727790598323
275.5204571692549,862.5496977903846
275.5204571692549,862.5540429437173
275.5204571692549,862.64096630179
275.5204571692549,862.6887687668886
275.5204571692549,862.7067176406316
275.5204571692549,862.720208942125
275.5204571692549,862.7425863740649
275.5204571692549,862.7884611095875
275.5204571692549,862.8533209028775
275.5204571692549,862.8611679047169
275.5204571692549,862.9172548956375
275.5204571692549,862.9221120153188
275.5204571692549,862.9301927690628
275.5204571692549,862.9389359859906
275.5204571692549,862.9553109290684
275.5204571692549,863.0168113226152
275.5204571692549,863.0201310866586
275.5204571692549,863.0283990589841
275.5204571692549,863.130019131259
275.5204571692549,863.1361579386662
275.5204571692549,863.1554012930272
275.5204571692549,863.2813053956196
275.5204571692549,863.2848337810309
275.5204571692549,863.2885734694514
275.5204571692549,863.2907305762944
275.5204571692549,863.3238938859091
275.5204571692549,863.3427436862626
275.5204571692549,863.3721392230224
275.5204571692549,863.3862081442301
275.5204571692549,863.442871066263
275.5204571692549,863.5212771335617
275.5204571692549,863.5766478683562
275.5204571692549,863.5795022277631
275.5204571692549,863.6547967538228
275.5204571692549,863.6659156565782
275.5204571692549,863.7326926730423
275.5204571692549,863.7428317064166
275.5204571692549,863.7888134371419
275.5204571692549,863.807454719559
275.5204571692549,863.8344082494601
275.5204571692549,863.9759062211377
275.5204571692549,863.989280572547
275.5204571692549,864.000748803092
275.5204571692549,864.0317914971127
275.5204571692549,864.0555335025033
275.5204571692549,864.0871622319072
275.5204571692549,864.1640782817456
275.5204571692549,864.3261342420506
275.5204571692549,864.3563910049158
275.5204571692549,864.3571167652987
275.5204571692549,864.3993019852974
275.5204571692549,864.410527147876
275.5204571692549,864.4870549105392
275.5204571692549,864.5330995142465
275.5204571692549,864.572583108181
275.5204571692549,864.6457508514278
275.5204571692549,864.7154146640254
275.5204571692549,864.7269435965252
275.5204571692549,864.7577753274576
275.5204571692549,864.8066933744147
275.5204571692549,864.8475517828914
275.5204571692549,865.0350435874425
275.5204571692549,865.0413851551807
275.5204571692549,865.0436138777975
275.5204571692549,865.0466313238113
275.5204571692549,865.1470457531717
275.5204571692549,865.1748024885366
275.5204571692549,865.2193531705253
275.5204571692549,865.3095280767692
275.5204571692549,865.3150628768062
275.5204571692549,865.3218007583883
275.5204571692549,865.3447482577794
275.5204571692549,865.3540110253676
275.5204571692549,865.36417280448
275.5204571692549,865.3723294054552
275.5204571692549,865.3890845948977
275.5204571692549,865.3934946193021
275.5204571692549,865.4156878824945
275.5204571692549,865.494739561049
275.5204571692549,865.5344785103658
275.5204571692549,865.5786868385787
275.5204571692549,865.6241479598945
275.5204571692549,865.6652507127894
275.5204571692549,865.7024542950512
275.5204571692549,865.733137102664
275.5204571692549,865.7809273764963
275.5204571692549,865.8215828205574
275.5204571692549,865.8622966663019
275.5204571692549,865.8645253889187
275.5204571692549,865.8995989584487
275.5204571692549,865.9111278909485
275.5204571692549,865.9367934716224
275.5204571692549,865.9525222361045
275.5204571692549,865.975039406017
275.5204571692549,866.0806011267837
275.5204571692549,866.1197602636487
275.5204571692549,866.2932441549624
275.5204571692549,866.332302220907
275.5204571692549,866.3589867829598
275.5204571692549,866.4175568325181
275.5204571692549,866.5246557900489
275.5204571692549,866.5998385244872
275.5204571692549,866.6046618709894
275.5204571692549,866.832939775668
275.5204571692549,866.842816584458
275.5204571692549,866.9198631337407
275.5204571692549,866.9380563670541
275.5204571692549,866.9694292493294
275.5204571692549,867.0214832060157
275.5204571692549,867.0258895916094
275.5204571692549,867.0648846430677
275.5204571692549,867.1331858796548
275.5204571692549,867.1850084335341
275.5204571692549,867.2342077610192
275.5204571692549,867.2384683436393
275.5204571692549,867.2932348560954
275.5204571692549,867.4774129362329
275.5204571692549,867.6303112800772
275.5204571692549,867.7326304127309
275.5204571692549,867.8261772499494
275.5204571692549,867.8425283032675
275.5204571692549,867.8611181312799
275.5204571692549,867.9652091230491
275.5204571692549,867.9655765858157
275.5204571692549,868.0467716864837
275.5204571692549,868.054412214813
275.5204571692549,868.1627985384913
275.5204571692549,868.2668425290527
275.5204571692549,868.3079459954447
275.5204571692549,868.3173711761195
275.5204571692549,868.3505344857342
275.5204571692549,868.464190559597
275.5204571692549,868.4695116660881
275.5204571692549,868.7339911103437
275.5204571692549,868.7596684807766
275.5204571692549,868.821824334899
275.5204571692549,868.8237970039605
275.5204571692549,868.8515008974214
275.5204571692549,868.8610488492852
275.5204571692549,868.9291206229444
275.5204571692549,868.9925758519441
275.5204571692549,869.0607689274927
275.5204571692549,869.0655502568684
275.5204571692549,869.230955980907
275.5204571692549,869.278593825662
275.5204571692549,869.3616707216456
275.5204571692549,869.4095332412091
275.5204571692549,869.4259425851225
275.5204571692549,869.526682564366
275.5204571692549,869.5566469492387
275.5204571692549,869.671553275934
275.5204571692549,869.6723914512529
275.5204571692549,869.7363236334814
275.5204571692549,869.7554041739211
275.5204571692549,869.7615113291054
275.5204571692549,869.7849971622664
275.5204571692549,869.958733281781
275.5204571692549,870.0760558156361
275.5204571692549,870.1038807387343
275.5204571692549,870.1131835458663
275.5204571692549,870.1798556622122
275.5204571692549,870.1841825254928
275.5204571692549,870.2654464093778
275.5204571692549,870.2674643282031
275.5204571692549,870.2748102618602
275.5204571692549,870.3012394585046
275.5204571692549,870.3107950777593
275.5204571692549,870.3664134809135
275.5204571692549,870.3936466391682
275.5204571692549,870.3992585298444
275.5204571692549,870.4005971042676
275.5204571692549,870.4316124077856
275.5204571692549,870.5239147076475
275.5204571692549,870.5705908898769
275.5204571692549,870.5947636939412
275.5204571692549,870.6087257543871
275.5204571692549,870.6288549243844
275.5204571692549,870.7398025246446
275.5204571692549,870.7653355874158
275.5204571692549,870.7687987360501
275.5204571692549,870.7857747604626
275.5204571692549,870.7875700739319
275.5204571692549,870.8151023154855
275.5204571692549,870.8414225969195
275.5204571692549,870.8415055311796
275.5204571692549,870.8572051374122
275.5204571692549,870.8655245383521
275.5204571692549,870.9691621048444
275.5204571692549,870.9796719346471
275.5204571692549,870.9971489490779
275.5204571692549,871.0006605435843
275.5204571692549,871.0541471519231
275.5204571692549,871.0835426886829
275.5204571692549,871.0938747513799
275.5204571692549,871.0986796149241
275.5204571692549,871.1865821627448
275.5204571692549,871.1972098686552
275.5204571692549,871.2308167337901
275.5204571692549,871.2336336524739
275.5204571692549,871.2629612074969
275.5204571692549,871.2988299409302
275.5204571692549,871.42989627471
275.5204571692549,871.4311605693925
275.5204571692549,871.4734984625028
275.5204571692549,871.5095587915382
275.5204571692549,871.5115544959338
275.5204571692549,871.5630781978664
275.5204571692549,871.6095566552743
275.5204571692549,871.6115816842859
275.5204571692549,871.6272795223626
275.5204571692549,871.6351343802854
275.5204571692549,871.6625259847666
275.5204571692549,871.6755744508249
275.5204571692549,871.6943270371241
275.5204571692549,871.6994149088412
275.5204571692549,871.7047102514409
275.5204571692549,871.7288995946376
275.5204571692549,871.7989528333932
275.5204571692549,871.806513866372
275.5204571692549,871.8067111968866
275.5204571692549,871.808263806248
275.5204571692549,871.8447126121989
275.5204571692549,871.8804139844948
275.5204571692549,871.9416241496411
275.5204571692549,871.9753059381472
275.5204571692549,871.9960698491545
275.5204571692549,872.0105920275328
275.5204571692549,872.0113534000419
275.5204571692549,872.0149786788392
275.5204571692549,872.1369027706434
275.5204571692549,872.196719033597
275.5204571692549,872.203656151175
275.5204571692549,872.3520753188998
275.5204571692549,872.3630325821131
275.5204571692549,872.4268181296859
275.5204571692549,872.430125810711
275.5204571692549,872.4324072057644
275.5204571692549,872.4628375708505
275.5204571692549,872.5030252145474
275.5204571692549,872.5589552485519
275.5204571692549,872.5665605359352
275.5204571692549,872.5677777875875
275.5204571692549,872.6215247423082
275.5204571692549,872.6391019030475
275.5204571692549,872.7002170451685
275.5204571692549,872.706372476529
275.5204571692549,872.7238757009652
275.5204571692549,872.7431725363787
275.5204571692549,872.7445172081751
275.5204571692549,872.7522755716685
275.5204571692549,872.7580347894718
275.5204571692549,872.7961280006152
275.5204571692549,872.8075593026464
275.5204571692549,872.8286365464792
275.5204571692549,872.8287588159876
275.5204571692549,872.8363238557231
275.5204571692549,872.8779847027223
275.5204571692549,872.8802660977758
275.5204571692549,872.8960973713826
275.5204571692549,872.9080849680474
275.5204571692549,872.9232352345774
275.5204571692549,872.9395834067874
275.5204571692549,872.9478701988423
275.5204571692549,872.9556285623357
275.5204571692549,872.9578142817645
275.5204571692549,872.973879032696
275.5204571692549,872.9786942976781
275.5204571692549,872.9814713126765
275.5204571692549,872.9968875309914
275.5204571692549,872.9982062135382
275.5204571692549,873.0027019116058
275.5204571692549,873.0104602750991
275.5204571692549,873.0359095156741
275.5204571692549,873.0376024781272
275.5204571692549,873.0480763790998
275.5204571692549,873.0561517234399
275.5204571692549,873.0739069894819
275.5204571692549,873.080314369953
275.5204571692549,873.0847207555468
275.5204571692549,873.1004880605582
275.5204571692549,873.1122645458498
275.5204571692549,873.127091348155
275.5204571692549,873.1417345634989
275.5204571692549,873.1430369833199
275.5204571692549,873.1536567673714
275.5204571692549,873.1697395969932
275.5204571692549,873.1920170435922
275.5204571692549,873.2125060988675
275.5204571692549,873.2162047265667
275.5204571692549,873.2198520325246
275.5204571692549,873.2458819760263
275.5204571692549,873.2768273980477
275.5204571692549,873.2930389249566
275.5204571692549,873.3362571971563
275.5204571692549,873.345638874932
275.5204571692549,873.3602408679933
275.5204571692549,873.3688191379131
275.5204571692549,873.3766541784499
275.5204571692549,873.3820069803992
275.5204571692549,873.3958839055946
275.5204571692549,873.4138577607117
275.5204571692549,873.4186563493176
275.5204571692549,873.4693229544288
275.5204571692549,873.4904465469713
275.5204571692549,873.4923308421568
275.5204571692549,873.4959817381683
275.5204571692549,873.5051776110755
275.5204571692549,873.5167653474444
275.5204571692549,873.5217658814933
275.5204571692549,873.5287334608752
275.5204571692549,873.5362441001703
275.5204571692549,873.5505045474889
275.5204571692549,873.5531199552047
275.5204571692549,873.5662023855657
275.5204571692549,873.5731870827897
275.5204571692549,873.6004980114743
275.5204571692549,873.6006964335579
275.5204571692549,873.6110024241092
275.5204571692549,873.614497314028
275.5204571692549,873.6173572226777
275.5204571692549,873.6383377720442
275.5204571692549,873.6558906614637
275.5204571692549,873.6678224578407
275.5204571692549,873.6738949468817
275.5204571692549,873.7021180837493
275.5204571692549,873.703289320037
275.5204571692549,873.7134747291267
275.5204571692549,873.7161675744719
275.5204571692549,873.7192927984119
275.5204571692549,873.7201183381115
275.5204571692549,873.7261167085278
275.5204571692549,873.7316472706115
275.5204571692549,873.7378756965962
275.5204571692549,873.7440622942402
275.5204571692549,873.7454367295751
275.5204571692549,873.7456340600896
275.5204571692549,873.774950050875
275.5204571692549,873.7765400734569
275.5204571692549,873.7814874433222
275.5204571692549,873.7920045924442
275.5204571692549,873.8052438854911
275.5204571692549,873.8159170466669
275.5204571692549,873.8311637293092
275.5204571692549,873.8313717862203
275.5204571692549,873.8805470128442
275.5204571692549,873.910254592233
275.5204571692549,873.9142038755087
275.5204571692549,873.9148426387528
275.5204571692549,873.9232389987694
275.5204571692549,873.923419575479
275.5204571692549,873.9245969045828
275.5204571692549,873.9497381861675
275.5204571692549,873.9837893141752
275.5204571692549,874.0048147301319
275.5204571692549,874.0244077497531
275.5204571692549,874.0428479740328
275.5204571692549,874.0506063375262
275.5204571692549,874.0926479546872
275.5204571692549,874.1044640721159
275.5204571692549,874.1056028504211
275.5204571692549,874.1333589737444
275.5204571692549,874.134930405444
275.5204571692549,874.1402823335274
275.5204571692549,874.1685462135141
275.5204571692549,874.1726960357039
275.5204571692549,874.1795061626227
275.5204571692549,874.1999442427326
275.5204571692549,874.2075492061372
275.5204571692549,874.2216297024287
275.5204571692549,874.2637759386782
275.5204571692549,874.2754004925965
275.5204571692549,874.2932610778172
275.5204571692549,874.2994856290612
275.5204571692549,874.2997276734387
275.5204571692549,874.3126398473696
275.5204571692549,874.3315925472809
275.5204571692549,874.3458434799118
275.5204571692549,874.3467408149079
275.5204571692549,874.3667771593821
275.5204571692549,874.3762023400569
275.5204571692549,874.3798078398748
275.5204571692549,874.4093656496716
275.5204571692549,874.4185402331672
275.5204571692549,874.420768955784
275.5204571692549,874.4419480777505
275.5204571692549,874.4515475784228
275.5204571692549,874.4698730782607
275.5204571692549,874.5101238358656
275.5204571692549,874.5283428300255
275.5204571692549,874.5443432413285
275.5204571692549,874.5494174454502
275.5204571692549,874.5780247662506
275.5204571692549,874.5801761509498
275.5204571692549,874.5997800049732
275.5204571692549,874.6402075479191
275.5204571692549,874.6803568609973
275.5204571692549,874.6832103992549
275.5204571692549,874.686735836309
275.5204571692549,874.7307194205204
275.5204571692549,874.7379390892125
275.5204571692549,874.7533055769123
275.5204571692549,874.7752467189262
275.5204571692549,874.7863378236744
275.5204571692549,874.815096113302
275.5204571692549,874.8231542109206
275.5204571692549,874.8274705690269
275.5204571692549,874.8515325771777
275.5204571692549,874.8715178486474
275.5204571692549,874.8955367161877
275.5204571692549,874.9020194713747
275.5204571692549,874.9198800132226
275.5204571692549,874.9203941758796
275.5204571692549,874.9905152326379
275.5204571692549,874.9993934017665
275.5204571692549,875.0036395436497
275.5204571692549,875.0071472532696
275.5204571692549,875.0146880367023
275.5204571692549,875.0182710308278
275.5204571692549,875.0323349488935
275.5204571692549,875.0558207820546
275.5204571692549,875.081959846523
275.5204571692549,875.0872266263218
275.5204571692549,875.1184238729907
275.5204571692549,875.1251530701043
275.5204571692549,875.1453568911996
275.5204571692549,875.1551275897698
275.5204571692549,875.1705948295146
275.5204571692549,875.1945229143672
275.5204571692549,875.2034825151076
275.5204571692549,875.2070619548592
275.5204571692549,875.2163640986533
275.5204571692549,875.2171470888533
275.5204571692549,875.2295569015691
275.5204571692549,875.2350266582465
275.5204571692549,875.2478188522258
275.5204571692549,875.2668265266974
275.5204571692549,875.2724872515199
275.5204571692549,875.2850197600108
275.5204571692549,875.296381671922
275.5204571692549,875.3273969754399
275.5204571692549,875.3348067687976
275.5204571692549,875.362219649248
275.5204571692549,875.3684465989724
275.5204571692549,875.3728529845661
275.5204571692549,875.3747043585225
275.5204571692549,875.3840071656545
275.5204571692549,875.3989450425423
275.5204571692549,875.4192108354166
275.5204571692549,875.4258991296695
275.5204571692549,875.4340098469016
275.5204571692549,875.455006145281
275.5204571692549,875.4707061999752
275.5204571692549,875.4801492726115
275.5204571692549,875.4847737490599
275.5204571692549,875.4850890733543
275.5204571692549,875.4874847882783
275.5204571692549,875.4931532724572
275.5204571692549,875.5191470494667
275.5204571692549,875.5239849701176
275.5204571692549,875.536270029166
275.5204571692549,875.5442597334883
275.5204571692549,875.5554395530744
275.5204571692549,875.5588506003337
275.5204571692549,875.5811711539759
275.5204571692549,875.5939241698637
275.5204571692549,875.6016456155223
275.5204571692549,875.6171342114163
275.5204571692549,875.6396616338244
275.5204571692549,875.682885550258
275.5204571692549,875.6937338268489
275.5204571692549,875.7024360275738
275.5204571692549,875.7187542836913
275.5204571692549,875.7312226151903
275.5204571692549,875.7442405639333
275.5204571692549,875.7499539006695
275.5204571692549,875.7522352957229
275.5204571692549,875.7947119105046
275.5204571692549,875.8026798968864
275.5204571692549,875.8243763291896
275.5204571692549,875.8411391420469
275.5204571692549,875.8531267387118
275.5204571692549,875.8649466724987
275.5204571692549,875.8778930645873
275.5204571692549,875.8934228052639
275.5204571692549,875.9314788386947
275.5204571692549,875.9393353841118
275.5204571692549,875.9432479842026
275.5204571692549,875.9917235548272
275.5204571692549,876.0106261444328
275.5204571692549,876.0269136205281
275.5204571692549,876.0296614130177
275.5204571692549,876.0348311774796
275.5204571692549,876.0722818369475
275.5204571692549,876.0734413567899
275.5204571692549,876.1065774628561
275.5204571692549,876.111618898907
275.5204571692549,876.1122462167077
275.5204571692549,876.1605771105608
275.5204571692549,876.1948080181808
275.5204571692549,876.2138477710985
275.5204571692549,876.2241355732037
275.5204571692549,876.2434270631248
275.5204571692549,876.2893550639991
275.5204571692549,876.2903041148382
275.5204571692549,876.309130899705
275.5204571692549,876.3125399787724
275.5204571692549,876.3187307030779
275.5204571692549,876.3249707717113
275.5204571692549,876.3269451370468
275.5204571692549,876.3514004139658
275.5204571692549,876.3530263289865
275.5204571692549,876.3543663084711
275.5204571692549,876.3692830301571
275.5204571692549,876.3904704416259
275.5204571692549,876.3937350794404
275.5204571692549,876.4292988756647
275.5204571692549,876.4372041561892
275.5204571692549,876.509761931448
275.5204571692549,876.5260246779667
275.5204571692549,876.5308487008006
275.5204571692549,876.5309189479397
275.5204571692549,876.535200469621
275.5204571692549,876.537141795873
275.5204571692549,876.5897187976915
275.5204571692549,876.6100834240927
275.5204571692549,876.618936717546
275.5204571692549,876.622133262458
275.5204571692549,876.6549093884014
275.5204571692549,876.6612093451363
275.5204571692549,876.6643345690762
275.5204571692549,876.6695951663863
275.5204571692549,876.69024170298
275.5204571692549,876.6974978786909
275.5204571692549,876.7293139105984
275.5204571692549,876.7370123562386
275.5204571692549,876.7370722740918
275.5204571692549,876.7436435029432
275.5204571692549,876.7502856561555
275.5204571692549,876.7671011823538
275.5204571692549,876.7973537908707
275.5204571692549,876.8164750590448
275.5204571692549,876.8206685093672
275.5204571692549,876.8619147775169
275.5204571692549,876.8950812366498
275.5204571692549,876.960918354508
275.5204571692549,877.05147536057
275.5204571692549,877.1357451366254
275.5204571692549,877.1459848180623
275.5204571692549,877.2080122422419
275.5204571692549,877.2447694441031
275.5204571692549,877.3170911468605
275.5204571692549,877.3311828729182
275.5204571692549,877.4080989227565
275.5204571692549,877.4244239212557
275.5204571692549,877.5015620498676
275.5204571692549,877.557983785213
275.5204571692549,877.5991536178041
275.5204571692549,877.654547788887
275.5204571692549,877.6976417494741
275.5204571692549,877.7711578080002
275.5204571692549,877.7729059780792
275.5204571692549,877.8192638289297
275.5204571692549,877.8297788683401
275.5204571692549,877.9745107986674
275.5204571692549,878.0193548442096
275.5204571692549,878.02885840926
275.5204571692549,878.0293425114309
275.5204571692549,878.0549010130919
275.5204571692549,878.1232136627981
275.5204571692549,878.1831866445266
275.5204571692549,878.1995985044723
275.5204571692549,878.3123331298234
275.5204571692549,878.3204139662109
275.5204571692549,878.3269753432281
275.5204571692549,878.330178934994
275.5204571692549,878.3663479258269
275.5204571692549,878.3696625289284
275.5204571692549,878.3713116803464
275.5204571692549,878.3979149679432
275.5204571692549,878.5167055958145
275.5204571692549,878.554854748205
275.5204571692549,878.5553740607003
275.5204571692549,878.5738563163729
275.5204571692549,878.6085180295894
275.5204571692549,878.6162097618804
275.5204571692549,878.6474777982381
275.5204571692549,878.6629326273921
275.5204571692549,878.6649814937978
275.5204571692549,878.6667116910861
275.5204571692549,878.6825312612888
275.5204571692549,878.6846813804999
275.5204571692549,878.714435940834
275.5204571692549,878.763154461945
275.5204571692549,878.8384645759282
275.5204571692549,878.840693298545
275.5204571692549,878.8519231753659
275.5204571692549,878.8818260438974
275.5204571692549,878.9353783270465
275.5204571692549,878.9367653254916
275.5204571692549,879.0628282122324
275.5204571692549,879.0694885738579
275.5204571692549,879.0956775343468
275.5204571692549,879.1019873490974
275.5204571692549,879.1511244631376
275.5204571692549,879.1671541758669
275.5204571692549,879.175435353526
275.5204571692549,879.1818271931769
275.5204571692549,879.2249503043851
275.5204571692549,879.367987221186
275.5204571692549,879.5618630763393
275.5204571692549,879.5630024303908
275.5204571692549,879.6008064240833
275.5204571692549,879.6428636112292
275.5204571692549,879.668304313148
275.5204571692549,879.7570322461477
275.5204571692549,879.8151668611167
275.5204571692549,879.879246689067
275.5204571692549,880.0241340793909
275.5204571692549,880.057406883867
275.5204571692549,880.2146362532657
275.5204571692549,880.3031903581159
275.5204571692549,880.3430332421112
275.5204571692549,880.3893681916509
275.5204571692549,880.4352791666257
275.5204571692549,880.5557989111172
275.5204571692549,880.7750113487804
275.5204571692549,880.9770454864462
275.5204571692549,881.0926021723125
275.5204571692549,881.2073852038288
275.5204571692549,881.228168813105
275.5204571692549,881.3000221152397
275.5204571692549,881.4315218037721
275.5204571692549,881.4847302936068
275.5204571692549,881.4863535165355
275.5204571692549,881.5140578486298
275.5204571692549,881.6816241778255
275.5204571692549,881.7219716442644
275.5204571692549,881.7559545104235
275.5204571692549,881.7597810478034
275.5204571692549,881.8060240894092
275.5204571692549,881.8181695522701
275.5204571692549,881.9881312608311
275.5204571692549,882.129430649655
275.5204571692549,882.2144592073812
275.5204571692549,882.2146009203672
275.5204571692549,882.3327836403222
275.5204571692549,882.3876153530856
275.5204571692549,882.5264995789626
275.5204571692549,882.6485499616289
275.5204571692549,882.6624598123784
275.5204571692549,882.7139342119834
275.5204571692549,882.7312961770383
275.5204571692549,882.7583541423521
275.5204571692549,882.7826813231943
275.5204571692549,882.8381009054401
275.5204571692549,882.9254012652715
275.5204571692549,883.0543818289906
275.5204571692549,883.1290813438553
275.5204571692549,883.1313627389087
275.5204571692549,883.1526080079442
275.5204571692549,883.3053276355242
275.5204571692549,883.3301065212361
275.5204571692549,883.3749373926017
275.5204571692549,883.3849731211304
275.5204571692549,883.392988525652
275.5204571692549,883.4277614155127
275.5204571692549,883.4650447208497
275.5204571692549,883.4865931934054
275.5204571692549,883.5623495543183
275.5204571692549,883.5892965302478
275.5204571692549,883.6006235188312
275.5204571692549,883.619999260287
275.5204571692549,883.6251494382677
275.5204571692549,883.6993177484089
275.5204571692549,883.7728625226262
275.5204571692549,883.8192203734767
275.5204571692549,883.8285024289349
275.5204571692549,883.8299889719376
275.5204571692549,883.8833341416984
275.5204571692549,884.0011744975011
275.5204571692549,884.0333419626048
275.5204571692549,884.0881736753682
275.5204571692549,884.115094167199
275.5204571692549,884.2507417815125
275.5204571692549,884.37753561067
275.5204571692549,884.4306028037557
275.5204571692549,884.462048530971
275.5204571692549,884.4955789509771
275.5204571692549,884.5087572565312
275.5204571692549,884.5148725798111
275.5204571692549,884.5174794223357
275.5204571692549,884.5240384971524
275.5204571692549,884.6142052246377
275.5204571692549,884.6737512965109
275.5204571692549,884.7413624252262
275.5204571692549,884.9234802041254
275.5204571692549,884.9366821906482
275.5204571692549,884.9753750923237
275.5204571692549,884.9830400414987
275.5204571692549,885.1088818453441
275.5204571692549,885.1278596754534
275.5204571692549,885.1283197377953
275.5204571692549,885.1671107204138
275.5204571692549,885.2129655155281
275.5204571692549,885.3036221591228
275.5204571692549,885.3294643627097
275.5204571692549,885.4039675840528
275.5204571692549,885.4118221355393
275.5204571692549,885.4128666196982
275.5204571692549,885.4661411660246
275.5204571692549,885.5344290103257
275.5204571692549,885.5640723014708
275.5204571692549,885.5986321284497
275.5204571692549,885.6587598268833
275.5204571692549,885.6763379477027
275.5204571692549,885.7061027864139
275.5204571692549,885.7239866244328
275.5204571692549,885.7277230938587
275.5204571692549,885.767425292138
275.5204571692549,885.7738951174665
275.5204571692549,885.7918698515446
275.5204571692549,885.8141365226738
275.5204571692549,885.8222570049014
275.5204571692549,885.8400183397492
275.5204571692549,885.8910525725122
275.5204571692549,885.9339821913908
275.5204571692549,885.9400973607042
275.5204571692549,885.9909187885883
275.5204571692549,885.9953372050662
275.5204571692549,886.068368552777
275.5204571692549,886.1142273520783
275.5204571692549,886.1181212009569
275.5204571692549,886.1375014386426
275.5204571692549,886.1812437034914
275.5204571692549,886.2751482919005
275.5204571692549,886.2883426610223
275.5204571692549,886.294838212313
275.5204571692549,886.316458473873
275.5204571692549,886.3214741916241
275.5204571692549,886.3309303884358
275.5204571692549,886.3763059043876
275.5204571692549,886.4757500223905
275.5204571692549,886.478208823617
275.5204571692549,886.4989924328931
275.5204571692549,886.5493549924159
275.5204571692549,886.5562399889319
275.5204571692549,886.7023454235602
275.5204571692549,886.7028224892489
275.5204571692549,886.7133435954398
275.5204571692549,886.7426971043243
275.5204571692549,886.7527079830833
275.5204571692549,886.7571771363237
275.5204571692549,886.7968640455545
275.5204571692549,886.8075396958467
275.5204571692549,886.8140315129617
275.5204571692549,886.835582387226
275.5204571692549,886.838591434298
275.5204571692549,886.8624030673285
275.5204571692549,886.8629186151402
275.5204571692549,886.902337453657
275.5204571692549,886.9486953045075
275.5204571692549,887.0021552146126
275.5204571692549,887.0255080843332
275.5204571692549,887.0294946542455
275.5204571692549,887.0524451452744
275.5204571692549,887.1361596893335
275.5204571692549,887.2410998072063
275.5204571692549,887.3590686390777
275.5204571692549,887.4164519668146
275.5204571692549,887.420281187418
275.5204571692549,887.4652104130763
275.5204571692549,887.5291340504286
275.5204571692549,887.5668304853513
275.5204571692549,887.5898641209227
275.5204571692549,887.609946140691
275.5204571692549,887.6177755566756
275.5204571692549,887.6236341780852
275.5204571692549,887.6362330079594
275.5204571692549,887.6784658908487
275.5204571692549,887.7288959940225
275.5204571692549,887.7795550403548
275.5204571692549,887.7803152144066
275.5204571692549,887.7973231987507
275.5204571692549,887.8147856743609
275.5204571692549,887.8476857582738
275.5204571692549,887.848098324206
275.5204571692549,888.1104891912292
275.5204571692549,888.1877952631372
275.5204571692549,888.2959572162174
275.5204571692549,888.2965856514446
275.5204571692549,888.3500455615498
275.5204571692549,888.53501850996
275.5204571692549,888.5761512553124
275.5204571692549,888.5889901541434
275.5204571692549,888.6151877683947
275.5204571692549,888.7186119532757
275.5204571692549,888.7522435424554
275.5204571692549,888.7977621713159
275.5204571692549,888.860120150036
275.5204571692549,888.9155032937382
275.5204571692549,888.9192755158001
275.5204571692549,888.9359605592526
275.5204571692549,888.9377544678599
275.5204571692549,889.0767863409596
275.5204571692549,889.1709761967272
275.5204571692549,889.3386817270608
275.5204571692549,889.3838594510687
275.5204571692549,889.4518196895893
275.5204571692549,889.4597288266381
275.5204571692549,889.5488690038941
275.5204571692549,889.6146663022715
275.5204571692549,889.6267607999828
275.5204571692549,889.7795808763194
275.5204571692549,889.8079603858046
275.5204571692549,889.8943738146197
275.5204571692549,889.9630781153319
275.5204571692549,889.9712898644581
275.5204571692549,890.1029179033802
275.5204571692549,890.2177387305885
275.5204571692549,890.2683144488102
275.5204571692549,890.3550809286647
275.5204571692549,890.3628392921581
275.5204571692549,890.4395072195233
275.5204571692549,890.4837891353163
275.5204571692549,890.5341516948394
275.5204571692549,890.8054127764896
275.5204571692549,890.8486075304894
275.5204571692549,891.0337629895173
275.5204571692549,891.0407286595234
275.5204571692549,891.127329067934
275.5204571692549,891.1679264141645
275.5204571692549,891.1837508032793
275.5204571692549,891.2732456625117
275.5204571692549,891.3120269844917
275.5204571692549,891.4050778898413
275.5204571692549,891.4262128557399
275.5204571692549,891.7399519186087
275.5204571692549,892.1175902612744
275.5204571692549,892.2072373120133
275.5204571692549,892.235441962813
275.5204571692549,892.2480479095051
275.5204571692549,892.6211360094487
275.5204571692549,892.7741032026771
275.5204571692549,892.9135564535114
275.5204571692549,892.9195446675567
275.5204571692549,893.0067788766133
275.5204571692549,893.1775446316851
275.5204571692549,893.2999309711437
275.5204571692549,893.3132122331291
275.5204571692549,893.6001337735149
275.5204571692549,893.8681509430892
275.5204571692549,894.0433376568451
275.5204571692549,894.2152344493962
275.5204571692549,894.2210661274572
275.5204571692549,894.349253887809
275.5204571692549,894.4210452846361
275.5204571692549,894.5254349786222
275.5204571692549,894.6478213180808
275.5204571692549,894.6782910562164
275.5204571692549,895.1130325367551
275.5204571692549,895.1962972451954
275.5204571692549,895.2160412900264
275.5204571692549,895.2568401434306
275.5204571692549,895.3817215284898
275.5204571692549,895.5084617340889
275.5204571692549,895.5555132704159
275.5204571692549,895.5583987814779
275.5204571692549,895.5631247963333
275.5204571692549,895.588063200163
275.5204571692549,895.6951296510396
275.5204571692549,896.0694560384187
275.5204571692549,896.0728177706784
275.5204571692549,896.1541573125993
275.5204571692549,896.1740191235409
275.5204571692549,896.4983383834607
275.5204571692549,896.5506199879328
275.5204571692549,896.5828506042799
275.5204571692549,896.6047304903677
275.5204571692549,896.9062891284151
275.5204571692549,896.9359535471001
275.5204571692549,896.9883794275095
275.5204571692549,896.9937937454573
275.5204571692549,897.0519553999582
275.5204571692549,897.4207081176155
275.5204571692549,897.5020476595364
275.5204571692549,897.5062655826011
275.5204571692549,897.536077085904
275.5204571692549,897.9468735155
275.5204571692549,898.0473170477842
275.5204571692549,898.4483682514733
275.5204571692549,898.5008442542357
275.5204571692549,898.5470538573503
275.5204571692549,898.6156100463393
275.5204571692549,898.6401714217039
275.5204571692549,898.78647061248
275.5204571692549,898.8119651217528
275.5204571692549,898.8387325335946
275.5204571692549,898.8593644053202
275.5204571692549,898.9010263987462
275.5204571692549,898.9391222244994
275.5204571692549,899.0144978090831
275.5204571692549,899.1500440358295
275.5204571692549,899.2765345371413
275.5204571692549,899.2947638624371
275.5204571692549,899.4065504822025
275.5204571692549,899.5886990260348
275.5204571692549,899.7049316560415
275.5204571692549,899.7228143955172
275.5204571692549,899.7399943701446
275.5204571692549,899.7878209503644
275.5204571692549,899.7962585984104
275.5204571692549,899.9125666492208
275.5204571692549,899.9635003932764
275.5204571692549,899.978323124239
275.5204571692549,900.1530550626243
275.5204571692549,900.2072547522573
275.5204571692549,900.2870125714365
275.5204571692549,900.308341893448
275.5204571692549,900.4373442717844
275.5204571692549,900.4811188565684
275.5204571692549,900.593943466302
275.5204571692549,900.7544408291398
275.5204571692549,900.8119317982073
275.5204571692549,900.92714478032
275.5204571692549,901.0243358554177
275.5204571692549,901.0637089862132
275.5204571692549,901.1357112973014
275.5204571692549,901.1619856275494
275.5204571692549,901.2357131587573
275.5204571692549,901.2597906902187
275.5204571692549,901.3262134711762
275.5204571692549,901.4405526924272
275.5204571692549,901.4453110487988
275.5204571692549,901.4856585152378
275.5204571692549,901.5009454095614
275.5204571692549,901.7570068924172
275.5204571692549,902.4115993331502
275.5204571692549,902.5190700273974
275.5204571692549,902.6528792330716
275.5204571692549,902.6890881362448
275.5204571692549,902.7040197772128
275.5204571692549,902.793201395736
275.5204571692549,902.8335488621749
275.5204571692549,902.9772888515014
275.5204571692549,903.0739576476093
275.5204571692549,903.1007381250831
275.5204571692549,903.1746360219604
275.5204571692549,903.2815926407885
275.5204571692549,903.3823860424487
275.5204571692549,903.5171232276278
275.5204571692549,903.6710117694672
275.5204571692549,903.7286849214465
275.5204571692549,903.7692462504908
275.5204571692549,903.9287672689204
275.5204571692549,903.9975964635186
275.5204571692549,904.0045621335247
275.5204571692549,904.036978483182
275.5204571692549,904.0782861322716
275.5204571692549,904.0922583447962
275.5204571692549,904.1095561533828
275.5204571692549,904.1317598881658
275.5204571692549,904.1599187129056
275.5204571692549,904.3766261609319
275.5204571692549,904.5540934627751
275.5204571692549,904.7800948730612
275.5204571692549,905.0308449079076
275.5204571692549,905.0332786193055
275.5204571692549,905.3349824932731
275.5204571692549,905.5354513013747
275.5204571692549,905.5426174864523
275.5204571692549,905.5541464189522
275.5204571692549,905.6101936853552
275.5204571692549,905.7637628199789
275.5204571692549,905.838543898383
275.5204571692549,905.8455095683892
275.5204571692549,905.9727073230301
275.5204571692549,906.0020053109635
275.5204571692549,906.2770457071304
275.5204571692549,906.4665093602223
275.5204571692549,906.5802575791997
275.5204571692549,906.7842570691587
275.5204571692549,906.8506247335738
275.5204571692549,906.8860817212039
275.5204571692549,906.971671833151
275.5204571692549,907.040037761035
275.5204571692549,907.1144319342318
275.5204571692549,907.1213976042379
275.5204571692549,907.2485953588789
275.5204571692549,907.3130873618103
275.5204571692549,907.3972131942625
275.5204571692549,907.461284336364
275.5204571692549,907.6239701148813
275.5204571692549,907.8143997071594
275.5204571692549,907.8741760622025
275.5204571692549,907.988876207241
275.5204571692549,908.0518950489982
275.5204571692549,908.1179931419947
275.5204571692549,908.5114608712357
275.5204571692549,908.5191804424028
275.5204571692549,908.543763827453
275.5204571692549,908.7398110842634
275.5204571692549,908.7467767542695
275.5204571692549,908.7513988206323
275.5204571692549,908.8739745089107
275.5204571692549,909.1023685980342
275.5204571692549,909.1327888115467
275.5204571692549,909.1540347966748
275.5204571692549,909.2220664091398
275.5204571692549,909.2234156976115
275.5204571692549,909.3010626066988
275.5204571692549,909.3904476709562
275.5204571692549,909.3938811778435
275.5204571692549,909.5072895051733
275.5204571692549,909.7223091820277
275.5204571692549,909.7956665042382
275.5204571692549,909.9120769039043
275.5204571692549,909.9167136038154
275.5204571692549,909.9492835707675
275.5204571692549,910.4299228325235
275.5204571692549,910.4502589449713
275.5204571692549,910.5713060445486
275.5204571692549,910.7329884150255
275.5204571692549,910.7383380178933
275.5204571692549,910.992996106449
275.5204571692549,911.0192603278753
275.5204571692549,911.3938136572104
275.5204571692549,911.420921040566
275.5204571692549,911.5108873313516
275.5204571692549,911.836548347266
275.5204571692549,911.8674564008054
275.5204571692549,911.8882064339706
275.5204571692549,911.9669292539575
275.5204571692549,911.9674268807415
275.5204571692549,912.0117347804785
275.5204571692549,912.0553019825551
275.5204571692549,912.0884739803188
275.5204571692549,912.2103084164313
275.5204571692549,912.3387210293351
275.5204571692549,912.4152857727529
275.5204571692549,912.5098439408787
275.5204571692549,912.5363328723301
275.5204571692549,912.8947937346695
275.5204571692549,912.9310905162076
275.5204571692549,913.2540209521128
275.5204571692549,913.2811028954723
275.5204571692549,913.3518347662159
275.5204571692549,913.3596251274156
275.5204571692549,913.5875267971192
275.5204571692549,913.6819458862298
275.5204571692549,914.1020144065934
275.5204571692549,914.1492312796344
275.5204571692549,914.2570164647125
275.5204571692549,914.6025949913903
275.5204571692549,914.6277228020647
275.5204571692549,914.6782630400414
275.5204571692549,914.8403190003464
275.5204571692549,914.9134867435932
275.5204571692549,914.924741333025
275.5204571692549,915.0457884326023
275.5204571692549,915.1530915460528
275.5204571692549,915.1600572160589
275.5204571692549,915.2364823923732
275.5204571692549,915.27413864563
275.5204571692549,915.2811043156362
275.5204571692549,915.2872549707
275.5204571692549,915.4083020702773
275.5204571692549,915.4190897506112
275.5204571692549,915.542127741136
275.5204571692549,915.6612305114676
275.5204571692549,916.0347575259067
275.5204571692549,916.0486632686617
275.5204571692549,916.2531019520965
275.5204571692549,916.2638197262372
275.5204571692549,916.3313752408396
275.5204571692549,916.3630392522572
275.5204571692549,916.4628022862928
275.5204571692549,916.8907272204096
275.5204571692549,917.3362789858071
275.5204571692549,917.3580126138143
275.5204571692549,917.4325407896646
275.5204571692549,917.497507238037
275.5204571692549,917.5179269367763
275.5204571692549,917.5535878892418
275.5204571692549,918.4685824443445
275.5204571692549,918.524844571901
275.5204571692549,918.5896295439218
275.5204571692549,918.6739286340623
275.5204571692549,918.7509090753158
275.5204571692549,918.7701989819179
275.5204571692549,919.1424003281849
275.5204571692549,919.2892319818908
275.5204571692549,919.3588743716407
275.5204571692549,919.4037835174745
275.5204571692549,919.571820586437
275.5204571692549,919.9401273434183
275.5204571692549,920.6347624074895
275.5204571692549,920.705304977375
275.5204571692549,920.7062885722169
275.5204571692549,920.9256724985228
275.5204571692549,921.4512834167593
275.5204571692549,921.6189704047267
275.5204571692549,921.6648083631383
275.5204571692549,921.733625906081
275.5204571692549,921.8264355136413
275.5204571692549,921.8991423087707
275.5204571692549,922.054785726669
275.5204571692549,922.2601415575213
275.5204571692549,922.2735628454599
275.5204571692549,922.6582579734587
275.5204571692549,922.6663824138858
275.5204571692549,922.787429513463
275.5204571692549,922.9663298230388
275.5204571692549,923.1346449688001
275.5204571692549,923.7091563246519
275.5204571692549,923.7600667343222
275.5204571692549,924.2174740783329
275.5204571692549,924.6475437320403
275.5204571692549,924.7711115067178
275.5204571692549,924.8735896973182
275.5204571692549,924.9192828191225
275.5204571692549,925.13004160778
275.5204571692549,925.3702766249608
275.5204571692549,925.8192326355628
275.5204571692549,925.8273709892164
275.5204571692549,925.8807909885118
275.5204571692549,925.9071207671061
275.5204571692549,925.9456700561453
275.5204571692549,925.9989585073557
275.5204571692549,926.0952019955291
275.5204571692549,926.1354709801337
275.5204571692549,926.1751111572186
275.5204571692549,926.2752298812279
275.5204571692549,926.4572736253924
275.5204571692549,926.4727567981465
275.5204571692549,926.5864665952433
275.5204571692549,926.620762221152
275.5204571692549,926.9220102132488
275.5204571692549,926.9833611165475
275.5204571692549,927.0529496287959
275.5204571692549,927.0781823162198
275.5204571692549,927.1161099225951
275.5204571692549,927.1227379546475
275.5204571692549,927.1528153689701
275.5204571692549,927.2384962620538
275.5204571692549,927.3936715476536
275.5204571692549,927.473467010685
275.5204571692549,927.551472009565
275.5204571692549,927.7459946432225
275.5204571692549,927.9213259026965
275.5204571692549,927.9222836810524
275.5204571692549,928.0202905264321
275.5204571692549,928.0262661194333
275.5204571692549,928.0384837597453
275.5204571692549,928.1042083871453
275.5204571692549,928.121910598707
275.5204571692549,928.1263169843007
275.5204571692549,928.1280641533023
275.5204571692549,928.1484914776555
275.5204571692549,928.1537997403063
275.5204571692549,928.233613272346
275.5204571692549,928.2546163324612
275.5204571692549,928.287090736375
275.5204571692549,928.333157021545
275.5204571692549,928.3334663374312
275.5204571692549,928.3346351537105
275.5204571692549,928.3665732998934
275.5204571692549,928.3817235664233
275.5204571692549,928.3980717386332
275.5204571692549,928.4212995619866
275.5204571692549,928.4793604840272
275.5204571692549,928.4960908099731
275.5204571692549,928.5285958500319
275.5204571692549,928.5520672791565
275.5204571692549,928.5778403289241
275.5204571692549,928.6282279288391
275.5204571692549,928.6320222323857
275.5204571692549,928.637398421094
275.5204571692549,928.6506641597247
275.5204571692549,928.6602441545804
275.5204571692549,928.6734220193106
275.5204571692549,928.7029985238833
275.5204571692549,928.7077106970548
275.5204571692549,928.7629616479328
275.5204571692549,928.7944691188878
275.5204571692549,928.8185800510871
275.5204571692549,928.827307469759
275.5204571692549,928.8780690527497
275.5204571692549,928.8796105243268
275.5204571692549,929.0089928793348
275.5204571692549,929.0090084682968
275.5204571692549,929.0116082870506
275.5204571692549,929.0227574600506
275.5204571692549,929.0246907174117
275.5204571692549,929.0308903541104
275.5204571692549,929.0402437661935
275.5204571692549,929.0469302641147
275.5204571692549,929.0660039785071
275.5204571692549,929.0729856458738
275.5204571692549,929.0968261038902
275.5204571692549,929.1263107896866
275.5204571692549,929.1471990791749
275.5204571692549,929.1561221763263
275.5204571692549,929.1614985212437
275.5204571692549,929.1882586271306
275.5204571692549,929.1963640284421
275.5204571692549,929.2039250614209
275.5204571692549,929.2041223919355
275.5204571692549,929.2612700232439
275.5204571692549,929.2632259311827
275.5204571692549,929.2672688856592
275.5204571692549,929.335798860569
275.5204571692549,929.33903534469
275.5204571692549,929.3392071618836
275.5204571692549,929.3456961282625
275.5204571692549,929.360986556193
275.5204571692549,929.384472389354
275.5204571692549,929.4023153960568
275.5204571692549,929.4083733881359
275.5204571692549,929.4091308478326
275.5204571692549,929.4177985688109
275.5204571692549,929.4495630853423
275.5204571692549,929.4509618784255
275.5204571692549,929.496964072388
275.5204571692549,929.5550943372657
275.5204571692549,929.5582085088686
275.5204571692549,929.5699390587795
275.5204571692549,929.5803322755808
275.5204571692549,929.5987706653732
275.5204571692549,929.6042603604333
275.5204571692549,929.6268845349193
275.5204571692549,929.6493764388288
275.5204571692549,929.7033559658219
275.5204571692549,929.706119117988
275.5204571692549,929.7126587729538
275.5204571692549,929.7151277776704
275.5204571692549,929.737134421506
275.5204571692549,929.7509965111037
275.5204571692549,929.7836577525804
275.5204571692549,929.8086824886084
275.5204571692549,929.8649216364654
275.5204571692549,929.8804436460414
275.5204571692549,929.8948265194203
275.5204571692549,929.8972222343443
275.5204571692549,929.8994699275087
275.5204571692549,929.9004364095963
275.5204571692549,929.9256650326763
275.5204571692549,929.9614762419765
275.5204571692549,929.9637210661074
275.5204571692549,929.9686121677114
275.5204571692549,929.9983804101989
275.5204571692549,930.0113830615885
275.5204571692549,930.0310876348731
275.5204571692549,930.0365130980965
275.5204571692549,930.145224168155
275.5204571692549,930.1539780099995
275.5204571692549,930.2124173429524
275.5204571692549,930.2337350507721
275.5204571692549,930.2455669794178
275.5204571692549,930.2746841185649
275.5204571692549,930.3392777517322
275.5204571692549,930.3788825077254
275.5204571692549,930.4014610008933
275.5204571692549,930.4366510665943
275.5204571692549,930.4408978240072
275.5204571692549,930.4462393022104
275.5204571692549,930.483178802856
275.5204571692549,930.5263699778138
275.5204571692549,930.5404481783689
275.5204571692549,930.570314556627
275.5204571692549,930.6045454642469
275.5204571692549,930.6136159216157
275.5204571692549,930.6235852171646
275.5204571692549,930.6338730192699
275.5204571692549,930.6536223790106
275.5204571692549,930.6830179157705
275.5204571692549,930.6990925100652
275.5204571692549,930.736682583113
275.5204571692549,930.7728188439442
275.5204571692549,930.7790204762232
275.5204571692549,930.7932951006435
275.5204571692549,930.8207079810938
275.5204571692549,930.8390363217309
275.5204571692549,930.8924981787475
275.5204571692549,930.9357621240329
275.5204571692549,930.9405861468667
275.5204571692549,930.9406563940058
275.5204571692549,931.0027480653341
275.5204571692549,931.099979149046
275.5204571692549,931.1533809490093
275.5204571692549,931.3048186827159
275.5204571692549,931.3116150705578
275.5204571692549,931.370655800574
275.5204571692549,931.4240364771038
275.5204571692549,931.4492834727944
275.5204571692549,931.5175174692233
275.5204571692549,931.5307701687934
275.5204571692549,931.5701072307529
275.5204571692549,931.7487924466841
275.5204571692549,931.7772190349237
275.5204571692549,931.830460764417
275.5204571692549,931.8489587734718
275.5204571692549,932.0088910638701
275.5204571692549,932.0196901512925
275.5204571692549,932.0232015953466
275.5204571692549,932.0262933567735
275.5204571692549,932.0806215943039
275.5204571692549,932.1502389499036
275.5204571692549,932.1554558902105
275.5204571692549,932.1584304756395
275.5204571692549,932.2907378989269
275.5204571692549,932.3575100165594
275.5204571692549,932.3624211624065
275.5204571692549,932.4019047563411
275.5204571692549,932.4071367812069
275.5204571692549,932.4433703995119
275.5204571692549,932.5337159588976
275.5204571692549,932.5479884960633
275.5204571692549,932.5870969756177
275.5204571692549,932.6044731499082
275.5204571692549,932.6556269505274
275.5204571692549,932.6999632876457
275.5204571692549,932.7220705758896
275.5204571692549,932.7265665752425
275.5204571692549,932.845357203114
275.5204571692549,932.8707068033407
275.5204571692549,932.8729355259575
275.5204571692549,932.9761294055374
275.5204571692549,933.0094645119482
275.5204571692549,933.0133329877992
275.5204571692549,933.0259472079465
275.5204571692549,933.0918060692443
275.5204571692549,933.0964972418458
275.5204571692549,933.1241733869001
275.5204571692549,933.2104776511967
275.5204571692549,933.2684959190765
275.5204571692549,933.3182085001574
275.5204571692549,933.3451157731126
275.5204571692549,933.3465027715577
275.5204571692549,933.3914798195317
275.5204571692549,933.4306389563967
275.5204571692549,933.5608619092038
275.5204571692549,933.5851727995921
275.5204571692549,933.591564639243
275.5204571692549,933.6346877504511
275.5204571692549,933.7785423148871
275.5204571692549,933.926007682608
275.5204571692549,933.9727398764569
275.5204571692549,934.0305277284072
275.5204571692549,934.0670063614352
275.5204571692549,934.1438184684162
275.5204571692549,934.2468784806781
275.5204571692549,934.2807149969562
275.5204571692549,934.466144160702
275.5204571692549,934.467144329933
275.5204571692549,934.4783866204186
275.5204571692549,934.6580648069743
275.5204571692549,934.7129278041821
275.5204571692549,934.7504912910624
275.5204571692549,934.7528870059864
275.5204571692549,934.826475553032
275.5204571692549,935.0821421123076
275.5204571692549,935.118361293542
275.5204571692549,935.1303488902067
275.5204571692549,935.1679198179877
275.5204571692549,935.2091165702204
275.5204571692549,935.2727298794402
275.5204571692549,935.3036754508223
275.5204571692549,935.3467115065696
275.5204571692549,935.4259793282688
275.5204571692549,935.4792499888065
275.5204571692549,935.5295207647403
275.5204571692549,935.5547572817072
275.5204571692549,935.5643423212605
275.5204571692549,935.5751161999268
275.5204571692549,935.6962171275163
275.5204571692549,935.7944294238484
275.5204571692549,935.7945387967659
275.5204571692549,935.809419601705
275.5204571692549,935.8961588690408
275.5204571692549,935.924567340544
275.5204571692549,935.9335601714495
275.5204571692549,935.941556720571
275.5204571692549,935.9556439206881
275.5204571692549,935.9647682492042
275.5204571692549,936.1088834240445
275.5204571692549,936.1346756967087
275.5204571692549,936.140636261491
275.5204571692549,936.1510370000801
275.5204571692549,936.2263205722161
275.5204571692549,936.3541602862601
275.5204571692549,936.4052373308081
275.5204571692549,936.5096928201742
275.5204571692549,936.5207225497722
275.5204571692549,936.5263265223607
275.5204571692549,936.5988958920914
275.5204571692549,936.694790222065
275.5204571692549,936.7191174029072
275.5204571692549,936.7457970990324
275.5204571692549,936.8336303235878
275.5204571692549,936.877422846426
275.5204571692549,936.8905640521104
275.5204571692549,936.9281388430841
275.5204571692549,936.9409266116331
275.5204571692549,936.987323649067
275.5204571692549,937.0083622619732
275.5204571692549,937.0671760525538
275.5204571692549,937.2137652013284
275.5204571692549,937.2497214538791
275.5204571692549,937.276657884116
275.5204571692549,937.3214092008434
275.5204571692549,937.3503558183656
275.5204571692549,937.3534253592063
275.5204571692549,937.4230292731183
275.5204571692549,937.4894963311361
275.5204571692549,937.6357538281218
275.5204571692549,937.6901461903828
275.5204571692549,937.7426598654929
275.5204571692549,937.7733173177942
275.5204571692549,937.8118528066352
275.5204571692549,937.8144500631465
275.5204571692549,937.9246999497332
275.5204571692549,937.9269447133477
275.5204571692549,937.9705392704698
275.5204571692549,938.0318942841452
275.5204571692549,938.115686727423
275.5204571692549,938.1575743236342
275.5204571692549,938.1724225438293
275.5204571692549,938.2139874769866
275.5204571692549,938.2177716501046
275.5204571692549,938.2772523980666
275.5204571692549,938.3006182481477
275.5204571692549,938.4511681038753
275.5204571692549,938.5280330896046
275.5204571692549,938.5470671142782
275.5204571692549,938.6622024048613
275.5204571692549,938.6707443310831
275.5204571692549,938.7383020989201
275.5204571692549,938.7489867202521
275.5204571692549,938.8031639202895
275.5204571692549,938.828404648099
275.5204571692549,938.8703736263822
275.5204571692549,938.8715852006915
275.5204571692549,939.0749381913588
275.5204571692549,939.0894170623151
275.5204571692549,939.1297699041222
275.5204571692549,939.1727167684123
275.5204571692549,939.2400582388357
275.5204571692549,939.3350713714763
275.5204571692549,939.3851125383899
275.5204571692549,939.4465880991896
275.5204571692549,939.4708650900386
275.5204571692549,939.6558014533916
275.5204571692549,939.6641591735715
275.5204571692549,939.7505726023867
275.5204571692549,939.7829586539801
275.5204571692549,939.8274886522252
275.5204571692549,939.9178019416402
275.5204571692549,939.9662244188034
275.5204571692549,940.0347543937132
275.5204571692549,940.0739375183555
275.5204571692549,940.1699159665493
275.5204571692549,940.2016072976107
275.5204571692549,940.4050746511323
275.5204571692549,940.4854746227539
275.5204571692549,940.5815972198286
275.5204571692549,940.6973359433432
275.5204571692549,940.712192949539
275.5204571692549,940.7849502104957
275.5204571692549,940.8068604309165
275.5204571692549,940.8276440401926
275.5204571692549,940.8397819232591
275.5204571692549,940.8624559158986
275.5204571692549,941.0225606333167
275.5204571692549,941.0309970308597
275.5204571692549,941.0858287436231
275.5204571692549,941.2259136239838
275.5204571692549,941.2453198332921
275.5204571692549,941.2807453367473
275.5204571692549,941.3305610082641
275.5204571692549,941.3985856925501
275.5204571692549,941.7484274374308
275.5204571692549,941.7749468057189
275.5204571692549,941.8038105811329
275.5204571692549,941.8300186334841
275.5204571692549,941.8799279856862
275.5204571692549,942.0333716241514
275.5204571692549,942.059283484122
275.5204571692549,942.0882033369148
275.5204571692549,942.1259748060502
275.5204571692549,942.2280411703127
275.5204571692549,942.2576131865349
275.5204571692549,942.3208913991743
275.5204571692549,942.3974273805104
275.5204571692549,942.5109334771203
275.5204571692549,942.5672607373726
275.5204571692549,942.8156140907574
275.5204571692549,942.8563819031149
275.5204571692549,942.9048028626119
275.5204571692549,942.9477455211506
275.5204571692549,943.1283493993419
275.5204571692549,943.1619809885215
275.5204571692549,943.1887717573354
275.5204571692549,943.3290129618663
275.5204571692549,943.5807136427934
275.5204571692549,943.6597902615893
275.5204571692549,943.920974283719
275.5204571692549,944.1082324836188
275.5204571692549,944.4934159183433
275.5204571692549,944.5663939222518
275.5204571692549,944.589986675848
275.5204571692549,944.7294832615514
275.5204571692549,944.8124407426158
275.5204571692549,945.0073573357399
275.5204571692549,945.0572720692526
275.5204571692549,945.0766389364212
275.5204571692549,945.6266391781027
275.5204571692549,945.809224163515
275.5204571692549,945.8148153359075
275.5204571692549,945.9576757973832
275.5204571692549,946.6048320322536
275.5204571692549,946.8499925332244
275.5204571692549,947.0965351925709
275.5204571692549,947.6657256438591
275.5204571692549,947.8876640237664
275.5204571692549,948.2854202706011
275.5204571692549,948.3415271998977
275.5204571692549,948.4055480276552
275.5204571692549,948.5174790034903
275.5204571692549,948.826997833869
275.5204571692549,948.8670419798275
275.5204571692549,949.0303508245361
275.5204571692549,949.0851825372995
275.5204571692549,949.1327333249083
275.5204571692549,949.3424037709301
275.5204571692549,949.4328853615193
275.5204571692549,949.4448978138018
275.5204571692549,949.6894175468346
275.5204571692549,949.9652507164819
275.5204571692549,950.0092538503914
275.5204571692549,950.1253285997266
275.5204571692549,950.2379508129975
275.5204571692549,950.9115022115793
275.5204571692549,951.0964453579463
275.5204571692549,951.3571441973284
275.5204571692549,951.5399346122147
275.5204571692549,951.5941476353905
275.5204571692549,951.6126456444451
275.5204571692549,951.8349171899006
275.5204571692549,952.2767113795937
275.5204571692549,952.2874455415945
275.5204571692549,952.5104437318041
275.5204571692549,952.7609455253437
275.5204571692549,952.7770198587727
275.5204571692549,952.8117945362922
275.5204571692549,952.9105817003019
275.5204571692549,952.9420379823275
275.5204571692549,952.9605359913824
275.5204571692549,953.3488596705656
275.5204571692549,953.6069768045653
275.5204571692549,954.0105653516514
275.5204571692549,954.1249102057097
275.5204571692549,954.4592059180977
275.5204571692549,954.6261856937144
275.5204571692549,954.6967500175026
275.5204571692549,954.9070648101092
275.5204571692549,955.3584556985886
275.5204571692549,955.6457373711615
275.5204571692549,955.8680016502291
275.5204571692549,956.4821489211811
275.5204571692549,956.6404558569257
275.5204571692549,957.1171122301796
275.5204571692549,957.1699529750437
275.5204571692549,957.2438909442046
275.5204571692549,957.3190481965682
275.5204571692549,957.4165203703812
275.5204571692549,957.6448705834091
275.5204571692549,957.6518362534152
275.5204571692549,957.7790340080562
275.5204571692549,957.9067622168253
275.5204571692549,958.1921609403182
275.5204571692549,958.2917199605781
275.5204571692549,958.4382077606822
275.5204571692549,958.4650025771168
275.5204571692549,958.6331243538064
275.5204571692549,959.076782984409
275.5204571692549,959.4405823539737
275.5204571692549,959.6396103075151
275.5204571692549,959.901412834663
275.5204571692549,959.9243198270208
275.5204571692549,959.9584142810489
275.5204571692549,960.0323522502101
275.5204571692549,960.2472479515018
275.5204571692549,960.8053590487327
275.5204571692549,960.9603614817008
275.5204571692549,961.1155435510052
275.5204571692549,961.1574568290329
275.5204571692549,961.4294554216749
275.5204571692549,962.0049968809847
275.5204571692549,962.1611142514839
275.5204571692549,962.5649303955181
275.5204571692549,963.180230590223
275.5204571692549,963.4437255848861
275.5204571692549,963.5090045984209
275.5204571692549,963.5160430597872
275.5204571692549,963.5957928376768
275.5204571692549,963.6748776792489
275.5204571692549,963.8241430507045
275.5204571692549,963.8262475428393
275.5204571692549,963.9639019517986
275.5204571692549,963.9776687742487
275.5204571692549,964.0471606721651
275.5204571692549,964.1614288687172
275.5204571692549,964.1743850403006
275.5204571692549,964.2780883474749
275.5204571692549,964.4285752735806
275.5204571692549,964.523506031226
275.5204571692549,964.6106822838194
275.5204571692549,964.6401599773382
275.5204571692549,964.655643150092
275.5204571692549,964.7259472394863
275.5204571692549,964.7416216993665
275.5204571692549,964.774261572899
275.5204571692549,964.854722691012
275.5204571692549,964.8685101903658
275.5204571692549,964.950038651649
275.5204571692549,965.0823436182244
275.5204571692549,965.158161451242
275.5204571692549,965.1923801213552
275.5204571692549,965.2237792496952
275.5204571692549,965.4090644291474
275.5204571692549,965.5099721661825
275.5204571692549,965.5675322182371
275.5204571692549,965.5729110344882
275.5204571692549,965.579476446073
275.5204571692549,965.592949487908
275.5204571692549,965.637414642175
275.5204571692549,965.6402390133666
275.5204571692549,965.697651440439
275.5204571692549,965.7089625970027
275.5204571692549,965.7271558303161
275.5204571692549,965.7958824312649
275.5204571692549,965.8105826692777
275.5204571692549,965.8149890548714
275.5204571692549,965.8638843017112
275.5204571692549,965.9222853429168
275.5204571692549,965.9278516308494
275.5204571692549,965.9347021971131
275.5204571692549,966.0183030821539
275.5204571692549,966.0233072242812
275.5204571692549,966.1060371803247
275.5204571692549,966.1195482769821
275.5204571692549,966.1647892997008
275.5204571692549,966.1696020526946
275.5204571692549,966.1719977676186
275.5204571692549,966.2228342085353
275.5204571692549,966.2419346164405
275.5204571692549,966.2665123994949
275.5204571692549,966.2771938468716
275.5204571692549,966.3117431937225
275.5204571692549,966.407637523696
275.5204571692549,966.4319647045382
275.5204571692549,966.4338678624724
275.5204571692549,966.4354098859644
275.5204571692549,966.4375615543586
275.5204571692549,966.4661619741654
275.5204571692549,966.5494596518391
275.5204571692549,966.5538960723361
275.5204571692549,966.5549103639518
275.5204571692549,966.5711021909023
275.5204571692549,966.61986294042
275.5204571692549,966.6410311428687
275.5204571692549,966.7245201621128
275.5204571692549,966.7386617562314
275.5204571692549,966.7494329976092
275.5204571692549,966.7508023559672
275.5204571692549,966.7546760490777
275.5204571692549,966.7994524039301
275.5204571692549,966.8003434291549
275.5204571692549,966.8064207591214
275.5204571692549,966.8099965868579
275.5204571692549,966.8264949807868
275.5204571692549,966.8358711497457
275.5204571692549,966.8450900899012
275.5204571692549,966.8983607504389
275.5204571692549,966.9114093713623
275.5204571692549,966.9208013814255
275.5204571692549,966.9265596378922
275.5204571692549,966.9337912688321
275.5204571692549,966.9429078101022
275.5204571692549,966.9518980017533
275.5204571692549,966.9738680433394
275.5204571692549,967.0105981680848
275.5204571692549,967.0342565024745
275.5204571692549,967.0347709721491
275.5204571692549,967.040926881442
275.5204571692549,967.0620089916843
275.5204571692549,967.0970454587067
275.5204571692549,967.1064706393815
275.5204571692549,967.1358765747494
275.5204571692549,967.1396339489962
275.5204571692549,967.1498422162396
275.5204571692549,967.1572380946931
275.5204571692549,967.173064000308
275.5204571692549,967.1798380891961
275.5204571692549,967.223445341969
275.5204571692549,967.2551095936934
275.5204571692549,967.257138504285
275.5204571692549,967.2586111293501
275.5204571692549,967.2984987189367
275.5204571692549,967.336595375932
275.5204571692549,967.3466947658164
275.5204571692549,967.3486011297529
275.5204571692549,967.3564500896397
275.5204571692549,967.372143541228
275.5204571692549,967.3747546823203
275.5204571692549,967.3887868088333
275.5204571692549,967.4269624079333
275.5204571692549,967.5285824802082
275.5204571692549,967.5538289508037
275.5204571692549,967.5564443585196
275.5204571692549,967.5695267888806
275.5204571692549,967.5979164374334
275.5204571692549,967.6066117070026
275.5204571692549,967.6178217173427
275.5204571692549,967.6200813297318
275.5204571692549,967.6372171468631
275.5204571692549,967.6416621753591
275.5204571692549,967.6454313338483
275.5204571692549,967.6501483125472
275.5204571692549,967.6711468611555
275.5204571692549,967.7029684857048
275.5204571692549,967.7064368782702
275.5204571692549,967.7193033435634
275.5204571692549,967.7375511225497
275.5204571692549,967.7388372191381
275.5204571692549,967.741200099911
275.5204571692549,967.7413070352117
275.5204571692549,967.7487611328899
275.5204571692549,967.7489584634044
275.5204571692549,967.7661819749932
275.5204571692549,967.8830488787136
275.5204571692549,967.883871416159
275.5204571692549,967.8846648305793
275.5204571692549,967.9135057407107
275.5204571692549,967.9515617741416
275.5204571692549,967.9634039276688
275.5204571692549,968.0319339025785
275.5204571692549,968.064341514822
275.5204571692549,968.0895292104459
275.5204571692549,968.1037241002322
275.5204571692549,968.108551384622
275.5204571692549,968.113015043607
275.5204571692549,968.1436067368421
275.5204571692549,968.1822126824878
275.5204571692549,968.1840010886575
275.5204571692549,968.2139739868188
275.5204571692549,968.2150420483845
275.5204571692549,968.2647083776307
275.5204571692549,968.2701170552656
275.5204571692549,968.2867511631215
275.5204571692549,968.4022541599976
275.5204571692549,968.4125692022195
275.5204571692549,968.4318986200749
275.5204571692549,968.4412014272068
275.5204571692549,968.4452724810652
275.5204571692549,968.4614909145149
275.5204571692549,968.5004024267747
275.5204571692549,968.5122004068334
275.5204571692549,968.5122082113137
275.5204571692549,968.5134482391803
275.5204571692549,968.5279341994866
275.5204571692549,968.5585326916527
275.5204571692549,968.5813491695654
275.5204571692549,968.5837706299675
275.5204571692549,968.584347352839
275.5204571692549,968.5934642907183
275.5204571692549,968.6076987148202
275.5204571692549,968.6303228893063
275.5204571692549,968.6318883711612
275.5204571692549,968.6900602396239
275.5204571692549,968.6945154522085
275.5204571692549,968.709557472375
275.5204571692549,968.7405727758929
275.5204571692549,968.7596302891261
275.5204571692549,968.778571122241
275.5204571692549,968.8121208429953
275.5204571692549,968.8838820004281
275.5204571692549,968.8982648738073
275.5204571692549,968.9006605887313
275.5204571692549,968.9237185791943
275.5204571692549,968.9529055404668
275.5204571692549,968.9600183681688
275.5204571692549,969.0148214159752
275.5204571692549,969.0678204059851
275.5204571692549,969.0728886557331
275.5204571692549,969.0852842498379
275.5204571692549,969.1113733295566
275.5204571692549,969.1574163643862
275.5204571692549,969.1584519930847
275.5204571692549,969.1694404782601
275.5204571692549,969.1837123916697
275.5204571692549,969.2158556973394
275.5204571692549,969.2781224729516
275.5204571692549,969.3381311721124
275.5204571692549,969.3655440525628
275.5204571692549,969.3770064752026
275.5204571692549,969.3789096331368
275.5204571692549,969.3821650332636
275.5204571692549,969.4048993552802
275.5204571692549,969.4115605700234
275.5204571692549,969.4258652702832
275.5204571692549,969.4373342502164
275.5204571692549,969.440089420981
275.5204571692549,969.4597769381675
275.5204571692549,969.4634199040178
275.5204571692549,969.4866171572429
275.5204571692549,969.5403359538562
275.5204571692549,969.547584136803
275.5204571692549,969.5737529110137
275.5204571692549,969.6077196114802
275.5204571692549,969.6079838186337
275.5204571692549,969.6218876931076
275.5204571692549,969.6270235715514
275.5204571692549,969.6373113736566
275.5204571692549,969.6441912201442
275.5204571692549,969.6462198384393
275.5204571692549,969.7025308644521
275.5204571692549,969.7401209374997
275.5204571692549,969.7824588306102
275.5204571692549,969.7867848199866
275.5204571692549,969.8424746761176
275.5204571692549,969.8564511420267
275.5204571692549,969.933041859315
275.5204571692549,969.9392004784196
275.5204571692549,969.9440245012535
275.5204571692549,969.9440947483926
275.5204571692549,970.0756062402623
275.5204571692549,970.103417503433
275.5204571692549,970.1149433022218
275.5204571692549,970.1432965982449
275.5204571692549,970.1568193033962
275.5204571692549,970.1794907254454
275.5204571692549,970.2475154097311
275.5204571692549,970.293628518153
275.5204571692549,970.3082570371029
275.5204571692549,970.3220551063927
275.5204571692549,970.3502618704408
275.5204571692549,970.374094154961
275.5204571692549,970.3897454643753
275.5204571692549,970.3937948449408
275.5204571692549,970.5749376836519
275.5204571692549,970.5924713335367
275.5204571692549,970.6254576657728
275.5204571692549,970.7548360110264
275.5204571692549,970.7851693124165
275.5204571692549,970.858547511375
275.5204571692549,970.8607762339918
275.5204571692549,970.8869731298925
275.5204571692549,971.0123294182571
275.5204571692549,971.0860526708124
275.5204571692549,971.1076495897136
275.5204571692549,971.1395763345714
275.5204571692549,971.1493092213772
275.5204571692549,971.1652010566668
275.5204571692549,971.3841696047805
275.5204571692549,971.4055272465436
275.5204571692549,971.4285059418987
275.5204571692549,971.4461729741555
275.5204571692549,971.4551092294955
275.5204571692549,971.4824065924605
275.5204571692549,971.5738998573669
275.5204571692549,971.5801849337548
275.5204571692549,971.7046720597905
275.5204571692549,971.7255089302763
275.5204571692549,971.7418756420523
275.5204571692549,971.7966752383319
275.5204571692549,971.8203487234973
275.5204571692549,971.8509878221057
275.5204571692549,971.907244684103
275.5204571692549,971.9390203054497
275.5204571692549,972.0293855623335
275.5204571692549,972.0377014745167
275.5204571692549,972.0485007048968
275.5204571692549,972.054340812773
275.5204571692549,972.1091725255365
275.5204571692549,972.1200224737847
275.5204571692549,972.1276117412871
275.5204571692549,972.1591816106497
275.5204571692549,972.2347191887125
275.5204571692549,972.3485541274994
275.5204571692549,972.3499411259446
275.5204571692549,972.4296433599746
275.5204571692549,972.441914647301
275.5204571692549,972.5643002635906
275.5204571692549,972.5886111539791
275.5204571692549,972.5950029936299
275.5204571692549,972.6118424329042
275.5204571692549,972.6381261048381
275.5204571692549,972.726662770417
275.5204571692549,972.8165009456602
275.5204571692549,972.8534961792004
275.5204571692549,972.8723611226691
275.5204571692549,972.9761782308439
275.5204571692549,973.0411413342221
275.5204571692549,973.0695639213558
275.5204571692549,973.1493185879635
275.5204571692549,973.304073105369
275.5204571692549,973.3713116245009
275.5204571692549,973.455616231386
275.5204571692549,973.47058268432
275.5204571692549,973.5051803536506
275.5204571692549,973.5174228133673
275.5204571692549,973.7163661585688
275.5204571692549,973.7670419743002
275.5204571692549,973.7895274840109
275.5204571692549,973.7919231989349
275.5204571692549,974.065963217448
275.5204571692549,974.1573974864905
275.5204571692549,974.1693850831554
275.5204571692549,974.2069560109362
275.5204571692549,974.2149985929315
275.5204571692549,974.2481527631691
275.5204571692549,974.3117660723888
275.5204571692549,974.3234004708394
275.5204571692549,974.3427116437708
275.5204571692549,974.3505690172079
275.5204571692549,974.3857476995182
275.5204571692549,974.4152794132027
275.5204571692549,974.4415970934162
275.5204571692549,974.4650155212174
275.5204571692549,974.5182861817551
275.5204571692549,974.5815406930769
275.5204571692549,974.5937934746557
275.5204571692549,974.6033785142091
275.5204571692549,974.6351649701365
275.5204571692549,974.6587816057076
275.5204571692549,974.6818959815566
275.5204571692549,974.7029394929648
275.5204571692549,974.833465616797
275.5204571692549,974.8335749897145
275.5204571692549,974.8484557946537
275.5204571692549,974.8632183509616
275.5204571692549,974.9351950619895
275.5204571692549,974.9725963643981
275.5204571692549,974.9770438806191
275.5204571692549,974.9805929135197
275.5204571692549,974.9946801136366
275.5204571692549,975.116026018283
275.5204571692549,975.147919616993
275.5204571692549,975.1791918828727
275.5204571692549,975.1796724544396
275.5204571692549,975.2653567651646
275.5204571692549,975.3788182609535
275.5204571692549,975.3931964792088
275.5204571692549,975.4427281416021
275.5204571692549,975.5487290131227
275.5204571692549,975.5597587427208
275.5204571692549,975.784833291981
275.5204571692549,975.821493955585
275.5204571692549,975.8357845245291
275.5204571692549,975.8726665165365
275.5204571692549,975.8913356544995
275.5204571692549,975.9164590393747
275.5204571692549,975.929600245059
275.5204571692549,975.9454649097523
275.5204571692549,975.9671750360327
275.5204571692549,975.9799628045818
275.5204571692549,976.0473984549218
275.5204571692549,976.0622775133804
275.5204571692549,976.1062122455024
275.5204571692549,976.252801394277
275.5204571692549,976.2632159884447
275.5204571692549,976.2887576468278
275.5204571692549,976.3893920113143
275.5204571692549,976.476382830885
275.5204571692549,976.5602572712622
275.5204571692549,976.5628398348555
275.5204571692549,976.7172586152982
275.5204571692549,976.7636102619294
275.5204571692549,976.7816960584414
275.5204571692549,976.804992713469
275.5204571692549,976.8123535107428
275.5204571692549,976.8184419746929
275.5204571692549,976.8508889995838
275.5204571692549,976.853486256095
275.5204571692549,976.9336398460171
275.5204571692549,976.9637361426817
275.5204571692549,976.9659809062963
275.5204571692549,977.0095754634184
275.5204571692549,977.0709304770937
275.5204571692549,977.0827350675415
275.5204571692549,977.1547229203717
275.5204571692549,977.1966105165827
275.5204571692549,977.2530236699351
275.5204571692549,977.2568078430531
275.5204571692549,977.3162885910152
275.5204571692549,977.3396544410963
275.5204571692549,977.3444735239623
275.5204571692549,977.4716307245508
275.5204571692549,977.5670692825532
275.5204571692549,977.5861033072267
275.5204571692549,977.626937752221
275.5204571692549,977.70123859781
275.5204571692549,977.7097805240317
275.5204571692549,977.7413985520643
275.5204571692549,977.7968559906443
275.5204571692549,977.85858803712
275.5204571692549,977.8674408410475
275.5204571692549,977.9117208271446
275.5204571692549,977.9540651268377
275.5204571692549,978.1284532552636
275.5204571692549,978.1475536629185
275.5204571692549,978.211752961361
275.5204571692549,978.2815301929542
275.5204571692549,978.307222265966
275.5204571692549,978.3885508927766
275.5204571692549,978.3888406636237
275.5204571692549,978.418732742474
275.5204571692549,978.4306254144788
275.5204571692549,978.5694379278629
275.5204571692549,978.7632970479663
275.5204571692549,978.7727909185301
275.5204571692549,978.7759079035078
275.5204571692549,978.8276226312935
275.5204571692549,978.8455806265393
275.5204571692549,978.9568381345888
275.5204571692549,979.1577451154329
275.5204571692549,979.2050456519975
275.5204571692549,979.3162129045227
275.5204571692549,979.4072919873676
275.5204571692549,979.4085130055192
275.5204571692549,979.5354030851694
275.5204571692549,979.5561866944455
275.5204571692549,979.5673967047857
275.5204571692549,979.7221011520224
275.5204571692549,979.722159398605
275.5204571692549,979.7556687152758
275.5204571692549,979.7595396851126
275.5204571692549,979.7707496954528
275.5204571692549,979.7986981287244
275.5204571692549,979.814371397876
275.5204571692549,979.8255814082162
275.5204571692549,979.8677686937206
275.5204571692549,979.943421764019
275.5204571692549,980.2465570207357
275.5204571692549,980.2487581876791
275.5204571692549,980.3197828771878
275.5204571692549,980.3591038025547
275.5204571692549,980.5450539736855
275.5204571692549,980.5551014454069
275.5204571692549,980.7874636303794
275.5204571692549,980.833456987871
275.5204571692549,980.8428467740815
275.5204571692549,980.8545174603031
275.5204571692549,980.8657274706433
275.5204571692549,980.935586229185
275.5204571692549,981.0368099785381
275.5204571692549,981.0405547361097
275.5204571692549,981.0557695485892
275.5204571692549,981.0699914989594
275.5204571692549,981.0916416913016
275.5204571692549,981.0983196770707
275.5204571692549,981.1104245436322
275.5204571692549,981.2219652686067
275.5204571692549,981.6333455168648
275.5204571692549,981.9168809336406
275.5204571692549,981.9173144115883
275.5204571692549,982.0449549270893
275.5204571692549,982.1317877537286
275.5204571692549,982.1654193429084
275.5204571692549,982.182087988914
275.5204571692549,982.332451316253
275.5204571692549,982.5542346302861
275.5204571692549,982.5841519971801
275.5204571692549,982.6696406485064
275.5204571692549,982.7560125810079
275.5204571692549,982.8367751378718
275.5204571692549,982.9843627940356
275.5204571692549,982.9913284640418
275.5204571692549,983.1185262186829
275.5204571692549,983.1246947068435
275.5204571692549,983.3595419614098
275.5204571692549,983.371449389296
275.5204571692549,983.5409833968687
275.5204571692549,983.5521934072088
275.5204571692549,983.6290228687966
275.5204571692549,983.7281297941224
275.5204571692549,983.7685194545
275.5204571692549,983.8593005314085
275.5204571692549,984.0963082622012
275.5204571692549,984.8182536902942
275.5204571692549,984.8332997026246
275.5204571692549,985.2638120376474
275.5204571692549,985.3857195525072
275.5204571692549,985.9891546397862
275.5204571692549,986.0301992704683
275.5204571692549,986.1355713855195
275.5204571692549,986.210561715328
275.5204571692549,986.2998536923274
275.5204571692549,986.3533031585567
275.5204571692549,986.5802307234758
275.5204571692549,987.3780896174054
275.5204571692549,987.4445842206038
275.5204571692549,987.8660340268175
275.5204571692549,987.906078172776
275.5204571692549,988.0252349965672
275.5204571692549,988.0693870174847
275.5204571692549,988.1242187302481
275.5204571692549,988.4719215544678
275.5204571692549,988.5945008866872
275.5204571692549,988.8148030064435
275.5204571692549,988.9686890708689
275.5204571692549,989.1643647926752
275.5204571692549,989.1979359739662
275.5204571692549,989.2286066827853
275.5204571692549,989.4615515425953
275.5204571692549,989.6400448658322
275.5204571692549,990.1574817159141
275.5204571692549,990.2401126087008
275.5204571692549,990.341673410521
275.5204571692549,990.4976536618686
275.5204571692549,990.5634598441535
275.5204571692549,991.055279803273
275.5204571692549,991.5053720628513
275.5204571692549,991.5055625130257
275.5204571692549,991.636569430585
275.5204571692549,991.8508307292408
275.5204571692549,991.9140200546886
275.5204571692549,991.9984060596857
275.5204571692549,992.3522980249523
275.5204571692549,992.6140264017488
275.5204571692549,992.8534528599628
275.5204571692549,993.1565728865172
275.5204571692549,993.346296406623
275.5204571692549,993.7001883718896
275.5204571692549,994.1708209917518
275.5204571692549,994.2052839643895
275.5204571692549,995.5531743113268
275.5204571692549,996.1800016483525
275.5204571692549,996.5046932672934
275.5204571692549,997.1667504149351
275.5204571692549,997.1779604252753
275.5204571692549,997.3307561535267
275.5204571692549,998.0709091369393
275.5204571692549,998.4440207083607
275.5204571692549,998.4940311193035
275.5204571692549,998.6786465004637
275.5204571692549,999.2152255501642
275.5204571692549,999.2862841444504
275.5204571692549,999.4172961297093
275.5204571692549,999.4187994838765
275.5204571692549,1000.8769645914499
275.5204571692549,1001.2761357897087
275.5204571692549,1001.680567804614
275.5204571692549,1001.8630571108713
275.5204571692549,1002.1602673208286
275.5204571692549,1002.312803151242
275.5204571692549,1002.3879604036055
275.5204571692549,1002.5225048457177
275.5204571692549,1002.6055870413911
275.5204571692549,1002.7153996491392
275.5204571692549,1002.7951494270287
275.5204571692549,1002.9807391382731
275.5204571692549,1003.0234996400565
275.5204571692549,1003.0284581515511
275.5204571692549,1003.0534459334025
275.5204571692549,1003.1046944213734
275.5204571692549,1003.1632585411505
275.5204571692549,1003.2090893513008
275.5204571692549,1003.2989095508989
275.5204571692549,1003.3607854580691
275.5204571692549,1003.6195611926139
275.5204571692549,1003.8100388731714
275.5204571692549,1003.8220063621143
275.5204571692549,1003.8470747825083
275.5204571692549,1003.915623887127
275.5204571692549,1003.9409782887185
275.5204571692549,1004.026227334902
275.5204571692549,1004.0674200846253
275.5204571692549,1004.1240819565351
275.5204571692549,1004.1439741001548
275.5204571692549,1004.1723603013622
275.5204571692549,1004.2817002075764
275.5204571692549,1004.3371781269567
275.5204571692549,1004.3445115260517
275.5204571692549,1004.40071051439
275.5204571692549,1004.4668978655103
275.5204571692549,1004.5126674818222
275.5204571692549,1004.5278177483522
275.5204571692549,1004.5441659205621
275.5204571692549,1004.64148165632
275.5204571692549,1004.6421849919019
275.5204571692549,1004.7724210718671
275.5204571692549,1004.7743221107679
275.5204571692549,1004.7798736130216
275.5204571692549,1004.9083191863547
275.5204571692549,1004.926512419668
275.5204571692549,1004.9703250417002
275.5204571692549,1004.9734016516878
275.5204571692549,1004.974396246679
275.5204571692549,1005.0099392586296
275.5204571692549,1005.0143456442233
275.5204571692549,1005.1012644572473
275.5204571692549,1005.1216419322687
275.5204571692549,1005.1274681825636
275.5204571692549,1005.1550870612637
275.5204571692549,1005.1577024689794
275.5204571692549,1005.1707848993404
275.5204571692549,1005.1995254697824
275.5204571692549,1005.2190798278027
275.5204571692549,1005.2226638136332
275.5204571692549,1005.242920285819
275.5204571692549,1005.2724049716154
275.5204571692549,1005.2806322012583
275.5204571692549,1005.342458210371
275.5204571692549,1005.3500192433498
275.5204571692549,1005.3502165738644
275.5204571692549,1005.3822013437629
275.5204571692549,1005.4658689888469
275.5204571692549,1005.4765977473071
275.5204571692549,1005.485129526619
275.5204571692549,1005.5615586250017
275.5204571692549,1005.7448648473021
275.5204571692549,1005.7734851351797
275.5204571692549,1005.8915308372854
275.5204571692549,1005.9254151313496
275.5204571692549,1005.9314001273399
275.5204571692549,1005.9519879962219
275.5204571692549,1005.9540326384297
275.5204571692549,1006.0352277390976
275.5204571692549,1006.0465305915252
275.5204571692549,1006.078420858415
275.5204571692549,1006.1080121277834
275.5204571692549,1006.1147063496403
275.5204571692549,1006.1381235516545
275.5204571692549,1006.1512545911053
275.5204571692549,1006.1662540829705
275.5204571692549,1006.1826072800253
275.5204571692549,1006.2253259398154
275.5204571692549,1006.2690629672016
275.5204571692549,1006.2735503710157
275.5204571692549,1006.2913183500838
275.5204571692549,1006.2964020480587
275.5204571692549,1006.3058272287335
275.5204571692549,1006.3246813703558
275.5204571692549,1006.3389905383482
275.5204571692549,1006.3573148568663
275.5204571692549,1006.375812865921
275.5204571692549,1006.3798292327009
275.5204571692549,1006.4051986755642
275.5204571692549,1006.4579677187021
275.5204571692549,1006.4707436235666
275.5204571692549,1006.4896716267004
275.5204571692549,1006.5245802495925
275.5204571692549,1006.5249766896543
275.5204571692549,1006.5288587793193
275.5204571692549,1006.5530315833836
275.5204571692549,1006.5873975696786
275.5204571692549,1006.6028807424326
275.5204571692549,1006.6230235737335
275.5204571692549,1006.6375324512892
275.5204571692549,1006.6731848318268
275.5204571692549,1006.6865423602977
275.5204571692549,1006.7214991652395
275.5204571692549,1006.7253656758445
275.5204571692549,1006.7539629892806
275.5204571692549,1006.7597101035445
275.5204571692549,1006.7733702049279
275.5204571692549,1006.7834959407223
275.5204571692549,1006.7921165531727
275.5204571692549,1006.8019602833525
275.5204571692549,1006.8087338790373
275.5204571692549,1006.8157477827064
275.5204571692549,1006.8326619638899
275.5204571692549,1006.8495049018992
275.5204571692549,1006.855286138376
275.5204571692549,1006.9010766973101
275.5204571692549,1006.9345207214446
275.5204571692549,1006.9393892825724
275.5204571692549,1006.9655360249626
275.5204571692549,1006.9668021630227
275.5204571692549,1007.0350946131435
275.5204571692549,1007.037084092065
275.5204571692549,1007.0385923606764
275.5204571692549,1007.0807533815528
275.5204571692549,1007.1059410771768
275.5204571692549,1007.1088452494979
275.5204571692549,1007.123228122877
275.5204571692549,1007.125623837801
275.5204571692549,1007.1294269103378
275.5204571692549,1007.148842247263
275.5204571692549,1007.1554777580976
275.5204571692549,1007.1710168420357
275.5204571692549,1007.2212290969393
275.5204571692549,1007.2218399187599
275.5204571692549,1007.239784665045
275.5204571692549,1007.2570978303726
275.5204571692549,1007.3031630298524
275.5204571692549,1007.332863290715
275.5204571692549,1007.382379613456
275.5204571692549,1007.4143986377364
275.5204571692549,1007.4317663519452
275.5204571692549,1007.4408189464091
275.5204571692549,1007.4483104868057
275.5204571692549,1007.4576132939376
275.5204571692549,1007.4577092524866
275.5204571692549,1007.4594649984465
275.5204571692549,1007.4698223853761
275.5204571692549,1007.5030857220214
275.5204571692549,1007.5267140384135
275.5204571692549,1007.5286122735642
275.5204571692549,1007.5401870802485
275.5204571692549,1007.6098761574492
275.5204571692549,1007.6171447661679
275.5204571692549,1007.6298626043499
275.5204571692549,1007.653378384473
275.5204571692549,1007.6608475038669
275.5204571692549,1007.6650526700508
275.5204571692549,1007.6768643507222
275.5204571692549,1007.7062041185245
275.5204571692549,1007.7115804063126
275.5204571692549,1007.7162014126817
275.5204571692549,1007.7760421558569
275.5204571692549,1007.7987161600835
275.5204571692549,1007.8329470677035
275.5204571692549,1007.8519868206212
275.5204571692549,1007.8622746227264
275.5204571692549,1007.8750892231899
275.5204571692549,1007.8819397894536
275.5204571692549,1007.894886628613
275.5204571692549,1007.9233132168526
275.5204571692549,1007.9274941135218
275.5204571692549,1007.9485125609745
275.5204571692549,1007.9650841865695
275.5204571692549,1007.9950529554006
275.5204571692549,1008.0074220796798
275.5204571692549,1008.0674379251874
275.5204571692549,1008.084232272716
275.5204571692549,1008.1120268920414
275.5204571692549,1008.1168396450352
275.5204571692549,1008.1192353599591
275.5204571692549,1008.1525556829491
275.5204571692549,1008.1641637274894
275.5204571692549,1008.1689877503233
275.5204571692549,1008.1690579974623
275.5204571692549,1008.1700718008758
275.5204571692549,1008.185852344991
275.5204571692549,1008.2194724969092
275.5204571692549,1008.2267157762327
275.5204571692549,1008.3283807525027
275.5204571692549,1008.3817825524659
275.5204571692549,1008.3985768999944
275.5204571692549,1008.4279724367543
275.5204571692549,1008.4966972441796
275.5204571692549,1008.5332202861725
275.5204571692549,1008.5882687352092
275.5204571692549,1008.5990574040306
275.5204571692549,1008.6496581928262
275.5204571692549,1008.6717577544532
275.5204571692549,1008.685899348572
275.5204571692549,1008.7475810214953
275.5204571692549,1008.750567331837
275.5204571692549,1008.7572341791985
275.5204571692549,1008.7737325731273
275.5204571692549,1008.7923276822416
275.5204571692549,1008.8455983427793
275.5204571692549,1008.8810288611727
275.5204571692549,1008.92110563568
275.5204571692549,1009.1160728792024
275.5204571692549,1009.1270756815367
275.5204571692549,1009.2372926673268
275.5204571692549,1009.2405357133682
275.5204571692549,1009.2457363112771
275.5204571692549,1009.3036876819801
275.5204571692549,1009.3210139877896
275.5204571692549,1009.3219922746608
275.5204571692549,1009.3742000002737
275.5204571692549,1009.4685160169068
275.5204571692549,1009.4758200725487
275.5204571692549,1009.5451540297739
275.5204571692549,1009.5673189220722
275.5204571692549,1009.5926689261888
275.5204571692549,1009.6615572094794
275.5204571692549,1009.6665409359039
275.5204571692549,1009.6761521456631
275.5204571692549,1009.6883946053797
275.5204571692549,1009.6885446275521
275.5204571692549,1009.7134195673336
275.5204571692549,1009.7712478777573
275.5204571692549,1009.8685224816753
275.5204571692549,1009.9033849966233
275.5204571692549,1009.9080060756098
275.5204571692549,1009.9106415200092
275.5204571692549,1009.9504721793461
275.5204571692549,1009.9604992760234
275.5204571692549,1009.9628949909473
275.5204571692549,1009.9672289641883
275.5204571692549,1009.9791714949191
275.5204571692549,1009.9845259017685
275.5204571692549,1010.0509616925727
275.5204571692549,1010.0557889769626
275.5204571692549,1010.0931982948864
275.5204571692549,1010.1024645375433
275.5204571692549,1010.1294502748283
275.5204571692549,1010.1312386809981
275.5204571692549,1010.1612115791594
275.5204571692549,1010.2131005433641
275.5204571692549,1010.217354647606
275.5204571692549,1010.2543488114031
275.5204571692549,1010.3283692785029
275.5204571692549,1010.3403568751678
275.5204571692549,1010.3494917523382
275.5204571692549,1010.3525749903567
275.5204571692549,1010.3768081226095
275.5204571692549,1010.3779278029486
275.5204571692549,1010.3790368452263
275.5204571692549,1010.4005814715113
275.5204571692549,1010.4191245551815
275.5204571692549,1010.4201618880307
275.5204571692549,1010.4449178086295
275.5204571692549,1010.4715210962263
275.5204571692549,1010.4751717918272
275.5204571692549,1010.4827378644012
275.5204571692549,1010.5027724614262
275.5204571692549,1010.5136834357833
275.5204571692549,1010.5315849451796
275.5204571692549,1010.5567194915307
275.5204571692549,1010.5735173765692
275.5204571692549,1010.5749043750143
275.5204571692549,1010.5791259635017
275.5204571692549,1010.5903117240978
275.5204571692549,1010.6359873132299
275.5204571692549,1010.6417530445491
275.5204571692549,1010.6892579737676
275.5204571692549,1010.7210839265213
275.5204571692549,1010.758287508783
275.5204571692549,1010.7647652666682
275.5204571692549,1010.7743503062215
275.5204571692549,1010.7892635126603
275.5204571692549,1010.8135744030487
275.5204571692549,1010.8199662426996
275.5204571692549,1010.8367605902281
275.5204571692549,1010.8630893539078
275.5204571692549,1010.9072559605094
275.5204571692549,1010.91068303849
275.5204571692549,1010.9554321721805
275.5204571692549,1010.9725697349608
275.5204571692549,1011.0044374088094
275.5204571692549,1011.004546781727
275.5204571692549,1011.0194275866661
275.5204571692549,1011.1061668540019
275.5204571692549,1011.1364343405155
275.5204571692549,1011.1435681564105
275.5204571692549,1011.1515647055321
275.5204571692549,1011.165651905649
275.5204571692549,1011.1755934773805
275.5204571692549,1011.2011414799135
275.5204571692549,1011.3175385525424
275.5204571692549,1011.3188914090055
275.5204571692549,1011.350644246452
275.5204571692549,1011.3613370171291
275.5204571692549,1011.407014530508
275.5204571692549,1011.4093625756932
275.5204571692549,1011.436328557177
275.5204571692549,1011.5641682712212
275.5204571692549,1011.5820388334533
275.5204571692549,1011.6955459333897
275.5204571692549,1011.7197008051352
275.5204571692549,1011.7307305347332
275.5204571692549,1011.752979799947
275.5204571692549,1011.8548040134522
275.5204571692549,1011.8690102748872
275.5204571692549,1011.8802794516555
275.5204571692549,1011.8887729894
275.5204571692549,1011.9413294076386
275.5204571692549,1011.9558050839935
275.5204571692549,1012.0436383085489
275.5204571692549,1012.0874308313871
275.5204571692549,1012.1005720370714
275.5204571692549,1012.1267283177858
275.5204571692549,1012.1381468280451
275.5204571692549,1012.1509345965942
275.5204571692549,1012.1947530020717
275.5204571692549,1012.2183702469342
275.5204571692549,1012.2771840375149
275.5204571692549,1012.3878368529378
275.5204571692549,1012.4168964401819
275.5204571692549,1012.4237731862894
275.5204571692549,1012.4597294388402
275.5204571692549,1012.5603638033267
275.5204571692549,1012.5872378556015
275.5204571692549,1012.75111690902
275.5204571692549,1012.8375420084745
275.5204571692549,1012.9526678504538
275.5204571692549,1012.9833253027552
275.5204571692549,1013.0218607915963
275.5204571692549,1013.0244580481075
275.5204571692549,1013.0486623156834
275.5204571692549,1013.054887182054
275.5204571692549,1013.0868139269119
275.5204571692549,1013.1347079346941
275.5204571692549,1013.1369526983087
275.5204571692549,1013.1605845848268
275.5204571692549,1013.1760102983682
275.5204571692549,1013.1805472554308
275.5204571692549,1013.1989758010313
275.5204571692549,1013.2419022691062
275.5204571692549,1013.3045425745354
275.5204571692549,1013.3110504235534
275.5204571692549,1013.3256947123841
275.5204571692549,1013.3675823085952
275.5204571692549,1013.4143551822834
275.5204571692549,1013.4227520660448
275.5204571692549,1013.4239954619476
275.5204571692549,1013.4277796350656
275.5204571692549,1013.4321363368833
275.5204571692549,1013.4872603830277
275.5204571692549,1013.5106262331087
275.5204571692549,1013.5274225260953
275.5204571692549,1013.5394006365811
275.5204571692549,1013.5592467765156
275.5204571692549,1013.5785633982061
275.5204571692549,1013.7380410745657
275.5204571692549,1013.7439128306725
275.5204571692549,1013.7547623375337
275.5204571692549,1013.7570750992392
275.5204571692549,1013.8722103898224
275.5204571692549,1013.8796302176925
275.5204571692549,1013.8807523160441
275.5204571692549,1013.9849390668571
275.5204571692549,1014.0384126330599
275.5204571692549,1014.1194643726698
275.5204571692549,1014.299425047276
275.5204571692549,1014.3185167257582
275.5204571692549,1014.3768809523151
275.5204571692549,1014.3827247533734
275.5204571692549,1014.5781748503055
275.5204571692549,1014.6739003627574
275.5204571692549,1014.6858706975945
275.5204571692549,1014.7754117778863
275.5204571692549,1014.7908201676333
275.5204571692549,1014.9075488967524
275.5204571692549,1014.9343172903976
275.5204571692549,1014.9883789265625
275.5204571692549,1015.0985668541383
275.5204571692549,1015.1066284376723
275.5204571692549,1015.1170269094007
275.5204571692549,1015.1278099266012
275.5204571692549,1015.2513106977095
275.5204571692549,1015.4028538237264
275.5204571692549,1015.4756849963554
275.5204571692549,1015.5174509351455
275.5204571692549,1015.5203816009345
275.5204571692549,1015.536645021139
275.5204571692549,1015.5374570655741
275.5204571692549,1015.5625293714764
275.5204571692549,1015.7142795666407
275.5204571692549,1015.7292392600987
275.5204571692549,1015.7596138606142
275.5204571692549,1015.83193966251
275.5204571692549,1015.8708120361291
275.5204571692549,1015.9629668512814
275.5204571692549,1015.9937040863477
275.5204571692549,1016.0132008097885
275.5204571692549,1016.0177985640448
275.5204571692549,1016.0709449989785
275.5204571692549,1016.0991622491568
275.5204571692549,1016.1509955773337
275.5204571692549,1016.1797573775096
275.5204571692549,1016.2706380631798
275.5204571692549,1016.3256319086929
275.5204571692549,1016.3625170055432
275.5204571692549,1016.4517488394544
275.5204571692549,1016.5438301133142
275.5204571692549,1016.582402562477
275.5204571692549,1016.5910566437628
275.5204571692549,1016.6135141418464
275.5204571692549,1016.6195496874753
275.5204571692549,1016.6709873139027
275.5204571692549,1016.7294198245586
275.5204571692549,1016.7734908007042
275.5204571692549,1016.79440963443
275.5204571692549,1016.8492413471935
275.5204571692549,1016.8548915348729
275.5204571692549,1016.8693851306779
275.5204571692549,1016.8847258182506
275.5204571692549,1016.892936889529
275.5204571692549,1016.8937123115201
275.5204571692549,1016.9199000291429
275.5204571692549,1016.9242814729597
275.5204571692549,1016.9584354223919
275.5204571692549,1017.0085500978275
275.5204571692549,1017.013818566094
275.5204571692549,1017.0579446264719
275.5204571692549,1017.0783678182327
275.5204571692549,1017.1232530198102
275.5204571692549,1017.1264294752132
275.5204571692549,1017.1461484765495
275.5204571692549,1017.1686548152455
275.5204571692549,1017.1780847325737
275.5204571692549,1017.1799878905076
275.5204571692549,1017.191263303425
275.5204571692549,1017.2569940227814
275.5204571692549,1017.2692914690831
275.5204571692549,1017.2776718002532
275.5204571692549,1017.2800675151772
275.5204571692549,1017.2897361403553
275.5204571692549,1017.3654058984239
275.5204571692549,1017.3720078059127
275.5204571692549,1017.3775693649106
275.5204571692549,1017.3927124455112
275.5204571692549,1017.4268395186762
275.5204571692549,1017.4300089010673
275.5204571692549,1017.4723257380722
275.5204571692549,1017.484865652956
275.5204571692549,1017.4960041094562
275.5204571692549,1017.5013742275895
275.5204571692549,1017.5146105388778
275.5204571692549,1017.5446798744789
275.5204571692549,1017.5976241817311
275.5204571692549,1017.6334762545889
275.5204571692549,1017.6575293993975
275.5204571692549,1017.7314613301772
275.5204571692549,1017.779708914697
275.5204571692549,1017.8103487367347
275.5204571692549,1017.8893874096206
275.5204571692549,1017.8927025020928
275.5204571692549,1017.9210409876478
275.5204571692549,1017.9531598374596
275.5204571692549,1018.0064304979973
275.5204571692549,1018.081937790898
275.5204571692549,1018.0876985390973
275.5204571692549,1018.1017729172005
275.5204571692549,1018.2182307950007
275.5204571692549,1018.2910515297646
275.5204571692549,1018.2911921925892
275.5204571692549,1018.3073481883183
275.5204571692549,1018.317256359117
275.5204571692549,1018.345883242528
275.5204571692549,1018.4236204232254
275.5204571692549,1018.4669855811032
275.5204571692549,1018.4716144195387
275.5204571692549,1018.4737214367487
275.5204571692549,1018.4828244298789
275.5204571692549,1018.5144783117926
275.5204571692549,1018.5518149519003
275.5204571692549,1018.5725985611764
275.5204571692549,1018.6109367004595
275.5204571692549,1018.6482264199822
275.5204571692549,1018.6570276590492
275.5204571692549,1018.659625768746
275.5204571692549,1018.7292268066803
275.5204571692549,1018.7535010814069
275.5204571692549,1018.7759515518435
275.5204571692549,1018.8211914393894
275.5204571692549,1018.8307832646069
275.5204571692549,1018.8651707494131
275.5204571692549,1018.8837941178215
275.5204571692549,1019.0584202369407
275.5204571692549,1019.0982652516666
275.5204571692549,1019.1867533602082
275.5204571692549,1019.2617732276079
275.5204571692549,1019.3166049403713
275.5204571692549,1019.3237102329211
275.5204571692549,1019.3860293049551
275.5204571692549,1019.3955004305748
275.5204571692549,1019.4146531474486
275.5204571692549,1019.5057503171614
275.5204571692549,1019.5597170561895
275.5204571692549,1019.5844472696144
275.5204571692549,1019.6454599986514
275.5204571692549,1019.7444105630375
275.5204571692549,1019.7488847129642
275.5204571692549,1019.799994660809
275.5204571692549,1019.8308961357449
275.5204571692549,1019.8387540821844
275.5204571692549,1019.870929327034
275.5204571692549,1019.9251675109996
275.5204571692549,1019.9394912465125
275.5204571692549,1019.968926190474
275.5204571692549,1020.002083560838
275.5204571692549,1020.0545207121521
275.5204571692549,1020.0733620566414
275.5204571692549,1020.094606229963
275.5204571692549,1020.094791255259
275.5204571692549,1020.1510193833154
275.5204571692549,1020.1533599533042
275.5204571692549,1020.2289151295724
275.5204571692549,1020.2485324269684
275.5204571692549,1020.2517946985114
275.5204571692549,1020.2672800542136
275.5204571692549,1020.3360782559641
275.5204571692549,1020.3567510027984
275.5204571692549,1020.3903825919781
275.5204571692549,1020.4472266176109
275.5204571692549,1020.4538468404195
275.5204571692549,1020.5574145653228
275.5204571692549,1020.5758533461861
275.5204571692549,1020.5897909985582
275.5204571692549,1020.6497573835957
275.5204571692549,1020.6574813565408
275.5204571692549,1020.7231454958483
275.5204571692549,1020.8091152462499
275.5204571692549,1020.9046967315663
275.5204571692549,1020.9337262783192
275.5204571692549,1021.0264489686439
275.5204571692549,1021.1534515176688
275.5204571692549,1021.1676837823442
275.5204571692549,1021.3555851572897
275.5204571692549,1021.3592900973304
275.5204571692549,1021.3814445782659
275.5204571692549,1021.6693969909455
275.5204571692549,1021.8531870046027
275.5204571692549,1021.9214714368345
275.5204571692549,1021.9653159488731
275.5204571692549,1022.0724952415206
275.5204571692549,1022.0880846156628
275.5204571692549,1022.1516472745789
275.5204571692549,1022.3065431775319
275.5204571692549,1022.3477496224558
275.5204571692549,1022.5573952635996
275.5204571692549,1022.7099194587516
275.5204571692549,1022.7114684762954
275.5204571692549,1022.7418462036094
275.5204571692549,1022.8627388857952
275.5204571692549,1023.043216939364
275.5204571692549,1023.0984017239685
275.5204571692549,1023.1824548027928
275.5204571692549,1023.3294778048592
275.5204571692549,1023.4500724421642
275.5204571692549,1023.499537621516
275.5204571692549,1023.51884030471
275.5204571692549,1023.5559788520293
275.5204571692549,1023.6155560126163
275.5204571692549,1023.7899142058754
275.5204571692549,1023.811819825788
275.5204571692549,1023.9963153904511
275.5204571692549,1024.0370058188298
275.5204571692549,1024.0770499647883
275.5204571692549,1024.2403588094971
275.5204571692549,1024.2951905222606
275.5204571692549,1024.328932639455
275.5204571692549,1024.5680714315101
275.5204571692549,1024.6428933464802
275.5204571692549,1024.64341120326
275.5204571692549,1024.9632123407557
275.5204571692549,1025.0110486952053
275.5204571692549,1025.057886100424
275.5204571692549,1025.1378045528124
275.5204571692549,1025.2295558598203
275.5204571692549,1025.3353365846876
275.5204571692549,1025.3693118433382
275.5204571692549,1025.4280160095918
275.5204571692549,1025.4466809703356
275.5204571692549,1025.6565102469597
275.5204571692549,1025.668233086486
275.5204571692549,1025.9256703398773
275.5204571692549,1026.0175492822407
275.5204571692549,1026.2374348391745
275.5204571692549,1026.311102687693
275.5204571692549,1026.5774462067573
275.5204571692549,1026.7814617519107
275.5204571692549,1027.0245874418372
275.5204571692549,1027.0597311098388
275.5204571692549,1027.1936523199386
275.5204571692549,1027.5477347787903
275.5204571692549,1027.5844525784432
275.5204571692549,1027.758739826374
275.5204571692549,1027.8282706234631
275.5204571692549,1027.853839199392
275.5204571692549,1027.9709535103045
275.5204571692549,1028.0218025212532
275.5204571692549,1028.2761295154744
275.5204571692549,1028.4279632721373
275.5204571692549,1028.6564567325631
275.5204571692549,1028.6565379137328
275.5204571692549,1028.724741164795
275.5204571692549,1028.7970420011598
275.5204571692549,1029.106630173311
275.5204571692549,1029.307328233521
275.5204571692549,1029.4725277152163
275.5204571692549,1029.5798717108844
275.5204571692549,1029.6194927224146
275.5204571692549,1030.1389833037583
275.5204571692549,1030.1838487590041
275.5204571692549,1030.342579933984
275.5204571692549,1030.5219743797566
275.5204571692549,1030.577261274022
275.5204571692549,1030.7855850757467
275.5204571692549,1030.8548918338322
275.5204571692549,1031.0139352887743
275.5204571692549,1031.0139357289474
275.5204571692549,1031.0209009587804
275.5204571692549,1031.0580668468235
275.5204571692549,1031.1480987134216
275.5204571692549,1031.5166666709201
275.5204571692549,1031.5317391059411
275.5204571692549,1031.6184908844255
275.5204571692549,1031.8698647266935
275.5204571692549,1031.9251516209592
275.5204571692549,1032.1322870129832
275.5204571692549,1032.1873502010412
275.5204571692549,1032.841553706784
275.5204571692549,1032.8645570178574
275.5204571692549,1032.9663812313627
275.5204571692549,1033.2933845323862
275.5204571692549,1033.3701775811037
275.5204571692549,1033.5017279455392
275.5204571692549,1034.2016203642524
275.5204571692549,1034.2668481810033
275.5204571692549,1034.329426187066
275.5204571692549,1034.5304637496324
275.5204571692549,1034.779218535735
275.5204571692549,1034.8496182924762
275.5204571692549,1035.1025785524478
275.5204571692549,1035.2811378061187
275.5204571692549,1035.4572559364628
275.5204571692549,1035.698262259587
275.5204571692549,1036.183162281666
275.5204571692549,1036.629028153056
275.5204571692549,1036.6689839574303
275.5204571692549,1036.8150507655384
275.5204571692549,1037.6933877086553
275.5204571692549,1038.3113598866278
275.5204571692549,1038.5272261566074
275.5204571692549,1038.9355567409436
275.5204571692549,1039.3987439294426
275.5204571692549,1039.9926020005457
275.5204571692549,1040.025362908221
275.5204571692549,1040.1237629561774
275.5204571692549,1040.126982980496
275.5204571692549,1040.7911869928246
275.5204571692549,1041.0624137002233
275.5204571692549,1041.340492347483
275.5204571692549,1041.6475695393194
275.5204571692549,1042.7778912257331
275.5204571692549,1043.323438545887
275.5204571692549,1043.4927889477453
275.5204571692549,1043.505595450328
275.5204571692549,1043.618320493499
275.5204571692549,1044.2828966406942
275.5204571692549,1044.5342657620322
275.5204571692549,1044.9683998629528
275.5204571692549,1045.753813793409
275.5204571692549,1046.5322198800668
275.5204571692549,1046.874621441896
275.5204571692549,1047.6519226322619
275.5204571692549,1048.3374258545205
275.5204571692549,1048.9625951275889
275.5204571692549,1049.1356462875597
275.5204571692549,1049.9129474779256
275.5204571692549,1050.5984507001842
275.5204571692549,1052.3444276217394
275.5204571692549,1053.1217288121056
275.5204571692549,1053.8072320343642
275.5204571692549,1055.247499871333
275.5204571692549,1057.9285833960323
275.5204571692549,1058.191049109018
275.5204571692549,1058.616525862901
275.5204571692549,1059.3346783568704
275.5204571692549,1059.9302636238885
275.5204571692549,1060.1757419677751
275.5204571692549,1060.8775507085647
275.5204571692549,1061.087702134865
275.5204571692549,1061.1044964823936
275.5204571692549,1062.3944642099514
275.5204571692549,1063.2992896154562
275.5204571692549,1064.0248109914046
275.5204571692549,1064.0863320427445
275.5204571692549,1065.56031446112
275.5204571692549,1066.137948084831
275.5204571692549,1068.7690957953
275.5204571692549,1070.0986320279103
275.5204571692549,1070.5162683191338
316.38261335183097,927.9504528120957
316.38261335183097,929.385922710544
316.38261335183097,929.761074807426
275.5204571692549,1082.4498912152203
316.38261335183097,930.4340618262953
316.38261335183097,931.8426528661826
275.5204571692549,1085.8189172067882
316.38261335183097,933.6769679115267
316.38261335183097,933.7494268067367
316.38261335183097,934.7876946368469
275.5204571692549,1087.4283164241815
275.5204571692549,1088.0549354029597
316.38261335183097,935.9923657881999
316.38261335183097,936.3675178850818
316.38261335183097,936.494538470269
316.38261335183097,936.5430512031454
316.38261335183097,936.694468577401
316.38261335183097,936.771401416173
316.38261335183097,936.869690567151
316.38261335183097,937.1641609472191
316.38261335183097,937.8625744204812
316.38261335183097,937.9154040192259
316.38261335183097,937.9785211015937
316.38261335183097,938.309606367833
316.38261335183097,938.3536731984757
316.38261335183097,938.364092853798
316.38261335183097,938.3893561457226
316.38261335183097,938.4263799936051
316.38261335183097,938.5820234115033
316.38261335183097,938.5996308456674
316.38261335183097,938.7340968828549
316.38261335183097,938.8478204792427
316.38261335183097,938.8846377937847
316.38261335183097,938.9747829425494
316.38261335183097,939.0623431645919
316.38261335183097,939.1695568352376
316.38261335183097,939.220008842711
316.38261335183097,939.2352718734313
316.38261335183097,939.6182456698097
316.38261335183097,939.7374445555005
316.38261335183097,939.8344369916742
316.38261335183097,939.8425438541069
316.38261335183097,940.0868923144649
316.38261335183097,940.1019732952543
316.38261335183097,940.1648663522442
316.38261335183097,940.3366096737434
316.38261335183097,940.6041459773235
316.38261335183097,940.6670390343133
316.38261335183097,941.2983491915522
316.38261335183097,941.3823231258183
316.38261335183097,941.4218067197528
316.38261335183097,941.6069989390294
316.38261335183097,941.7127524863882
316.38261335183097,941.8906087667525
316.38261335183097,941.8975143097952
316.38261335183097,942.1650506133753
316.38261335183097,942.3052492498233
316.38261335183097,942.4080286733462
316.38261335183097,942.926016422852
316.38261335183097,942.9637486193674
316.38261335183097,943.0854499393383
316.38261335183097,943.3011685197339
316.38261335183097,944.4964375909054
316.38261335183097,944.6708722609377
316.38261335183097,944.742761015685
316.38261335183097,945.3088117843042
316.38261335183097,945.763631656868
316.38261335183097,945.9817988031737
316.38261335183097,946.1689225080834
316.38261335183097,946.6272245528205
316.38261335183097,946.649534956239
316.38261335183097,946.7680876263262
316.38261335183097,946.9022047588827
316.38261335183097,946.9819545367723
316.38261335183097,947.0356239299063
316.38261335183097,947.0985169868961
316.38261335183097,947.2103047497999
316.38261335183097,947.2277380736546
316.38261335183097,947.290462409734
316.38261335183097,947.2997386660815
316.38261335183097,947.3500636508941
316.38261335183097,947.3884814810738
316.38261335183097,947.4682312589633
316.38261335183097,947.5233145029564
316.38261335183097,947.5475905678127
316.38261335183097,947.5755974075859
316.38261335183097,947.603064280846
316.38261335183097,947.665614506616
316.38261335183097,947.7065368231331
316.38261335183097,947.7209852414104
316.38261335183097,947.7545585386451
316.38261335183097,947.7621552262873
316.38261335183097,947.851866448822
316.38261335183097,947.9663326352508
316.38261335183097,947.9894891246875
316.38261335183097,947.9905054393149
316.38261335183097,947.9968439829148
316.38261335183097,948.0413047529221
316.38261335183097,948.127783398462
316.38261335183097,948.1448782511637
316.38261335183097,948.1758051139741
316.38261335183097,948.2108440608594
316.38261335183097,948.383264970361
316.38261335183097,948.4507600272555
316.38261335183097,948.462551328251
316.38261335183097,948.4685053173199
316.38261335183097,948.522052581272
316.38261335183097,948.5929516140292
316.38261335183097,948.624607288556
316.38261335183097,948.6587029528707
316.38261335183097,948.6774368873007
316.38261335183097,948.677476634738
316.38261335183097,948.6776959991702
316.38261335183097,948.694571686304
316.38261335183097,948.6977750318028
316.38261335183097,948.831953804933
316.38261335183097,948.8692402078766
316.38261335183097,948.9072962413076
316.38261335183097,948.9128272152958
316.38261335183097,949.0242252633411
316.38261335183097,949.0265508116836
316.38261335183097,949.0951242960983
316.38261335183097,949.1133175294115
316.38261335183097,949.1261257218728
316.38261335183097,949.1798686812393
316.38261335183097,949.1967443683732
316.38261335183097,949.2011507539669
316.38261335183097,949.2247048884051
316.38261335183097,949.3084470420123
316.38261335183097,949.3156814303777
316.38261335183097,949.3340737906248
316.38261335183097,949.4094689233767
316.38261335183097,949.4455187996772
316.38261335183097,949.4477973870125
316.38261335183097,949.4961297509298
316.38261335183097,949.4983483984219
316.38261335183097,949.5334219679519
316.38261335183097,949.5692974941766
316.38261335183097,949.6098533473175
316.38261335183097,949.6247671709266
316.38261335183097,949.6526740985903
316.38261335183097,949.6663176638546
316.38261335183097,949.678501292786
316.38261335183097,949.6830210905644
316.38261335183097,949.7130986521946
316.38261335183097,949.7261828237057
316.38261335183097,949.7472261377869
316.38261335183097,949.8106741015852
316.38261335183097,949.8178541124469
316.38261335183097,949.8329515568713
316.38261335183097,949.8445498321138
316.38261335183097,949.8551368673336
316.38261335183097,949.936605891398
316.38261335183097,949.9470372329939
316.38261335183097,950.0557262737085
316.38261335183097,950.0806557574475
316.38261335183097,950.1014874970792
316.38261335183097,950.1408377481732
316.38261335183097,950.2220328488412
316.38261335183097,950.2255821333142
316.38261335183097,950.3000252465353
316.38261335183097,950.3170412620509
316.38261335183097,950.3380597008488
316.38261335183097,950.4307648584387
316.38261335183097,950.4766395939612
316.38261335183097,950.4832071578022
316.38261335183097,950.492632338477
316.38261335183097,950.5257956480917
316.38261335183097,950.5333684949654
316.38261335183097,950.5673294153318
316.38261335183097,950.5790803578479
316.38261335183097,950.6150109462515
316.38261335183097,950.6313875663052
316.38261335183097,950.6447728284456
316.38261335183097,950.704474019245
316.38261335183097,950.7333779546595
316.38261335183097,950.7666577726739
316.38261335183097,950.8181976156328
316.38261335183097,950.89377964687
316.38261335183097,950.9019870559409
316.38261335183097,950.9351503655557
316.38261335183097,950.9694838799933
316.38261335183097,950.9730122654046
316.38261335183097,950.9974646238766
316.38261335183097,951.0363100116427
316.38261335183097,951.0970871332438
316.38261335183097,951.0990310654108
316.38261335183097,951.1043169018759
316.38261335183097,951.1250981921899
316.38261335183097,951.1325336132084
316.38261335183097,951.1423729353069
316.38261335183097,951.1879043480028
316.38261335183097,951.1907587074097
316.38261335183097,951.2048737227125
316.38261335183097,951.2443606910997
316.38261335183097,951.2534155703903
316.38261335183097,951.2655797261257
316.38261335183097,951.3059963376068
316.38261335183097,951.3454799315413
316.38261335183097,951.4000699167884
316.38261335183097,951.4187111992055
316.38261335183097,951.4629629737783
316.38261335183097,951.5183337085728
316.38261335183097,951.5306721508178
316.38261335183097,951.592029957664
316.38261335183097,951.6005370521937
316.38261335183097,951.60120374748
316.38261335183097,951.6120052827387
316.38261335183097,951.6657588626639
316.38261335183097,951.814281978541
316.38261335183097,951.8165107011578
316.38261335183097,951.8476526136104
316.38261335183097,951.9683732449453
316.38261335183097,952.0217836275226
316.38261335183097,952.1023538847612
316.38261335183097,952.1201169922133
316.38261335183097,952.1443559938931
316.38261335183097,952.1465861406909
316.38261335183097,952.1838395878276
316.38261335183097,952.2570073310744
316.38261335183097,952.3690318071042
316.38261335183097,952.372230647179
316.38261335183097,952.4151220808989
316.38261335183097,952.474785354463
316.38261335183097,952.4940461958263
316.38261335183097,952.4948718587884
316.38261335183097,952.5357302672652
316.38261335183097,952.6526416348273
316.38261335183097,952.7227062840723
316.38261335183097,952.9207845564158
316.38261335183097,952.9263193564528
316.38261335183097,952.956004737426
316.38261335183097,952.9652675050143
316.38261335183097,953.0003410745443
316.38261335183097,953.0047510989488
316.38261335183097,953.101377344859
316.38261335183097,953.1059960406956
316.38261335183097,953.1899433182253
316.38261335183097,953.1904536558782
316.38261335183097,953.276507192436
316.38261335183097,953.2956968655842
316.38261335183097,953.3307704351142
316.38261335183097,953.3443935823107
316.38261335183097,953.3921838561429
316.38261335183097,953.4735531459485
316.38261335183097,953.5862958856636
316.38261335183097,953.5993063753222
316.38261335183097,953.6529385167212
316.38261335183097,953.6918576064303
316.38261335183097,953.724415631628
316.38261335183097,953.9014101753539
316.38261335183097,953.9309164190437
316.38261335183097,953.9435587005536
316.38261335183097,954.1234466640645
316.38261335183097,954.1297603883816
316.38261335183097,954.171331011512
316.38261335183097,954.2110950041337
316.38261335183097,954.2138687205982
316.38261335183097,954.215918350636
316.38261335183097,954.2739880611235
316.38261335183097,954.3521629943726
316.38261335183097,954.3562300479177
316.38261335183097,954.5225199194276
316.38261335183097,954.580685728976
316.38261335183097,954.5959380940017
316.38261335183097,954.7096616903895
316.38261335183097,954.7530631274414
316.38261335183097,954.804088939929
316.38261335183097,954.8999832699028
316.38261335183097,954.9018562306486
316.38261335183097,954.924310450745
316.38261335183097,954.9773397919914
316.38261335183097,955.4255303498776
316.38261335183097,955.4390879664907
316.38261335183097,955.4557032159239
316.38261335183097,955.5266022486812
316.38261335183097,955.5939700151569
316.38261335183097,955.6113466338222
316.38261335183097,955.628222320956
316.38261335183097,955.6416515460766
316.38261335183097,955.6580281661303
316.38261335183097,955.7600185544846
316.38261335183097,955.8409468759596
316.38261335183097,955.8780990086993
316.38261335183097,955.928627655766
316.38261335183097,955.9617909653808
316.38261335183097,955.9961244798184
316.38261335183097,955.9963991259315
316.38261335183097,956.2493320650296
316.38261335183097,956.2922203259508
316.38261335183097,956.3965808002978
316.38261335183097,956.4350534836072
316.38261335183097,956.6834021540944
316.38261335183097,956.8422124605536
316.38261335183097,957.1855748361636
316.38261335183097,957.2448254336124
316.38261335183097,957.2836479308995
316.38261335183097,957.3234106613215
316.38261335183097,957.3517349377274
316.38261335183097,957.3899047584465
316.38261335183097,957.4245021178551
316.38261335183097,957.4375862893662
316.38261335183097,957.4452512866735
316.38261335183097,957.5443550225318
316.38261335183097,957.5559532977743
316.38261335183097,957.601160292027
316.38261335183097,957.6760581378762
316.38261335183097,957.7642343000098
316.38261335183097,957.792059223108
316.38261335183097,957.8255833433907
316.38261335183097,957.8693522214094
316.38261335183097,957.9557656502245
316.38261335183097,958.0017623665425
316.38261335183097,958.0191728871216
316.38261335183097,958.0326817000628
316.38261335183097,958.0545919652872
316.38261335183097,958.0818251235419
316.38261335183097,958.2199822340338
316.38261335183097,958.2791305661933
316.38261335183097,958.3170334087581
316.38261335183097,958.3267334806718
316.38261335183097,958.3398245288366
316.38261335183097,958.3988265535784
316.38261335183097,958.4158774849055
316.38261335183097,958.4318320202499
316.38261335183097,958.4569772204238
316.38261335183097,958.4739532448363
316.38261335183097,958.5032807998592
316.38261335183097,958.5114855962456
316.38261335183097,958.5296010812933
316.38261335183097,958.5298510915896
316.38261335183097,958.5537030227258
316.38261335183097,958.6061409534034
316.38261335183097,958.6138993168968
316.38261335183097,958.6483246647582
316.38261335183097,958.764979960049
316.38261335183097,958.787683420848
316.38261335183097,958.7906801863625
316.38261335183097,958.8732848289162
316.38261335183097,958.892623637585
316.38261335183097,958.9097995940036
316.38261335183097,958.9189952181639
316.38261335183097,958.9609342729103
316.38261335183097,958.987008425304
316.38261335183097,959.0296247789562
316.38261335183097,959.0551292196925
316.38261335183097,959.0810438804103
316.38261335183097,959.105971234971
316.38261335183097,959.1209738506126
316.38261335183097,959.1427349083468
316.38261335183097,959.2052273513265
316.38261335183097,959.2329308180449
316.38261335183097,959.2480810845749
316.38261335183097,959.2644292567849
316.38261335183097,959.2694344088319
316.38261335183097,959.3033544826236
316.38261335183097,959.3159667310875
316.38261335183097,959.3416225709622
316.38261335183097,959.3624483281246
316.38261335183097,959.3783890926726
316.38261335183097,959.4170780790114
316.38261335183097,959.4348108280179
316.38261335183097,959.4945854469906
316.38261335183097,959.5137333816587
316.38261335183097,959.5251723950288
316.38261335183097,959.6037893784467
316.38261335183097,959.6073263288012
316.38261335183097,959.6099167801698
316.38261335183097,959.6218485071793
316.38261335183097,959.6634844225209
316.38261335183097,959.6795083089082
316.38261335183097,959.6936649879107
316.38261335183097,959.7031571632128
316.38261335183097,959.728525385696
316.38261335183097,959.7533795304864
316.38261335183097,959.7784093730517
316.38261335183097,959.7832467955653
316.38261335183097,959.7833570984594
316.38261335183097,959.8201492028061
316.38261335183097,959.8579896063515
316.38261335183097,959.8753503974863
316.38261335183097,959.8779658052022
316.38261335183097,959.8910482355633
316.38261335183097,959.9181682741458
316.38261335183097,959.9393431640253
316.38261335183097,959.9464189703577
316.38261335183097,959.9631836220417
316.38261335183097,959.9698720029561
316.38261335183097,959.9757926207043
316.38261335183097,959.9926683078381
316.38261335183097,959.9962150116953
316.38261335183097,960.0311633554987
316.38261335183097,960.0362034676199
316.38261335183097,960.0627215465937
316.38261335183097,960.0702825795726
316.38261335183097,960.0704799100871
316.38261335183097,960.1082794041176
316.38261335183097,960.1156951910643
316.38261335183097,960.1183042950846
316.38261335183097,960.1205856901381
316.38261335183097,960.149771961025
316.38261335183097,960.1770992276793
316.38261335183097,960.2046036737884
316.38261335183097,960.2053928628417
316.38261335183097,960.2471337329257
316.38261335183097,960.2559562719612
316.38261335183097,960.2674953323886
316.38261335183097,960.2842453317173
316.38261335183097,960.2940402009605
316.38261335183097,960.3114735248153
316.38261335183097,960.3151768633084
316.38261335183097,960.370754883453
316.38261335183097,960.379041675508
316.38261335183097,960.3868000390014
316.38261335183097,960.4044668425331
316.38261335183097,960.4050505093616
316.38261335183097,960.420592168436
316.38261335183097,960.4283505319294
316.38261335183097,960.4335438717164
316.38261335183097,960.4341097497328
316.38261335183097,960.447698717315
316.38261335183097,960.4651281835248
316.38261335183097,960.4687739547927
316.38261335183097,960.4957377870201
316.38261335183097,960.5067116149633
316.38261335183097,960.5335802200015
316.38261335183097,960.5649486061666
316.38261335183097,960.57270696966
316.38261335183097,960.6104520861868
316.38261335183097,960.6137780519118
316.38261335183097,960.654769257939
316.38261335183097,960.6593328587464
316.38261335183097,960.6674082030866
316.38261335183097,960.6696497970502
316.38261335183097,960.6908803959794
316.38261335183097,960.6962619086074
316.38261335183097,960.6986387594728
316.38261335183097,960.7054919070463
316.38261335183097,960.7117445402048
316.38261335183097,960.7306352230578
316.38261335183097,960.7620854738556
316.38261335183097,960.7667939277479
316.38261335183097,960.7684928543268
316.38261335183097,960.7840951331629
316.38261335183097,960.7925940301175
316.38261335183097,960.8235031608865
316.38261335183097,960.8237625785141
316.38261335183097,960.8257134178621
316.38261335183097,960.8311085121712
316.38261335183097,960.834969685863
316.38261335183097,960.8418352517451
316.38261335183097,960.8498278259832
316.38261335183097,960.8577924236461
316.38261335183097,960.857918081367
316.38261335183097,960.8694354502288
316.38261335183097,960.8913914212083
316.38261335183097,960.902870616248
316.38261335183097,960.9319278932085
316.38261335183097,960.9568953545786
316.38261335183097,960.9650058824215
316.38261335183097,960.987615001389
316.38261335183097,960.9879106580966
316.38261335183097,961.0071403852412
316.38261335183097,961.0115816863065
316.38261335183097,961.0230397257566
316.38261335183097,961.0421739007747
316.38261335183097,961.044894098174
316.38261335183097,961.0742408904755
316.38261335183097,961.0805794340754
316.38261335183097,961.0862982082772
316.38261335183097,961.1000925689236
316.38261335183097,961.1035873218034
316.38261335183097,961.1487906512568
316.38261335183097,961.1512898147772
316.38261335183097,961.1665215072322
316.38261335183097,961.1928403077053
316.38261335183097,961.2077115501226
316.38261335183097,961.2286137023243
316.38261335183097,961.2408646239259
316.38261335183097,961.2422773458267
316.38261335183097,961.2447497362155
316.38261335183097,961.245240025877
316.38261335183097,961.2492620430505
316.38261335183097,961.2765729717353
316.38261335183097,961.2888749179316
316.38261335183097,961.3005463103793
316.38261335183097,961.3211032677477
316.38261335183097,961.3247312087733
316.38261335183097,961.3333548624294
316.38261335183097,961.3371967454358
316.38261335183097,961.3411132259228
316.38261335183097,961.3560009422145
316.38261335183097,961.3643419823817
316.38261335183097,961.371804039473
316.38261335183097,961.3902965681231
316.38261335183097,961.3936184807811
316.38261335183097,961.4032610720908
316.38261335183097,961.4068056965205
316.38261335183097,961.419825754985
316.38261335183097,961.4230910235406
316.38261335183097,961.4631285352488
316.38261335183097,961.4799734397673
316.38261335183097,961.4857385296559
316.38261335183097,961.5040955310405
316.38261335183097,961.5108359125728
316.38261335183097,961.5133829474655
316.38261335183097,961.5189177475025
316.38261335183097,961.519550270594
316.38261335183097,961.5215110718796
316.38261335183097,961.5254603551554
316.38261335183097,961.5344954784161
316.38261335183097,961.5609946658141
316.38261335183097,961.6127753889565
316.38261335183097,961.6372477033044
316.38261335183097,961.6528011790942
316.38261335183097,961.6558125149448
316.38261335183097,961.6561655382617
316.38261335183097,961.6596526187951
316.38261335183097,961.6814221526632
316.38261335183097,961.6870654992455
316.38261335183097,961.6985944317453
316.38261335183097,961.700482710014
316.38261335183097,961.706571969262
316.38261335183097,961.7168593300677
316.38261335183097,961.7237821273692
316.38261335183097,961.7423498430767
316.38261335183097,961.7461868850907
316.38261335183097,961.7472679605302
316.38261335183097,961.7588556968992
316.38261335183097,961.769348357379
316.38261335183097,961.7839525153505
316.38261335183097,961.8027189924485
316.38261335183097,961.8085265125102
316.38261335183097,961.818849718422
316.38261335183097,961.834850129725
316.38261335183097,961.8436000820402
316.38261335183097,961.8443375988695
316.38261335183097,961.8519404324495
316.38261335183097,961.8663497699507
316.38261335183097,961.8691055834857
316.38261335183097,961.8913206963508
316.38261335183097,961.895727690511
316.38261335183097,961.9044058033817
316.38261335183097,961.9210040800448
316.38261335183097,961.9238963270162
316.38261335183097,961.9612418394769
316.38261335183097,961.975126330823
316.38261335183097,961.9775735466285
316.38261335183097,961.9874588197034
316.38261335183097,961.9910643195215
316.38261335183097,962.0063935591745
316.38261335183097,962.0206221293182
316.38261335183097,962.0297967128138
316.38261335183097,962.0340219642854
316.38261335183097,962.0549556437558
316.38261335183097,962.0661515369982
316.38261335183097,962.0713790245846
316.38261335183097,962.0754543441301
316.38261335183097,962.0795613024213
316.38261335183097,962.1056030016986
316.38261335183097,962.1143818759205
316.38261335183097,962.1344926915392
316.38261335183097,962.1400274915762
316.38261335183097,962.1464533237566
316.38261335183097,962.1620247370439
316.38261335183097,962.1779725887093
316.38261335183097,962.1914326305963
316.38261335183097,962.197052980572
316.38261335183097,962.2064181955917
316.38261335183097,962.2207787218421
316.38261335183097,962.2277172076416
316.38261335183097,962.2427854452667
316.38261335183097,962.2540997265114
316.38261335183097,962.2543256875862
316.38261335183097,962.319704175819
316.38261335183097,962.3510514898882
316.38261335183097,962.3645620565588
316.38261335183097,962.3724667349195
316.38261335183097,962.3938832060494
316.38261335183097,962.3971276869449
316.38261335183097,962.4216867093036
316.38261335183097,962.4364647489044
316.38261335183097,962.4456344781663
316.38261335183097,962.4745163080482
316.38261335183097,962.476724026066
316.38261335183097,962.4902153275594
316.38261335183097,962.5156490534006
316.38261335183097,962.5765283678652
316.38261335183097,962.5780944316358
316.38261335183097,962.5837152005614
316.38261335183097,962.6085726602532
316.38261335183097,962.6151499648357
316.38261335183097,962.6311742901513
316.38261335183097,962.6435765530754
316.38261335183097,962.6607283782347
316.38261335183097,962.6872612810719
316.38261335183097,962.6918180280235
316.38261335183097,962.6953257376433
316.38261335183097,962.7020733229085
316.38261335183097,962.7084099091544
316.38261335183097,962.7153162916233
316.38261335183097,962.7253173145028
316.38261335183097,962.7364095497509
316.38261335183097,962.7868177080495
316.38261335183097,962.7933911259136
316.38261335183097,962.8036933951834
316.38261335183097,962.81517864232
316.38261335183097,962.818318434506
316.38261335183097,962.8267769175625
316.38261335183097,962.8273050702957
316.38261335183097,962.8587733138883
316.38261335183097,962.8837437311665
316.38261335183097,962.8932220491142
316.38261335183097,962.9162605500198
316.38261335183097,962.9232051426203
316.38261335183097,962.9429014869584
316.38261335183097,962.9460632484443
316.38261335183097,962.9469791124554
316.38261335183097,962.9845601562956
316.38261335183097,963.0155754598136
316.38261335183097,963.0164179501869
316.38261335183097,963.0458134869467
316.38261335183097,963.0566250833461
316.38261335183097,963.0628828428962
316.38261335183097,963.069064879872
316.38261335183097,963.1073893197904
316.38261335183097,963.1100848071626
316.38261335183097,963.112750071697
316.38261335183097,963.1304035291133
316.38261335183097,963.1421456084568
316.38261335183097,963.1666960327209
316.38261335183097,963.2147378274898
316.38261335183097,963.232438217862
316.38261335183097,963.2338513735519
316.38261335183097,963.2790146056209
316.38261335183097,963.2932091716772
316.38261335183097,963.3049903064955
316.38261335183097,963.3424790948369
316.38261335183097,963.361210380316
316.38261335183097,963.3634917753695
316.38261335183097,963.3639482451864
316.38261335183097,963.4069327680651
316.38261335183097,963.424803139257
316.38261335183097,963.4523956216935
316.38261335183097,963.4608328896833
316.38261335183097,963.4643832183584
316.38261335183097,963.4708306680598
316.38261335183097,963.5026990584767
316.38261335183097,963.5099690974521
316.38261335183097,963.5531251568724
316.38261335183097,963.5545044638492
316.38261335183097,963.5808110032348
316.38261335183097,963.6170527887464
316.38261335183097,963.6259794948463
316.38261335183097,963.6327815532285
316.38261335183097,963.6553070498693
316.38261335183097,963.6867011046937
316.38261335183097,963.702988580789
316.38261335183097,963.7228753785536
316.38261335183097,963.747026024171
316.38261335183097,963.8004247010815
316.38261335183097,963.8213555891971
316.38261335183097,963.8255398879376
316.38261335183097,963.8546835427715
316.38261335183097,963.9299871827245
316.38261335183097,963.931215672781
316.38261335183097,963.9409334081136
316.38261335183097,963.9626568936125
316.38261335183097,963.9642828086331
316.38261335183097,963.96543002426
316.38261335183097,963.9886149390333
316.38261335183097,964.004991559087
316.38261335183097,964.0151236214206
316.38261335183097,964.0533047391235
316.38261335183097,964.0574615145308
316.38261335183097,964.1053738359257
316.38261335183097,964.1069819474413
316.38261335183097,964.1253826405629
316.38261335183097,964.1464569492678
316.38261335183097,964.2020996382277
316.38261335183097,964.2190974323134
316.38261335183097,964.2301931971925
316.38261335183097,964.2514252429045
316.38261335183097,964.2570612959735
316.38261335183097,964.2724658247828
316.38261335183097,964.2755910487227
316.38261335183097,964.2808516460329
316.38261335183097,964.2930862541824
316.38261335183097,964.3087543583375
316.38261335183097,964.340570390245
316.38261335183097,964.3430878727751
316.38261335183097,964.3483287537384
316.38261335183097,964.361542135802
316.38261335183097,964.3783576620003
316.38261335183097,964.3890889279497
316.38261335183097,964.4319249890137
316.38261335183097,964.470697399749
316.38261335183097,964.5212260468157
316.38261335183097,964.6391837189075
316.38261335183097,964.6627318402165
316.38261335183097,964.6990476127767
316.38261335183097,964.7060132827829
316.38261335183097,964.7061489087333
316.38261335183097,964.7203055877358
316.38261335183097,964.747001616272
316.38261335183097,964.757241297709
316.38261335183097,964.7623543495837
316.38261335183097,964.8050499728768
316.38261335183097,964.833211037424
316.38261335183097,964.8560259237496
316.38261335183097,964.9333638795869
316.38261335183097,964.9448088739709
316.38261335183097,964.9893595559596
316.38261335183097,964.9965126027812
316.38261335183097,965.0052696312343
316.38261335183097,965.0184225217038
316.38261335183097,965.0356804009023
316.38261335183097,965.055185581062
316.38261335183097,965.062758858822
316.38261335183097,965.0893621464188
316.38261335183097,965.0918071438227
316.38261335183097,965.1128185295144
316.38261335183097,965.1288132261396
316.38261335183097,965.1323318708766
316.38261335183097,965.1341791899142
316.38261335183097,965.1423357908894
316.38261335183097,965.1692402648596
316.38261335183097,965.2081527742902
316.38261335183097,965.2658042685335
316.38261335183097,965.3389249767138
316.38261335183097,965.3761285589754
316.38261335183097,965.3941543453287
316.38261335183097,965.4056822753331
316.38261335183097,965.4128897298549
316.38261335183097,965.4472327682611
316.38261335183097,965.4546016404206
316.38261335183097,965.4724606804855
316.38261335183097,965.5074423133035
316.38261335183097,965.5179573527139
316.38261335183097,965.5682496880095
316.38261335183097,965.573273222373
316.38261335183097,965.5915892059917
316.38261335183097,965.6028400182199
316.38261335183097,965.6306113238562
316.38261335183097,965.6661574927385
316.38261335183097,965.6928330711835
316.38261335183097,965.704933369521
316.38261335183097,965.7175209958045
316.38261335183097,965.754275390708
316.38261335183097,965.793434527573
316.38261335183097,965.9382318228747
316.38261335183097,965.9414354146405
316.38261335183097,965.9809190085751
316.38261335183097,965.982568159993
316.38261335183097,966.0085924505846
316.38261335183097,966.1289931683942
316.38261335183097,966.1661112278517
316.38261335183097,966.1851127960197
316.38261335183097,966.1875632179524
316.38261335183097,966.219774509236
316.38261335183097,966.227466241527
316.38261335183097,966.2587342778847
316.38261335183097,966.2718647752105
316.38261335183097,966.2741891070389
316.38261335183097,966.2762379734443
316.38261335183097,966.2946621754832
316.38261335183097,966.3129975205629
316.38261335183097,966.3256924204807
316.38261335183097,966.3599954622545
316.38261335183097,966.3744109415916
316.38261335183097,966.4497210555747
316.38261335183097,966.502083652023
316.38261335183097,966.5066140395924
316.38261335183097,966.5480218051382
316.38261335183097,966.6351656021699
316.38261335183097,966.6561217810506
316.38261335183097,966.6728351690681
316.38261335183097,966.674084691879
316.38261335183097,966.7080627524883
316.38261335183097,966.7410282446167
316.38261335183097,966.7623809427843
316.38261335183097,966.7784106555134
316.38261335183097,966.7924473460708
316.38261335183097,966.7930836728235
316.38261335183097,966.9550148189684
316.38261335183097,966.9594845502354
316.38261335183097,966.9784968563887
316.38261335183097,966.9792437008326
316.38261335183097,966.9914249446281
316.38261335183097,967.0042141464536
316.38261335183097,967.0084747290736
316.38261335183097,967.0419300387696
316.38261335183097,967.0632412415297
316.38261335183097,967.081870889694
316.38261335183097,967.0897925583331
316.38261335183097,967.1056737495132
316.38261335183097,967.1062019022464
316.38261335183097,967.1742589100376
316.38261335183097,967.2134958395422
316.38261335183097,967.2474193216672
316.38261335183097,967.2795607927947
316.38261335183097,967.2951318555868
316.38261335183097,967.3379263727461
316.38261335183097,967.351812593058
316.38261335183097,967.3682887257943
316.38261335183097,967.3948466372052
316.38261335183097,967.5893692708627
316.38261335183097,967.5961836353837
316.38261335183097,967.6125346887018
316.38261335183097,967.6311245167142
316.38261335183097,967.6500908616395
316.38261335183097,967.6686633635136
316.38261335183097,967.7352155084834
316.38261335183097,967.8244186002473
316.38261335183097,967.9085651221372
316.38261335183097,967.9144468377626
316.38261335183097,967.9542897217578
316.38261335183097,967.9814987756286
316.38261335183097,967.9910543948832
316.38261335183097,967.9971743679465
316.38261335183097,968.0145385110685
316.38261335183097,968.0795178469683
316.38261335183097,968.1430154022676
316.38261335183097,968.1765316491853
316.38261335183097,968.214446898229
316.38261335183097,968.2341969450313
316.38261335183097,968.3393152915653
316.38261335183097,968.4455949045398
316.38261335183097,968.4974712678849
316.38261335183097,968.503997495778
316.38261335183097,968.5296748662109
316.38261335183097,968.5463731515235
316.38261335183097,968.6215072828556
316.38261335183097,968.659931251771
316.38261335183097,968.722985151967
316.38261335183097,968.8355566423027
316.38261335183097,968.8626932804377
316.38261335183097,968.8668414798688
316.38261335183097,968.9042437733658
316.38261335183097,969.0387800619809
316.38261335183097,969.0486002110963
316.38261335183097,969.1046446508841
316.38261335183097,969.1745320009093
316.38261335183097,969.2433375149903
316.38261335183097,969.2525054754727
316.38261335183097,969.2564554690744
316.38261335183097,969.2966889498002
316.38261335183097,969.3337695004083
316.38261335183097,969.3403387000282
316.38261335183097,969.3672109900701
316.38261335183097,969.3700031187133
316.38261335183097,969.3796742259651
316.38261335183097,969.398468964906
316.38261335183097,969.4163609695638
316.38261335183097,969.417280569056
316.38261335183097,969.4237069032209
316.38261335183097,969.4476349880736
316.38261335183097,969.447959532177
316.38261335183097,969.4702591625597
316.38261335183097,969.486773183496
316.38261335183097,969.5254105593555
316.38261335183097,969.5494937456283
316.38261335183097,969.5550035477007
316.38261335183097,969.5623372451662
316.38261335183097,969.5805090491463
316.38261335183097,969.6520571162486
316.38261335183097,969.6622795565196
316.38261335183097,969.670037920013
316.38261335183097,969.6916127171659
316.38261335183097,969.7238182736814
316.38261335183097,969.7382011470606
316.38261335183097,969.7405968619846
316.38261335183097,969.7639551169879
316.38261335183097,969.8055056099158
316.38261335183097,969.8170064673591
316.38261335183097,969.8171620877673
316.38261335183097,969.8547576892287
316.38261335183097,969.9026376917549
316.38261335183097,969.9027794047407
316.38261335183097,969.9360972311496
316.38261335183097,969.9498620476464
316.38261335183097,969.9541889109272
316.38261335183097,969.9973526376397
316.38261335183097,970.0374707136375
316.38261335183097,970.0448166472946
316.38261335183097,970.0557919705927
316.38261335183097,970.0757938374593
316.38261335183097,970.1180587462051
316.38261335183097,970.170603489702
316.38261335183097,970.1895256190177
316.38261335183097,970.20161879322
316.38261335183097,970.2448356285336
316.38261335183097,970.2800256942345
316.38261335183097,970.2939210930818
316.38261335183097,970.3265534304962
316.38261335183097,970.3647700793755
316.38261335183097,970.386631793653
316.38261335183097,970.4041350180892
316.38261335183097,970.4090487475398
316.38261335183097,970.4298872590616
316.38261335183097,970.4479200918871
316.38261335183097,970.4669598448048
316.38261335183097,970.4772476469101
316.38261335183097,970.5090181331116
316.38261335183097,970.5424671377054
316.38261335183097,970.5800572107531
316.38261335183097,970.6034945517014
316.38261335183097,970.611511916614
316.38261335183097,970.6223951038635
316.38261335183097,970.6272115228464
316.38261335183097,970.6380735988885
316.38261335183097,970.6824109493712
316.38261335183097,970.7182683039092
316.38261335183097,970.7391684902788
316.38261335183097,970.7642513165009
316.38261335183097,970.7649800726707
316.38261335183097,970.7671553345122
316.38261335183097,970.7791367516731
316.38261335183097,970.7839607745069
316.38261335183097,970.784031021646
316.38261335183097,970.7925238629738
316.38261335183097,970.8241535373575
316.38261335183097,970.8535490741173
316.38261335183097,970.8638811368141
316.38261335183097,970.9261412931503
316.38261335183097,970.9433537766863
316.38261335183097,970.9571604476085
316.38261335183097,970.9904180712814
316.38261335183097,970.9967555766495
316.38261335183097,971.0036400379083
316.38261335183097,971.0329675929313
316.38261335183097,971.0405001851173
316.38261335183097,971.0553437667186
316.38261335183097,971.0610480813914
316.38261335183097,971.1029083382822
316.38261335183097,971.1481933103562
316.38261335183097,971.1736060339649
316.38261335183097,971.1747716777792
316.38261335183097,971.2011669548268
316.38261335183097,971.2089927779991
316.38261335183097,971.2140304282143
316.38261335183097,971.2435048479372
316.38261335183097,971.2596739056006
316.38261335183097,971.2795651769725
316.38261335183097,971.2815608813681
316.38261335183097,971.3012243985286
316.38261335183097,971.3185970891682
316.38261335183097,971.3815880697201
316.38261335183097,971.383548637161
316.38261335183097,971.3927768799034
316.38261335183097,971.40501933962
316.38261335183097,971.4051407657197
316.38261335183097,971.4063760256518
316.38261335183097,971.4243216113641
316.38261335183097,971.425696046699
316.38261335183097,971.4325323702009
316.38261335183097,971.4455808362592
316.38261335183097,971.4617467604462
316.38261335183097,971.4643334225585
316.38261335183097,971.4645134392705
316.38261335183097,971.5060639321985
316.38261335183097,971.5073988578504
316.38261335183097,971.571512626072
316.38261335183097,971.5782701916822
316.38261335183097,971.6012024197227
316.38261335183097,971.608960783216
316.38261335183097,971.6147189976332
316.38261335183097,971.6504203699291
316.38261335183097,971.6640486312991
316.38261335183097,971.6771240102637
316.38261335183097,971.6795197251877
316.38261335183097,971.7116305350755
316.38261335183097,971.7288134340503
316.38261335183097,971.7729072718112
316.38261335183097,971.7763521597419
316.38261335183097,971.8136182908684
316.38261335183097,971.8522656915104
316.38261335183097,971.8889181514683
316.38261335183097,971.9389202658863
316.38261335183097,971.9667254190313
316.38261335183097,971.9736625366093
316.38261335183097,971.9797449461852
316.38261335183097,972.0118518644049
316.38261335183097,972.0449940127432
316.38261335183097,972.0569816094081
316.38261335183097,972.063270965859
316.38261335183097,972.0922711421355
316.38261335183097,972.094552537189
316.38261335183097,972.1330389675473
316.38261335183097,972.1357492894218
316.38261335183097,972.1471028548989
316.38261335183097,972.1565878009436
316.38261335183097,972.1993625986415
316.38261335183097,972.2047093017732
316.38261335183097,972.2123384806098
316.38261335183097,972.213987092522
316.38261335183097,972.2303081700236
316.38261335183097,972.2328439562849
316.38261335183097,972.2649432107014
316.38261335183097,972.2733442257709
316.38261335183097,972.3526120474702
316.38261335183097,972.3606161781213
316.38261335183097,972.373450558992
316.38261335183097,972.3975499648895
316.38261335183097,972.4058827080079
316.38261335183097,972.4109787376443
316.38261335183097,972.4181984063365
316.38261335183097,972.4188266261918
316.38261335183097,972.4813900009085
316.38261335183097,972.4909750404619
316.38261335183097,972.5654452035297
316.38261335183097,972.5661343860495
316.38261335183097,972.5986429319134
316.38261335183097,972.6147683818808
316.38261335183097,972.6413043238705
316.38261335183097,972.6479910881568
316.38261335183097,972.6502724832102
316.38261335183097,972.6661037568169
316.38261335183097,972.6712185258724
316.38261335183097,972.6780913534818
316.38261335183097,972.7210621430497
316.38261335183097,972.7211715159674
316.38261335183097,972.7360523209064
316.38261335183097,972.7668939164257
316.38261335183097,972.7674859434458
316.38261335183097,972.7682125989726
316.38261335183097,972.7783672000604
316.38261335183097,972.8059159011084
316.38261335183097,972.816038159827
316.38261335183097,972.8227915882422
316.38261335183097,972.8242219951749
316.38261335183097,972.8601928906509
316.38261335183097,972.8650642158325
316.38261335183097,972.8681894397724
316.38261335183097,972.8693218355868
316.38261335183097,972.8822766398894
316.38261335183097,972.9148786387694
316.38261335183097,972.9541405268517
316.38261335183097,972.9590858486469
316.38261335183097,972.9675480145404
316.38261335183097,973.0230786151859
316.38261335183097,973.0355161432458
316.38261335183097,973.05311230169
316.38261335183097,973.0578496374936
316.38261335183097,973.063045310391
316.38261335183097,973.0672689806925
316.38261335183097,973.1061584467934
316.38261335183097,973.1456854899722
316.38261335183097,973.1520133658335
316.38261335183097,973.1529532914174
316.38261335183097,973.1543196503983
316.38261335183097,973.1650330661838
316.38261335183097,973.1696560020927
316.38261335183097,973.183864146146
316.38261335183097,973.187248917326
316.38261335183097,973.1884904007528
316.38261335183097,973.1898773991979
316.38261335183097,973.1904396113688
316.38261335183097,973.1985967688037
316.38261335183097,973.2098886080962
316.38261335183097,973.2391099174577
316.38261335183097,973.2401472617316
316.38261335183097,973.2453079993394
316.38261335183097,973.2741834869877
316.38261335183097,973.2751839965098
316.38261335183097,973.2807930054615
316.38261335183097,973.2819049326463
316.38261335183097,973.2875944273493
316.38261335183097,973.2917722669276
316.38261335183097,973.3062504856046
316.38261335183097,973.3205109329232
316.38261335183097,973.3389795735053
316.38261335183097,973.3434759957379
316.38261335183097,973.3772909952719
316.38261335183097,973.3845036994622
316.38261335183097,973.3937926020359
316.38261335183097,973.3999565415018
316.38261335183097,973.404236536844
316.38261335183097,973.4285474272323
316.38261335183097,973.4349392668832
316.38261335183097,973.4363255393755
316.38261335183097,973.4439013323159
316.38261335183097,973.4473552689735
316.38261335183097,973.4486243147993
316.38261335183097,973.4780623780914
316.38261335183097,973.4861739599062
316.38261335183097,973.4892991838461
316.38261335183097,973.5104354892751
316.38261335183097,973.5281968241229
316.38261335183097,973.5488636346853
316.38261335183097,973.5697608689147
316.38261335183097,973.5752502709254
316.38261335183097,973.6505533982786
316.38261335183097,973.6724298182338
316.38261335183097,973.6783968064855
316.38261335183097,973.6848490241872
316.38261335183097,973.6934259609133
316.38261335183097,973.7150904946036
316.38261335183097,973.7254838317249
316.38261335183097,973.7487579182892
316.38261335183097,973.7525411540714
316.38261335183097,973.7526456682898
316.38261335183097,973.7602630427892
316.38261335183097,973.7748211155662
316.38261335183097,973.779997359768
316.38261335183097,973.78683677998
316.38261335183097,973.7941961612178
316.38261335183097,973.8040555656273
316.38261335183097,973.8161145040972
316.38261335183097,973.8171967713117
316.38261335183097,973.8547715622855
316.38261335183097,973.8675593308345
316.38261335183097,973.8694221878652
316.38261335183097,973.8744704575502
316.38261335183097,973.8864047715471
316.38261335183097,973.9102887189616
316.38261335183097,973.9349949811746
316.38261335183097,973.9385525989484
316.38261335183097,973.9421868680824
316.38261335183097,973.9495125480572
316.38261335183097,973.976521145396
316.38261335183097,973.9830166966866
316.38261335183097,973.9938087717552
316.38261335183097,974.0337823241126
316.38261335183097,974.0644843887612
316.38261335183097,974.069734058873
316.38261335183097,974.0870065020371
316.38261335183097,974.1335169002259
316.38261335183097,974.1403979205297
316.38261335183097,974.152909955725
316.38261335183097,974.175067393154
316.38261335183097,974.1763541730804
316.38261335183097,974.1838794597489
316.38261335183097,974.2129545627697
316.38261335183097,974.217401112997
316.38261335183097,974.2215539638571
316.38261335183097,974.2254299526768
316.38261335183097,974.2697629109635
316.38261335183097,974.2699781148154
316.38261335183097,974.276988537567
316.38261335183097,974.2903427412167
316.38261335183097,974.3020308737889
316.38261335183097,974.3105189575733
316.38261335183097,974.3194238308845
316.38261335183097,974.3246000750863
316.38261335183097,974.3697863904075
316.38261335183097,974.4252879926083
316.38261335183097,974.4453556206975
316.38261335183097,974.4776131079947
316.38261335183097,974.4887703772264
316.38261335183097,974.4957181802203
316.38261335183097,974.5535684261064
316.38261335183097,974.5563024318222
316.38261335183097,974.6215389626121
316.38261335183097,974.6368737888812
316.38261335183097,974.6692925846942
316.38261335183097,974.6903336989864
316.38261335183097,974.6999500369956
316.38261335183097,974.7069588552112
316.38261335183097,974.7384855258366
316.38261335183097,974.7410827823479
316.38261335183097,974.7584079597763
316.38261335183097,974.7693997872008
316.38261335183097,974.7846944221366
316.38261335183097,974.7882774162621
316.38261335183097,974.8258271674889
316.38261335183097,974.8310034116907
316.38261335183097,974.8456489047635
316.38261335183097,974.8513326689344
316.38261335183097,974.8535774325491
316.38261335183097,974.8971719896712
316.38261335183097,974.92927829158
316.38261335183097,974.9585270033465
316.38261335183097,974.9734889005418
316.38261335183097,974.9863704840876
316.38261335183097,975.0065353212473
316.38261335183097,975.0423194466244
316.38261335183097,975.0548056547509
316.38261335183097,975.055026145445
316.38261335183097,975.0842070428356
316.38261335183097,975.0878300871473
316.38261335183097,975.0883582398804
316.38261335183097,975.0963561476789
316.38261335183097,975.1381926466703
316.38261335183097,975.1403905300751
316.38261335183097,975.1406201961879
316.38261335183097,975.1412853733373
316.38261335183097,975.1444043693059
316.38261335183097,975.1689514279766
316.38261335183097,975.203885117268
316.38261335183097,975.2212026203376
316.38261335183097,975.2250125307154
316.38261335183097,975.227250967349
316.38261335183097,975.2407125854095
316.38261335183097,975.247489487606
316.38261335183097,975.255008969725
316.38261335183097,975.2574911737125
316.38261335183097,975.2631596578915
316.38261335183097,975.2675984337881
316.38261335183097,975.2780426052965
316.38261335183097,975.2939913555518
316.38261335183097,975.3511775394103
316.38261335183097,975.3666443752223
316.38261335183097,975.4096680192587
316.38261335183097,975.4170744783962
316.38261335183097,975.4260421540075
316.38261335183097,975.4528919356923
316.38261335183097,975.4531652952031
316.38261335183097,975.454665808806
316.38261335183097,975.4724424130081
316.38261335183097,975.4736998334795
316.38261335183097,975.5142469493677
316.38261335183097,975.5362768085797
316.38261335183097,975.5515673285115
316.38261335183097,975.5647182959389
316.38261335183097,975.5888351240627
316.38261335183097,975.5943827146239
316.38261335183097,975.5973770502844
316.38261335183097,975.6173196696885
316.38261335183097,975.6634291906981
316.38261335183097,975.7014852241292
316.38261335183097,975.7550373673002
316.38261335183097,975.7617299402616
316.38261335183097,975.7990517427838
316.38261335183097,975.803472979922
316.38261335183097,975.8737148538916
316.38261335183097,975.9078421310912
316.38261335183097,975.9613020411963
316.38261335183097,976.0091188416723
316.38261335183097,976.0160497815164
316.38261335183097,976.0791372851393
316.38261335183097,976.0949771571456
316.38261335183097,976.0993494876137
316.38261335183097,976.1243726939055
316.38261335183097,976.1295489381073
316.38261335183097,976.1604768270602
316.38261335183097,976.1969649129385
316.38261335183097,976.20024663379
316.38261335183097,976.2356333778242
316.38261335183097,976.2612416910696
316.38261335183097,976.3033662527685
316.38261335183097,976.471028054795
316.38261335183097,976.4859406556895
316.38261335183097,976.5070187416728
316.38261335183097,976.5136498883776
316.38261335183097,976.5472170388992
316.38261335183097,976.5490109475064
316.38261335183097,976.6156376441704
316.38261335183097,976.6880428206063
316.38261335183097,976.8444346608416
316.38261335183097,976.9951159307153
316.38261335183097,977.1357361155184
316.38261335183097,977.1601254835407
316.38261335183097,977.175236313792
316.38261335183097,977.225922781918
316.38261335183097,977.2421223934632
316.38261335183097,977.3255452912853
316.38261335183097,977.4192168654512
316.38261335183097,977.5569826908473
316.38261335183097,977.5743345949784
316.38261335183097,977.7141743830268
316.38261335183097,977.7827830639372
316.38261335183097,977.8289952102351
316.38261335183097,977.9531930299609
316.38261335183097,978.095045614963
316.38261335183097,978.1155384837497
316.38261335183097,978.1363543112612
316.38261335183097,978.1454081744859
316.38261335183097,978.2193780860346
316.38261335183097,978.2360582282412
316.38261335183097,978.3231886145708
316.38261335183097,978.4367180765204
316.38261335183097,978.4546877659342
316.38261335183097,978.4552706659043
316.38261335183097,978.459864010136
316.38261335183097,978.4935912608632
316.38261335183097,978.5320831620107
316.38261335183097,978.6219295608001
316.38261335183097,978.65198513917
316.38261335183097,978.6573048035701
316.38261335183097,978.6750601566322
316.38261335183097,978.7304433003343
316.38261335183097,978.7728614894364
316.38261335183097,978.7745252097421
316.38261335183097,978.7791828938111
316.38261335183097,978.8656839197811
316.38261335183097,978.9080319627626
316.38261335183097,978.9454417389603
316.38261335183097,978.9614241468853
316.38261335183097,978.9859162033234
316.38261335183097,979.0163343694879
316.38261335183097,979.1143913401137
316.38261335183097,979.1649896107308
316.38261335183097,979.1943171657538
316.38261335183097,979.2120167371165
316.38261335183097,979.22848716603
316.38261335183097,979.4128699966635
316.38261335183097,979.591019968963
316.38261335183097,979.728846740921
316.38261335183097,979.7941404648252
316.38261335183097,979.9846426386999
316.38261335183097,980.0449819252509
316.38261335183097,980.1593745770851
316.38261335183097,980.2323924890954
316.38261335183097,980.2484492787726
316.38261335183097,980.2773589410355
316.38261335183097,980.3288092787528
316.38261335183097,980.3730305968752
316.38261335183097,980.3853596823236
316.38261335183097,980.3941935291074
316.38261335183097,980.6347325046446
316.38261335183097,980.694957360987
316.38261335183097,980.8093406609793
316.38261335183097,980.8116220560327
316.38261335183097,980.851595262693
316.38261335183097,980.8657231160588
316.38261335183097,980.9855869526482
316.38261335183097,980.9881094555174
316.38261335183097,980.98928719339
316.38261335183097,981.070028500674
316.38261335183097,981.0886944609324
316.38261335183097,981.1453040379737
316.38261335183097,981.2602671003458
316.38261335183097,981.4516305632598
316.38261335183097,981.4531218397501
316.38261335183097,981.4919780296987
316.38261335183097,981.5166193950494
316.38261335183097,981.556329427463
316.38261335183097,981.648918632724
316.38261335183097,981.6561159807528
316.38261335183097,981.6733932611244
316.38261335183097,981.7581376462654
316.38261335183097,981.795353484323
316.38261335183097,981.8767462517916
316.38261335183097,981.880192818399
316.38261335183097,981.9034129337699
316.38261335183097,981.931577964555
316.38261335183097,981.9605103674556
316.38261335183097,981.983904788454
316.38261335183097,982.0577949277939
316.38261335183097,982.1108621208797
316.38261335183097,982.1366914582688
316.38261335183097,982.1883801020447
316.38261335183097,982.1890165736552
316.38261335183097,982.1951318969351
316.38261335183097,982.1977387394596
316.38261335183097,982.2590777977274
316.38261335183097,982.2944645417616
316.38261335183097,982.3362409266333
316.38261335183097,982.3664695405901
316.38261335183097,982.4324661978129
316.38261335183097,982.4790031625968
316.38261335183097,982.5013025624727
316.38261335183097,982.5526877086287
316.38261335183097,982.6081072908744
316.38261335183097,982.6169415077721
316.38261335183097,982.6954076507058
316.38261335183097,982.7357925674091
316.38261335183097,982.807553724842
316.38261335183097,982.8243323131451
316.38261335183097,982.8243882144249
316.38261335183097,982.8272977696729
316.38261335183097,982.8843085165845
316.38261335183097,982.9450186278043
316.38261335183097,982.9717240269821
316.38261335183097,983.0053556161618
316.38261335183097,983.0842269011767
316.38261335183097,983.1001129066705
316.38261335183097,983.144943778036
316.38261335183097,983.1629949110863
316.38261335183097,983.1723875895065
316.38261335183097,983.17438127598
316.38261335183097,983.2465772658517
316.38261335183097,983.2742977827555
316.38261335183097,983.2762416845367
316.38261335183097,983.3706299042657
316.38261335183097,983.3768012499556
316.38261335183097,983.3863621035379
316.38261335183097,983.3900056457213
316.38261335183097,983.4042459415567
316.38261335183097,983.4240882704335
316.38261335183097,983.4693241338433
316.38261335183097,983.5713118896361
316.38261335183097,983.6142415085147
316.38261335183097,983.6755965221902
316.38261335183097,983.7609962550521
316.38261335183097,983.8268935095339
316.38261335183097,983.842335796973
316.38261335183097,983.996717790997
316.38261335183097,984.0231679117721
316.38261335183097,984.1542310460832
316.38261335183097,984.1618764675794
316.38261335183097,984.1619894095766
316.38261335183097,984.1977127610768
316.38261335183097,984.2159869700143
316.38261335183097,984.2320549164052
316.38261335183097,984.2364993060559
316.38261335183097,984.2386573369416
316.38261335183097,984.4437576819452
316.38261335183097,984.476512331064
316.38261335183097,984.4771233626784
316.38261335183097,984.5175456080616
316.38261335183097,984.5472100267467
316.38261335183097,984.5825967707809
316.38261335183097,984.5996359071561
316.38261335183097,984.7057674014571
316.38261335183097,984.7632551763481
316.38261335183097,984.8164190064574
316.38261335183097,984.9264791853524
316.38261335183097,984.9829009206977
316.38261335183097,985.0319645972621
316.38261335183097,985.099470748144
316.38261335183097,985.113304139183
316.38261335183097,985.139815429949
316.38261335183097,985.2492188099668
316.38261335183097,985.2980348737996
316.38261335183097,985.3321807468566
316.38261335183097,985.3570796769314
316.38261335183097,985.4287662123176
316.38261335183097,985.6350519998737
316.38261335183097,985.6581899635477
316.38261335183097,985.6585735274309
316.38261335183097,985.7536305530703
316.38261335183097,985.7609251740226
316.38261335183097,985.7936746990288
316.38261335183097,985.8383749382112
316.38261335183097,985.9569835437375
316.38261335183097,986.0118152565009
316.38261335183097,986.0345920802313
316.38261335183097,986.136546735847
316.38261335183097,986.2152778270839
316.38261335183097,986.2514279013506
316.38261335183097,986.2564105724364
316.38261335183097,986.303788530713
316.38261335183097,986.3595180807206
316.38261335183097,986.4325028595794
316.38261335183097,986.4728288746832
316.38261335183097,986.4877057768861
316.38261335183097,986.5122828783929
316.38261335183097,986.5127034897588
316.38261335183097,986.531090720134
316.38261335183097,986.5475428896939
316.38261335183097,986.5995348329241
316.38261335183097,986.6257542887298
316.38261335183097,986.6273007088731
316.38261335183097,986.6329250005746
316.38261335183097,986.7561652693943
316.38261335183097,986.8382225202033
316.38261335183097,986.8877910167879
316.38261335183097,986.9060203420837
316.38261335183097,987.051961318928
316.38261335183097,987.0947289665763
316.38261335183097,987.1290750245121
316.38261335183097,987.260089624241
316.38261335183097,987.3931101404152
316.38261335183097,987.407515078057
316.38261335183097,987.4598401934434
316.38261335183097,987.475999434738
316.38261335183097,987.5102436556306
316.38261335183097,987.5495614257892
316.38261335183097,987.550321599841
316.38261335183097,987.574756872923
316.38261335183097,987.6007451335944
316.38261335183097,987.651549181582
316.38261335183097,987.6665016086127
316.38261335183097,987.7395133701135
316.38261335183097,987.8185112319039
316.38261335183097,987.841233546998
316.38261335183097,987.8804955766635
316.38261335183097,987.8982690510832
316.38261335183097,988.0659636016518
316.38261335183097,988.0923753362149
316.38261335183097,988.3656973087863
316.38261335183097,988.500110282581
316.38261335183097,988.5384012599665
316.38261335183097,988.7469677769482
316.38261335183097,988.7518874705868
316.38261335183097,988.9121826541734
316.38261335183097,988.9374699508227
316.38261335183097,989.1086881124951
316.38261335183097,989.112201889208
316.38261335183097,989.1334895331726
316.38261335183097,989.1738369996115
316.38261335183097,989.1808716459083
316.38261335183097,989.2218260750237
316.38261335183097,989.2297352120723
316.38261335183097,989.3682633720637
316.38261335183097,989.396767185417
316.38261335183097,989.4994818719579
316.38261335183097,989.687578244545
316.38261335183097,989.7384272554935
316.38261335183097,989.8086253441222
316.38261335183097,990.0228558127969
316.38261335183097,990.0383208342446
316.38261335183097,990.1303265070442
316.38261335183097,990.297488500879
316.38261335183097,990.3410577174454
316.38261335183097,990.3772666206186
316.38261335183097,990.4044578753825
316.38261335183097,990.4448053418215
316.38261335183097,990.5938157706354
316.38261335183097,990.5998039846806
316.38261335183097,990.685214127256
316.38261335183097,990.7190249898106
316.38261335183097,990.8010033318584
316.38261335183097,990.8037693749516
316.38261335183097,990.8511055173765
316.38261335183097,990.8928491204352
316.38261335183097,990.9936425220955
316.38261335183097,991.0820333699262
316.38261335183097,991.1931981878888
316.38261335183097,991.3054157000195
316.38261335183097,991.3591902538409
316.38261335183097,991.4574247348645
316.38261335183097,991.509958304043
316.38261335183097,991.6158186131713
316.38261335183097,991.6169457532942
316.38261335183097,991.6482349628285
316.38261335183097,991.7430163678124
316.38261335183097,991.7804368291698
316.38261335183097,991.9013254445812
316.38261335183097,991.9772436974476
316.38261335183097,992.0180542949394
316.38261335183097,992.2112663497267
316.38261335183097,992.2999943716541
316.38261335183097,992.5856207298983
316.38261335183097,992.6378826510129
316.38261335183097,992.7539563279421
316.38261335183097,992.7661539699386
316.38261335183097,992.973788963118
316.38261335183097,993.1887210512128
316.38261335183097,993.1922342982058
316.38261335183097,993.2423249033258
316.38261335183097,993.298372169729
316.38261335183097,993.3701401589492
316.38261335183097,993.4519413043525
316.38261335183097,993.4567660480357
316.38261335183097,993.539144487563
316.38261335183097,993.5839638026769
316.38261335183097,993.8133440422795
316.38261335183097,993.8542784406649
316.38261335183097,993.9531206673913
316.38261335183097,994.154687844596
316.38261335183097,994.1910516700704
316.38261335183097,994.2684360635734
316.38261335183097,994.5401246451429
316.38261335183097,994.5742602055777
316.38261335183097,994.6512942406818
316.38261335183097,994.6740530625813
316.38261335183097,994.707612417073
316.38261335183097,994.7326540838844
316.38261335183097,994.8440262924003
316.38261335183097,994.8598518385256
316.38261335183097,994.9243438414569
316.38261335183097,995.0348632761758
316.38261335183097,995.0725408160107
316.38261335183097,995.2183526797795
316.38261335183097,995.2397028098457
316.38261335183097,995.3121485992549
316.38261335183097,995.3255196558503
316.38261335183097,995.425656186806
316.38261335183097,995.465136036474
316.38261335183097,995.5623545465763
316.38261335183097,995.6649511675021
316.38261335183097,995.7400735333719
316.38261335183097,995.7940681022558
316.38261335183097,995.8394624238532
316.38261335183097,996.1996393556093
316.38261335183097,996.2073589267765
316.38261335183097,996.2198387877139
316.38261335183097,996.2273131744743
316.38261335183097,996.3528569897144
316.38261335183097,996.3580332339162
316.38261335183097,996.4274737808931
316.38261335183097,996.4852309885572
316.38261335183097,996.5662430267165
316.38261335183097,996.6849737272646
316.38261335183097,996.7322340833643
316.38261335183097,996.7440452911934
316.38261335183097,996.7652912763212
316.38261335183097,996.7905470824079
316.38261335183097,996.8333228887863
316.38261335183097,996.9115941819852
316.38261335183097,996.9737861393788
316.38261335183097,997.0699561381045
316.38261335183097,997.0786261553299
316.38261335183097,997.1534806586933
316.38261335183097,997.1738806707032
316.38261335183097,997.2689583431587
316.38261335183097,997.3060834713383
316.38261335183097,997.4069229838848
316.38261335183097,997.527835038865
316.38261335183097,997.527970083462
316.38261335183097,997.5605400504143
316.38261335183097,997.6002553882781
316.38261335183097,997.87743624969
316.38261335183097,997.9087062708011
316.38261335183097,997.9590688303241
316.38261335183097,997.9608617631134
316.38261335183097,998.04117931217
316.38261335183097,998.0615154246179
316.38261335183097,998.1825625241952
316.38261335183097,998.2130522839681
316.38261335183097,998.274202783426
316.38261335183097,998.3495944975399
316.38261335183097,998.4211668993993
316.38261335183097,998.5819715071871
316.38261335183097,998.6042525860958
316.38261335183097,998.6953352881361
316.38261335183097,998.824985133876
316.38261335183097,998.8299950253261
316.38261335183097,999.0321775202127
316.38261335183097,999.283956981614
316.38261335183097,999.4928207809515
316.38261335183097,999.4994629136173
316.38261335183097,999.5556348851791
316.38261335183097,999.5862409131452
316.38261335183097,999.6414798930969
316.38261335183097,999.6556053651152
316.38261335183097,999.6665584622018
316.38261335183097,999.6999132648522
316.38261335183097,999.7766524646925
316.38261335183097,1000.0539997188325
316.38261335183097,1000.1859189011396
316.38261335183097,1000.2073506572189
316.38261335183097,1000.3842790943368
316.38261335183097,1000.4740771296318
316.38261335183097,1000.5829722190431
316.38261335183097,1000.6071654764686
316.38261335183097,1000.6851924287785
316.38261335183097,1000.794342240852
316.38261335183097,1000.892359375119
316.38261335183097,1000.9319920129836
316.38261335183097,1000.9708816070622
316.38261335183097,1001.029797075653
316.38261335183097,1001.1131173628953
316.38261335183097,1001.3298877546813
316.38261335183097,1001.5108821450335
316.38261335183097,1001.5804027562999
316.38261335183097,1001.6132158237067
316.38261335183097,1001.7132708862401
316.38261335183097,1002.1153885057759
316.38261335183097,1002.234352779899
316.38261335183097,1002.2786699516513
316.38261335183097,1002.3150245644963
316.38261335183097,1002.6129198173987
316.38261335183097,1002.7135379364295
316.38261335183097,1002.733966916976
316.38261335183097,1002.7472952369357
316.38261335183097,1002.7713136957055
316.38261335183097,1002.8477388720199
316.38261335183097,1002.8707445105174
316.38261335183097,1002.8923607952828
316.38261335183097,1002.8985114503466
316.38261335183097,1002.9552669047129
316.38261335183097,1002.9732992178015
316.38261335183097,1003.0195585499239
316.38261335183097,1003.0951647108722
316.38261335183097,1003.2157106184986
316.38261335183097,1003.3641942735599
316.38261335183097,1003.5909126003451
316.38261335183097,1003.6828584638118
316.38261335183097,1003.7229360102804
316.38261335183097,1003.7676028489528
316.38261335183097,1003.7942107289226
316.38261335183097,1003.8750762058839
316.38261335183097,1004.1388772465536
316.38261335183097,1004.1466325463662
316.38261335183097,1004.4645163862826
316.38261335183097,1004.5668021806706
316.38261335183097,1004.9286787147025
316.38261335183097,1005.0244574701809
316.38261335183097,1005.0340875740752
316.38261335183097,1005.1086157499255
316.38261335183097,1005.2162917503766
316.38261335183097,1005.2296628495028
316.38261335183097,1005.5238058986763
316.38261335183097,1005.6085502838173
316.38261335183097,1005.772011696398
316.38261335183097,1005.9560160485667
316.38261335183097,1005.9995213749345
316.38261335183097,1006.0798389239911
316.38261335183097,1006.1205684745117
316.38261335183097,1006.2008860235684
316.38261335183097,1006.4269840355769
316.38261335183097,1006.6206311190082
316.38261335183097,1006.7416782185854
316.38261335183097,1006.7996939345251
316.38261335183097,1006.8844383196661
316.38261335183097,1006.9774104662646
316.38261335183097,1007.0150399971212
316.38261335183097,1007.1672195796967
316.38261335183097,1007.247895546698
316.38261335183097,1008.0561665821309
316.38261335183097,1008.3165614570217
316.38261335183097,1008.3823635324778
316.38261335183097,1008.4250730845566
316.38261335183097,1008.4774131574599
316.38261335183097,1008.5098174696976
316.38261335183097,1008.5468664583586
316.38261335183097,1008.6138509828965
316.38261335183097,1008.6394691177649
316.38261335183097,1008.7126368610117
316.38261335183097,1009.0959798398038
316.38261335183097,1009.139461901133
316.38261335183097,1009.1911466484755
316.38261335183097,1009.2302268843733
316.38261335183097,1009.2772958906077
316.38261335183097,1009.3685473665023
316.38261335183097,1009.4097008663418
316.38261335183097,1009.460380628886
316.38261335183097,1009.4895944660796
316.38261335183097,1009.514613998015
316.38261335183097,1009.6471885710814
316.38261335183097,1009.8478133860801
316.38261335183097,1009.8848193251065
316.38261335183097,1010.2695144531054
316.38261335183097,1010.3975012997042
316.38261335183097,1011.0320940833399
316.38261335183097,1011.3973348090257
316.38261335183097,1011.6065547327004
316.38261335183097,1011.6295722121661
316.38261335183097,1011.7506193117433
316.38261335183097,1012.1087274147695
316.38261335183097,1012.1852921581873
316.38261335183097,1012.3063392577645
316.38261335183097,1012.3079821191886
316.38261335183097,1012.3504542957879
316.38261335183097,1012.3823679863644
316.38261335183097,1012.5496646575791
316.38261335183097,1012.9113124452408
316.38261335183097,1012.9815331046074
316.38261335183097,1013.3119624651773
316.38261335183097,1013.3575331825535
316.38261335183097,1013.5074111199365
316.38261335183097,1013.5155494735902
316.38261335183097,1013.5952992514797
316.38261335183097,1013.7392774608368
316.38261335183097,1013.8511861174796
316.38261335183097,1013.9333612692204
316.38261335183097,1014.0116345579636
316.38261335183097,1014.0135268245128
316.38261335183097,1014.5946175961941
316.38261335183097,1014.6894387958665
316.38261335183097,1014.8248430243193
316.38261335183097,1014.8383535463461
316.38261335183097,1014.9230979314871
316.38261335183097,1014.9594006459233
316.38261335183097,1015.0441450310643
316.38261335183097,1015.1616454950588
316.38261335183097,1015.1981862539003
316.38261335183097,1015.279172896295
316.38261335183097,1015.3416653392746
316.38261335183097,1015.6963654866929
316.38261335183097,1015.7144446038071
316.38261335183097,1015.722337532586
316.38261335183097,1015.7923868715188
316.38261335183097,1015.8041391135633
316.38261335183097,1015.8100890830808
316.38261335183097,1015.8292432152989
316.38261335183097,1015.8366699620292
316.38261335183097,1015.9272622866386
316.38261335183097,1016.1675389684008
316.38261335183097,1016.3164064132129
316.38261335183097,1016.3388426440983
316.38261335183097,1016.453928936716
316.38261335183097,1016.5033824300199
316.38261335183097,1016.5067585354607
316.38261335183097,1016.5447865401231
316.38261335183097,1016.6072789831028
316.38261335183097,1016.6515002458402
316.38261335183097,1016.6943974078481
316.38261335183097,1016.7007656776725
316.38261335183097,1016.7420789387679
316.38261335183097,1016.7584555588217
316.38261335183097,1016.770378638549
316.38261335183097,1016.7995151067773
316.38261335183097,1016.8144892740604
316.38261335183097,1016.8226596453088
316.38261335183097,1016.8443006606999
316.38261335183097,1016.860445947176
316.38261335183097,1016.9554473700327
316.38261335183097,1016.9862658139314
316.38261335183097,1016.989379985534
316.38261335183097,1017.0135718757033
316.38261335183097,1017.0239773449428
316.38261335183097,1017.0290550484574
316.38261335183097,1017.0370615164538
316.38261335183097,1017.0391336887647
316.38261335183097,1017.0622183580722
316.38261335183097,1017.0965518725097
316.38261335183097,1017.1438302496194
316.38261335183097,1017.1554285248619
316.38261335183097,1017.2685107599543
316.38261335183097,1017.3029594951804
316.38261335183097,1017.3254513990898
316.38261335183097,1017.325997996086
316.38261335183097,1017.3915344501956
316.38261335183097,1017.3926477186421
316.38261335183097,1017.3942976023618
316.38261335183097,1017.4253129058798
316.38261335183097,1017.4336146626688
316.38261335183097,1017.4391749954775
316.38261335183097,1017.4788023259382
316.38261335183097,1017.5592168517406
316.38261335183097,1017.5876484118824
316.38261335183097,1017.6435888196181
316.38261335183097,1017.6649065274376
316.38261335183097,1017.6865588945727
316.38261335183097,1017.7125880583574
316.38261335183097,1017.7736856912525
316.38261335183097,1017.822825275423
316.38261335183097,1017.8309550667655
316.38261335183097,1017.9041228100123
316.38261335183097,1017.9628626029385
316.38261335183097,1018.015352711993
316.38261335183097,1018.0166241957513
316.38261335183097,1018.0357169409124
316.38261335183097,1018.0650444959354
316.38261335183097,1018.0670609920992
316.38261335183097,1018.1127260268552
316.38261335183097,1018.129076308381
316.38261335183097,1018.1567634702371
316.38261335183097,1018.2310930352633
316.38261335183097,1018.2518794577595
316.38261335183097,1018.3150217246134
316.38261335183097,1018.375167470326
316.38261335183097,1018.3840753235909
316.38261335183097,1018.4045515802902
316.38261335183097,1018.4248610674867
316.38261335183097,1018.4439350194967
316.38261335183097,1018.4466938494587
316.38261335183097,1018.467198960597
316.38261335183097,1018.5151112819917
316.38261335183097,1018.5402053673524
316.38261335183097,1018.5685731390085
316.38261335183097,1018.6118370842937
316.38261335183097,1018.6288348783796
316.38261335183097,1018.6611626889705
316.38261335183097,1018.6909265497079
316.38261335183097,1018.8691915961547
316.38261335183097,1018.8804549494599
316.38261335183097,1018.9228715502043
316.38261335183097,1019.0352929567503
316.38261335183097,1019.0392993350806
316.38261335183097,1019.12877394887
316.38261335183097,1019.1813637103994
316.38261335183097,1019.3884755145705
316.38261335183097,1019.457464833439
316.38261335183097,1019.5117930709694
316.38261335183097,1019.5420693169426
316.38261335183097,1019.6309466309392
316.38261335183097,1019.6344580749933
316.38261335183097,1019.7981086247742
316.38261335183097,1019.8466089600133
316.38261335183097,1019.9019943785734
316.38261335183097,1019.9404008746452
316.38261335183097,1019.9648874355632
316.38261335183097,1019.9736776420532
316.38261335183097,1020.0125774642861
316.38261335183097,1020.0131612359876
316.38261335183097,1020.0335849768203
316.38261335183097,1020.1983534552642
316.38261335183097,1020.215729629555
316.38261335183097,1020.2240634563244
316.38261335183097,1020.2668834301742
316.38261335183097,1020.3041070026231
316.38261335183097,1020.3112197672924
316.38261335183097,1020.3466417310098
316.38261335183097,1020.3856167126618
316.38261335183097,1020.4199123385704
316.38261335183097,1020.467688830587
316.38261335183097,1020.4819632829874
316.38261335183097,1020.5873858851842
316.38261335183097,1020.6372036875932
316.38261335183097,1020.6416491278624
316.38261335183097,1020.703062548891
316.38261335183097,1020.7077537214925
316.38261335183097,1020.7354298665468
316.38261335183097,1020.8797523987232
316.38261335183097,1020.9294649798042
316.38261335183097,1020.9577592512044
316.38261335183097,1020.9638172094692
316.38261335183097,1021.0027362991784
316.38261335183097,1021.0658592271168
316.38261335183097,1021.1134287481839
316.38261335183097,1021.1721183888503
316.38261335183097,1021.1918512669909
316.38261335183097,1021.2028211188897
316.38261335183097,1021.2097137915526
316.38261335183097,1021.4343253568127
316.38261335183097,1021.5839963561036
316.38261335183097,1021.6691486942051
316.38261335183097,1021.678262841082
316.38261335183097,1021.7118864736218
316.38261335183097,1021.718706212781
316.38261335183097,1021.7214337984709
316.38261335183097,1021.7400477269623
316.38261335183097,1021.8247921121033
316.38261335183097,1022.0263971362083
316.38261335183097,1022.0784008095798
316.38261335183097,1022.0862408537935
316.38261335183097,1022.1176043395317
316.38261335183097,1022.1234671184479
316.38261335183097,1022.1816627677279
316.38261335183097,1022.3241842838288
316.38261335183097,1022.3341397672352
316.38261335183097,1022.33446709758
316.38261335183097,1022.4365485385123
316.38261335183097,1022.4377320326785
316.38261335183097,1022.5908211733642
316.38261335183097,1022.5990912946531
316.38261335183097,1022.7703205966811
316.38261335183097,1022.8065397779155
316.38261335183097,1022.8103009249039
316.38261335183097,1022.8185273745805
316.38261335183097,1022.8300404715288
316.38261335183097,1022.9046513542345
316.38261335183097,1022.9606922414058
316.38261335183097,1023.012428241879
316.38261335183097,1023.0450000319763
316.38261335183097,1023.2308322419681
316.38261335183097,1023.2405910783707
316.38261335183097,1023.2487132027608
316.38261335183097,1023.3843956118899
316.38261335183097,1023.466738424522
316.38261335183097,1023.470613757027
316.38261335183097,1023.5168274606126
316.38261335183097,1023.5292308675016
316.38261335183097,1023.5843373534146
316.38261335183097,1023.6297352049448
316.38261335183097,1023.6602543533943
316.38261335183097,1023.7026751590487
316.38261335183097,1023.7459321763554
316.38261335183097,1023.7911937689416
316.38261335183097,1023.816711221752
316.38261335183097,1023.8392154844537
316.38261335183097,1024.1259616987306
316.38261335183097,1024.146240879638
316.38261335183097,1024.4613170961566
316.38261335183097,1024.663398609328
316.38261335183097,1024.7332089459198
316.38261335183097,1024.746943454401
316.38261335183097,1024.792257832254
316.38261335183097,1024.796369239719
316.38261335183097,1024.8029972717713
316.38261335183097,1024.9187555791777
316.38261335183097,1024.9616122980124
316.38261335183097,1024.9974841611042
316.38261335183097,1025.1112077574921
316.38261335183097,1025.165571291397
316.38261335183097,1025.1738313421583
316.38261335183097,1025.2174516017442
316.38261335183097,1025.24409863689
316.38261335183097,1025.3760875539408
316.38261335183097,1025.3945855629954
316.38261335183097,1025.4017107471352
316.38261335183097,1025.449392278055
316.38261335183097,1025.4630657608107
316.38261335183097,1025.489516320641
316.38261335183097,1025.4905250234074
316.38261335183097,1025.5677592864631
316.38261335183097,1025.606170266753
316.38261335183097,1025.6128784341067
316.38261335183097,1025.621653439507
316.38261335183097,1025.6919575289012
316.38261335183097,1025.7156764415797
316.38261335183097,1025.7402718623139
316.38261335183097,1025.741435725645
316.38261335183097,1025.8038652117968
316.38261335183097,1025.8065763014247
316.38261335183097,1025.820732980427
316.38261335183097,1025.8290281297511
316.38261335183097,1025.833649283895
316.38261335183097,1025.8340590574303
316.38261335183097,1025.8345204797806
316.38261335183097,1025.8652083809636
316.38261335183097,1025.9021659613602
316.38261335183097,1025.905477365568
316.38261335183097,1025.9612512194797
316.38261335183097,1026.0452362666622
316.38261335183097,1026.0619828835472
316.38261335183097,1026.062424583522
316.38261335183097,1026.0969399954724
316.38261335183097,1026.1015588791106
316.38261335183097,1026.1583235939247
316.38261335183097,1026.18978953911
316.38261335183097,1026.2272800108267
316.38261335183097,1026.2427631835808
316.38261335183097,1026.273458884508
316.38261335183097,1026.3405034717043
316.38261335183097,1026.3536813364346
316.38261335183097,1026.3799239507116
316.38261335183097,1026.3919225731584
316.38261335183097,1026.414377059181
316.38261335183097,1026.4396611277457
316.38261335183097,1026.4432209650568
316.38261335183097,1026.4747284360117
316.38261335183097,1026.5061096680245
316.38261335183097,1026.5454867354879
316.38261335183097,1026.5476601609523
316.38261335183097,1026.558959777323
316.38261335183097,1026.5663252470097
316.38261335183097,1026.603888245078
316.38261335183097,1026.6892677854207
316.38261335183097,1026.692016598683
316.38261335183097,1026.7770854210141
316.38261335183097,1026.8179483884958
316.38261335183097,1026.8417578383678
316.38261335183097,1026.8513147184824
316.38261335183097,1026.884184378545
316.38261335183097,1026.8938619202643
316.38261335183097,1026.900712486528
316.38261335183097,1026.9228217544044
316.38261335183097,1027.0596907515685
316.38261335183097,1027.067449115062
316.38261335183097,1027.0821215696851
316.38261335183097,1027.130799589116
316.38261335183097,1027.1347665835633
316.38261335183097,1027.1356123421097
316.38261335183097,1027.1380080570336
316.38261335183097,1027.177223389512
316.38261335183097,1027.1817440790524
316.38261335183097,1027.1888444979502
316.38261335183097,1027.2754156532183
316.38261335183097,1027.4604228549458
316.38261335183097,1027.4675870835597
316.38261335183097,1027.515469941254
316.38261335183097,1027.529058421287
316.38261335183097,1027.6070414322837
316.38261335183097,1027.6851939980022
316.38261335183097,1027.6905304515276
316.38261335183097,1027.6913322881308
316.38261335183097,1027.6916423787125
316.38261335183097,1027.7046720456462
316.38261335183097,1027.7663537185697
316.38261335183097,1027.776006876273
316.38261335183097,1027.7925052702017
316.38261335183097,1027.8084901451796
316.38261335183097,1027.811100379316
316.38261335183097,1027.8319388908378
316.38261335183097,1027.8643710398537
316.38261335183097,1027.8998015582472
316.38261335183097,1027.9398783327545
316.38261335183097,1028.0246227178955
316.38261335183097,1028.1031634069793
316.38261335183097,1028.1034727228655
316.38261335183097,1028.104641539145
316.38261335183097,1028.1365796853277
316.38261335183097,1028.1433644262047
316.38261335183097,1028.1458483786112
316.38261335183097,1028.2066292949378
316.38261335183097,1028.2161216871614
316.38261335183097,1028.2576721800895
316.38261335183097,1028.2645090083515
316.38261335183097,1028.322073664591
316.38261335183097,1028.3224603790545
316.38261335183097,1028.3407649717353
316.38261335183097,1028.3478467143584
316.38261335183097,1028.3929726973481
316.38261335183097,1028.40202861782
316.38261335183097,1028.4621685075253
316.38261335183097,1028.477717082489
316.38261335183097,1028.494592769623
316.38261335183097,1028.5037190004534
316.38261335183097,1028.527960407633
316.38261335183097,1028.5639267268484
316.38261335183097,1028.5860916191466
316.38261335183097,1028.6114416232633
316.38261335183097,1028.648075438184
316.38261335183097,1028.6570851006495
316.38261335183097,1028.6853136329783
316.38261335183097,1028.6986355935776
316.38261335183097,1028.7073173246265
316.38261335183097,1028.732192264408
316.38261335183097,1028.774007227997
316.38261335183097,1028.778999264769
316.38261335183097,1028.816936649549
316.38261335183097,1028.842992031308
316.38261335183097,1028.9294142170836
316.38261335183097,1028.9633058721724
316.38261335183097,1028.968923821121
316.38261335183097,1028.9979441919936
316.38261335183097,1029.0312764086782
316.38261335183097,1029.0697343896472
316.38261335183097,1029.074561674037
316.38261335183097,1029.1090417301245
316.38261335183097,1029.1157025136968
316.38261335183097,1029.1482229719027
316.38261335183097,1029.1500113780726
316.38261335183097,1029.1544787747882
316.38261335183097,1029.1681454058423
316.38261335183097,1029.1704348740827
316.38261335183097,1029.1791372332668
316.38261335183097,1029.1799842762339
316.38261335183097,1029.2110294859174
316.38261335183097,1029.2361273446804
316.38261335183097,1029.3596839170775
316.38261335183097,1029.3682644494127
316.38261335183097,1029.3687770508075
316.38261335183097,1029.4150670607796
316.38261335183097,1029.4164816944467
316.38261335183097,1029.464543100817
316.38261335183097,1029.485134163105
316.38261335183097,1029.4939444889017
316.38261335183097,1029.506093593745
316.38261335183097,1029.550357642254
316.38261335183097,1029.5536641380147
316.38261335183097,1029.5786888740427
316.38261335183097,1029.5978986605762
316.38261335183097,1029.6113982875709
316.38261335183097,1029.6504500314757
316.38261335183097,1029.6605257416236
316.38261335183097,1029.6672286197786
316.38261335183097,1029.6705399637688
316.38261335183097,1029.6956714181108
316.38261335183097,1029.7337274515417
316.38261335183097,1029.7763818212884
316.38261335183097,1029.8010940203076
316.38261335183097,1029.8304982670275
316.38261335183097,1029.8357152073345
316.38261335183097,1029.9239843954338
316.38261335183097,1029.9260286575839
316.38261335183097,1029.9457916709084
316.38261335183097,1030.0155733648521
316.38261335183097,1030.1236297166358
316.38261335183097,1030.1714673863278
316.38261335183097,1030.2043874482265
316.38261335183097,1030.2162456876447
316.38261335183097,1030.4188562877384
316.38261335183097,1030.423628764445
316.38261335183097,1030.4257872275825
316.38261335183097,1030.4268705704042
316.38261335183097,1030.4530243012048
316.38261335183097,1030.4676383827614
316.38261335183097,1030.525616520238
316.38261335183097,1030.589893298369
316.38261335183097,1030.6897238290721
316.38261335183097,1030.8990521487299
316.38261335183097,1030.9233873344438
316.38261335183097,1031.0253750902366
316.38261335183097,1031.0758080015344
316.38261335183097,1031.1455010148602
316.38261335183097,1031.2135256991462
316.38261335183097,1031.5970492439799
316.38261335183097,1031.6004671498513
316.38261335183097,1031.6189651589061
316.38261335183097,1032.0736598791284
316.38261335183097,1032.1055866239863
316.38261335183097,1032.1776504018985
316.38261335183097,1032.1793572819013
316.38261335183097,1032.4236972222625
316.38261335183097,1032.5078104130869
316.38261335183097,1032.5461952231697
316.38261335183097,1032.6186138153867
316.38261335183097,1032.762685527747
316.38261335183097,1032.7833393732335
316.38261335183097,1032.9839347679463
316.38261335183097,1033.0037117639315
316.38261335183097,1033.1842626558082
316.38261335183097,1033.2378956577493
316.38261335183097,1033.2553755170507
316.38261335183097,1033.3551791850264
316.38261335183097,1033.3956536493895
316.38261335183097,1033.426071815554
316.38261335183097,1033.4746887409724
316.38261335183097,1033.6926730598318
316.38261335183097,1033.6960140680424
316.38261335183097,1033.8189706438145
316.38261335183097,1034.000757415029
316.38261335183097,1034.007151623637
316.38261335183097,1034.0168848661124
316.38261335183097,1034.2065858394847
316.38261335183097,1034.2160885119001
316.38261335183097,1034.2361505461365
316.38261335183097,1034.248393005853
316.38261335183097,1034.270083394784
316.38261335183097,1034.2846247401724
316.38261335183097,1034.3730195433006
316.38261335183097,1034.4216265208008
316.38261335183097,1034.5138896407118
316.38261335183097,1034.5228933914207
316.38261335183097,1034.6060105483348
316.38261335183097,1034.6886215790971
316.38261335183097,1034.733052263715
316.38261335183097,1034.7538907752369
316.38261335183097,1034.8042533347596
316.38261335183097,1035.0319735068629
316.38261335183097,1035.0427362648745
316.38261335183097,1035.0444699507107
316.38261335183097,1035.1167178920039
316.38261335183097,1035.2894107602542
316.38261335183097,1035.318835500432
316.38261335183097,1035.3704055075068
316.38261335183097,1035.3812897026176
316.38261335183097,1035.6011752595514
316.38261335183097,1035.6098293408372
316.38261335183097,1035.6751795297616
316.38261335183097,1035.6945737259782
316.38261335183097,1035.7347746346386
316.38261335183097,1035.8131823315045
316.38261335183097,1035.8526818609532
316.38261335183097,1035.868014044268
316.38261335183097,1035.8788898094788
316.38261335183097,1035.9430541700342
316.38261335183097,1035.961495230862
316.38261335183097,1035.9808775652716
316.38261335183097,1036.0297056842712
316.38261335183097,1036.128735483137
316.38261335183097,1036.1452021722876
316.38261335183097,1036.2907289352065
316.38261335183097,1036.3100835945388
316.38261335183097,1036.3689022775259
316.38261335183097,1036.4615223012017
316.38261335183097,1036.4834232374135
316.38261335183097,1036.4891237883417
316.38261335183097,1036.5030727941298
316.38261335183097,1036.5158034844667
316.38261335183097,1036.6474292318603
316.38261335183097,1036.743989804555
316.38261335183097,1036.7733610216733
316.38261335183097,1036.908160106695
316.38261335183097,1036.9114751991672
339.9507156123421,949.0535060527221
316.38261335183097,1037.0197278393134
316.38261335183097,1037.1234317446406
316.38261335183097,1037.2299763307985
316.38261335183097,1037.3006740264814
316.38261335183097,1037.3360607705156
316.38261335183097,1037.4057602135563
316.38261335183097,1037.415835488123
316.38261335183097,1037.4423931202998
316.38261335183097,1037.507747969349
316.38261335183097,1037.6464837359274
316.38261335183097,1037.697432334765
316.38261335183097,1037.7150137108372
316.38261335183097,1037.926129297371
316.38261335183097,1038.0853339682562
316.38261335183097,1038.2980394750389
316.38261335183097,1038.3775952604672
316.38261335183097,1038.3891367932665
316.38261335183097,1038.5189931056864
316.38261335183097,1038.5427152330226
316.38261335183097,1038.6403800118164
316.38261335183097,1038.7725203182072
339.9507156123421,950.9602799932761
316.38261335183097,1038.8564221866711
316.38261335183097,1038.9182559309413
316.38261335183097,1038.968400676975
316.38261335183097,1039.1135639523334
316.38261335183097,1039.282326119764
316.38261335183097,1039.300824128819
316.38261335183097,1039.3548509530385
316.38261335183097,1039.4552061228428
316.38261335183097,1039.5946260432606
316.38261335183097,1039.7419181929226
339.9507156123421,951.9985478233864
316.38261335183097,1039.898702021241
316.38261335183097,1039.9083004874367
316.38261335183097,1039.9648898639675
316.38261335183097,1040.221743508194
316.38261335183097,1040.2475200544966
316.38261335183097,1040.4230510159389
316.38261335183097,1040.4651983431463
316.38261335183097,1040.5532944619742
316.38261335183097,1040.5717924710289
316.38261335183097,1040.5850621797358
316.38261335183097,1040.68816968802
316.38261335183097,1040.788407496807
316.38261335183097,1040.8422403056454
316.38261335183097,1040.8597423274334
316.38261335183097,1041.0092722789902
316.38261335183097,1041.0370381549392
339.9507156123421,953.2130534702368
316.38261335183097,1041.1005673936984
316.38261335183097,1041.218233284212
339.9507156123421,953.753904389685
316.38261335183097,1041.669827070307
316.38261335183097,1041.6987438360252
316.38261335183097,1041.7361666853565
316.38261335183097,1041.7884918007428
339.9507156123421,953.9053217639405
339.9507156123421,953.9822546027126
316.38261335183097,1042.1473844024715
316.38261335183097,1042.1674337659447
316.38261335183097,1042.2046981450737
316.38261335183097,1042.3080064971493
316.38261335183097,1042.4097425786754
316.38261335183097,1042.5376130017844
316.38261335183097,1042.8086869029498
339.9507156123421,954.9513313134147
339.9507156123421,955.0453320412622
316.38261335183097,1042.969712178235
339.9507156123421,955.1198274107908
339.9507156123421,955.1893742881333
316.38261335183097,1043.2320354789379
316.38261335183097,1043.2569938508084
316.38261335183097,1043.2991731268946
316.38261335183097,1043.4297966470235
339.9507156123421,955.5645263850153
339.9507156123421,955.6372331801447
316.38261335183097,1043.6379351145072
339.9507156123421,955.7928765980429
339.9507156123421,956.0954909803243
316.38261335183097,1044.156577249887
316.38261335183097,1044.2634223037776
339.9507156123421,956.386801211863
339.9507156123421,956.4308620292504
339.9507156123421,956.4808019397105
316.38261335183097,1044.5302518503483
339.9507156123421,956.761953308745
339.9507156123421,956.8559540365925
316.38261335183097,1044.8052907145534
316.38261335183097,1045.104698854755
339.9507156123421,957.2977455010043
316.38261335183097,1045.2630927330617
339.9507156123421,957.3832789089901
316.38261335183097,1045.3379336934909
316.38261335183097,1045.339084729633
316.38261335183097,1045.390290487703
316.38261335183097,1045.5792305489492
316.38261335183097,1045.634067307319
316.38261335183097,1045.9798984449517
316.38261335183097,1046.0762590567633
316.38261335183097,1046.3095938492224
339.9507156123421,958.5092023780917
339.9507156123421,958.5122511478547
316.38261335183097,1046.5473012969514
339.9507156123421,958.8187488074384
316.38261335183097,1046.7097318177202
316.38261335183097,1046.7528579446698
316.38261335183097,1046.8665415780051
339.9507156123421,959.1083674963346
339.9507156123421,959.1939009043203
316.38261335183097,1047.1251571309258
316.38261335183097,1047.2508667871618
339.9507156123421,959.3759037999148
316.38261335183097,1047.4357320292936
339.9507156123421,959.6188818598857
316.38261335183097,1047.6003947872819
339.9507156123421,959.7237080249421
339.9507156123421,959.8685054869738
339.9507156123421,960.322873143185
339.9507156123421,960.5904094467651
316.38261335183097,1048.4913004122907
316.38261335183097,1048.4935375331065
339.9507156123421,960.6533025037548
316.38261335183097,1048.5716179613473
339.9507156123421,960.750918985563
316.38261335183097,1048.7916185112663
316.38261335183097,1049.1124101563644
339.9507156123421,961.707290777445
339.9507156123421,961.8056518612864
316.38261335183097,1049.7352571019164
339.9507156123421,961.8817254474773
316.38261335183097,1049.8492927358575
339.9507156123421,962.2535107532977
339.9507156123421,962.3548728506128
316.38261335183097,1050.2812990385996
316.38261335183097,1050.288302357787
339.9507156123421,962.4267616053602
339.9507156123421,962.5299313818806
339.9507156123421,962.6933583199566
316.38261335183097,1050.6815085970138
316.38261335183097,1050.7155797645673
316.38261335183097,1050.7907370169307
316.38261335183097,1050.8646749860918
339.9507156123421,963.1097940084211
316.38261335183097,1051.1202610780676
339.9507156123421,963.2443669370516
316.38261335183097,1051.2042215441609
316.38261335183097,1051.2061228981156
316.38261335183097,1051.2839713220503
339.9507156123421,963.7124258018405
316.38261335183097,1051.6658472586223
339.9507156123421,963.83807773936
316.38261335183097,1051.7856415199474
339.9507156123421,963.9407760148681
316.38261335183097,1051.8603264038586
316.38261335183097,1051.9546775078916
316.38261335183097,1051.9662668318485
316.38261335183097,1051.9913110577365
339.9507156123421,964.1130579454223
339.9507156123421,964.1928077233118
339.9507156123421,964.3335355459142
316.38261335183097,1052.2373578781005
316.38261335183097,1052.3064450108384
339.9507156123421,964.4211579363395
339.9507156123421,964.4367053224346
339.9507156123421,964.4385912601942
316.38261335183097,1052.3283384617116
316.38261335183097,1052.3438216344657
316.38261335183097,1052.3967570120608
316.38261335183097,1052.4322744712247
339.9507156123421,964.5609168374336
316.38261335183097,1052.4879642153842
316.38261335183097,1052.51351509489
316.38261335183097,1052.530797651273
316.38261335183097,1052.530951910778
316.38261335183097,1052.5612951312955
339.9507156123421,964.7584437543521
339.9507156123421,964.7864505941254
339.9507156123421,964.9173900096727
339.9507156123421,964.9730084128269
316.38261335183097,1052.8805586057288
316.38261335183097,1052.9611810492167
339.9507156123421,965.1254799512449
316.38261335183097,1053.0169651788995
339.9507156123421,965.1771858217903
339.9507156123421,965.2003423112271
339.9507156123421,965.2013586258545
339.9507156123421,965.2076971694544
316.38261335183097,1053.0972429135209
316.38261335183097,1053.121228645829
339.9507156123421,965.2999146212771
339.9507156123421,965.310484869152
316.38261335183097,1053.2203930613268
339.9507156123421,965.3386365850016
316.38261335183097,1053.2397324713922
339.9507156123421,965.3557314377033
316.38261335183097,1053.2557107026107
316.38261335183097,1053.261089518862
339.9507156123421,965.3902346470416
339.9507156123421,965.4044855969995
339.9507156123421,965.4216972473989
339.9507156123421,965.4268094488784
339.9507156123421,965.4842353748891
316.38261335183097,1053.3731016550253
316.38261335183097,1053.3850375572636
316.38261335183097,1053.4610298839218
316.38261335183097,1053.4987611536515
316.38261335183097,1053.5040410705726
339.9507156123421,965.6616132137951
316.38261335183097,1053.5520627860847
339.9507156123421,965.6793585038595
316.38261335183097,1053.6007735293601
339.9507156123421,965.8019615457604
339.9507156123421,965.8019958756879
339.9507156123421,965.8038048005686
316.38261335183097,1053.7064815665276
316.38261335183097,1053.7535778592123
316.38261335183097,1053.7560124616077
339.9507156123421,965.8695561394103
339.9507156123421,965.8883298212776
339.9507156123421,965.9054248728437
316.38261335183097,1053.7942156646984
339.9507156123421,965.9289821309476
316.38261335183097,1053.8185049045874
316.38261335183097,1053.8238281486058
316.38261335183097,1053.8388090003616
316.38261335183097,1053.8665813626299
316.38261335183097,1053.931538031265
316.38261335183097,1053.9653723312451
339.9507156123421,966.0800933944162
339.9507156123421,966.1181494278471
316.38261335183097,1054.04639806892
339.9507156123421,966.1704353365566
339.9507156123421,966.2116064656594
316.38261335183097,1054.1213512495224
339.9507156123421,966.2644360644041
339.9507156123421,966.3041342278295
339.9507156123421,966.3059774826378
339.9507156123421,966.3092229474676
339.9507156123421,966.324170715951
316.38261335183097,1054.2315149058204
316.38261335183097,1054.2376381362126
316.38261335183097,1054.259280675276
316.38261335183097,1054.2826112506816
339.9507156123421,966.4075975549129
339.9507156123421,966.4120039405066
316.38261335183097,1054.3207151740496
316.38261335183097,1054.3451036936613
339.9507156123421,966.4648663653658
316.38261335183097,1054.3740792867677
316.38261335183097,1054.3830694784187
339.9507156123421,966.5193002285519
316.38261335183097,1054.4307510093386
316.38261335183097,1054.4315390035113
316.38261335183097,1054.4417696447504
316.38261335183097,1054.4471276293923
316.38261335183097,1054.4720983581074
316.38261335183097,1054.494599243495
339.9507156123421,966.6191241711286
339.9507156123421,966.6203221099163
316.38261335183097,1054.532057861072
316.38261335183097,1054.5491180177467
339.9507156123421,966.7131248989762
339.9507156123421,966.7137791477286
316.38261335183097,1054.6499430036001
316.38261335183097,1054.6770711955435
339.9507156123421,966.8113956295367
316.38261335183097,1054.7103314627352
316.38261335183097,1054.717727119028
339.9507156123421,966.8635272851299
316.38261335183097,1054.7508904286428
316.38261335183097,1054.7852239430804
316.38261335183097,1054.824055059123
316.38261335183097,1054.831676972009
339.9507156123421,966.9670390474349
316.38261335183097,1054.8612424846817
316.38261335183097,1054.9052897917845
316.38261335183097,1054.9116238263425
316.38261335183097,1054.9241502613286
316.38261335183097,1054.9359382222447
316.38261335183097,1054.943288078067
316.38261335183097,1054.9579512454632
339.9507156123421,967.0831289280331
339.9507156123421,967.1028517965733
316.38261335183097,1055.0482185014887
316.38261335183097,1055.0813197892128
339.9507156123421,967.1968525244208
316.38261335183097,1055.089622611592
316.38261335183097,1055.103037368194
339.9507156123421,967.2562669131598
316.38261335183097,1055.1521150545716
339.9507156123421,967.2707657702094
339.9507156123421,967.2707808000756
316.38261335183097,1055.20917291708
316.38261335183097,1055.216760964582
339.9507156123421,967.3498476799044
339.9507156123421,967.3516909347127
339.9507156123421,967.3555101553507
316.38261335183097,1055.2456017491413
316.38261335183097,1055.313292107124
339.9507156123421,967.4328860353806
316.38261335183097,1055.33055982321
316.38261335183097,1055.3593253455292
316.38261335183097,1055.394575404334
316.38261335183097,1055.4270157035119
339.9507156123421,967.5489128873884
316.38261335183097,1055.442256935254
316.38261335183097,1055.463105379244
339.9507156123421,967.5853016101023
339.9507156123421,967.5978444677808
339.9507156123421,967.6050244786425
316.38261335183097,1055.560623943662
316.38261335183097,1055.572843314953
339.9507156123421,967.6940603443418
339.9507156123421,967.69902520649
339.9507156123421,967.7034855250165
339.9507156123421,967.7366488346312
339.9507156123421,967.7424324647274
339.9507156123421,967.7985365144765
339.9507156123421,967.8221822426169
339.9507156123421,967.8291290594985
316.38261335183097,1055.717922639787
339.9507156123421,967.8556260149851
316.38261335183097,1055.7525199991956
316.38261335183097,1055.7656041707066
316.38261335183097,1055.7797990604931
316.38261335183097,1055.7952575683041
316.38261335183097,1055.7967298689957
316.38261335183097,1055.8334256366632
316.38261335183097,1055.8723729038722
316.38261335183097,1055.8839711791147
339.9507156123421,968.0127524995098
316.38261335183097,1055.9021524711925
316.38261335183097,1055.9784507341376
316.38261335183097,1055.989704168318
339.9507156123421,968.116810119812
316.38261335183097,1056.0727473941615
316.38261335183097,1056.1200771044485
316.38261335183097,1056.1234646909602
316.38261335183097,1056.125686928874
339.9507156123421,968.2471631981823
339.9507156123421,968.2822641399212
339.9507156123421,968.3098842519505
316.38261335183097,1056.2040091597476
316.38261335183097,1056.2097425989064
316.38261335183097,1056.2431448508078
316.38261335183097,1056.2505252565652
316.38261335183097,1056.2574241298262
316.38261335183097,1056.2719491143412
316.38261335183097,1056.2725258372127
339.9507156123421,968.415726909252
316.38261335183097,1056.306397849567
316.38261335183097,1056.3294363504726
339.9507156123421,968.4547687867614
316.38261335183097,1056.3757911382343
339.9507156123421,968.4967868252704
316.38261335183097,1056.3977359567484
339.9507156123421,968.5168495241462
316.38261335183097,1056.4287512602664
339.9507156123421,968.5563331180807
316.38261335183097,1056.448958881481
339.9507156123421,968.5833335312575
316.38261335183097,1056.4822406803248
339.9507156123421,968.602382932132
339.9507156123421,968.6310150621772
339.9507156123421,968.647391682231
339.9507156123421,968.6680979703257
316.38261335183097,1056.5641620201134
339.9507156123421,968.6809500130656
316.38261335183097,1056.611897063568
339.9507156123421,968.7415253373573
339.9507156123421,968.7493820705854
316.38261335183097,1056.6470271740047
339.9507156123421,968.8120569340197
316.38261335183097,1056.7226298092032
316.38261335183097,1056.743895366246
316.38261335183097,1056.7502838265639
316.38261335183097,1056.761067140107
316.38261335183097,1056.7771240456393
339.9507156123421,968.8914872680715
316.38261335183097,1056.794968871316
316.38261335183097,1056.7967155292283
339.9507156123421,968.9179911718668
339.9507156123421,968.9295433015025
339.9507156123421,968.9511544814816
316.38261335183097,1056.8576189626338
339.9507156123421,968.985487995919
316.38261335183097,1056.8945913806833
339.9507156123421,969.0104887327827
339.9507156123421,969.0251351650804
339.9507156123421,969.0273638876973
339.9507156123421,969.0405859365859
339.9507156123421,969.051071766704
316.38261335183097,1056.9399593604778
339.9507156123421,969.0585058001499
316.38261335183097,1056.949387651759
339.9507156123421,969.0752276190558
316.38261335183097,1056.9663009573253
339.9507156123421,969.0813877655397
316.38261335183097,1056.9882629548492
316.38261335183097,1056.9901661127833
316.38261335183097,1057.0371217499298
316.38261335183097,1057.0388910881459
316.38261335183097,1057.0391552952992
339.9507156123421,969.1661321506809
316.38261335183097,1057.0530591697732
339.9507156123421,969.1702706523948
316.38261335183097,1057.0684828503222
339.9507156123421,969.1830078378148
339.9507156123421,969.1944901179656
316.38261335183097,1057.0890545820025
316.38261335183097,1057.1134092104774
316.38261335183097,1057.1161643812418
339.9507156123421,969.2672630885686
316.38261335183097,1057.1602018246238
339.9507156123421,969.2769875147854
339.9507156123421,969.2815838420514
339.9507156123421,969.3132070713008
316.38261335183097,1057.2345313896499
316.38261335183097,1057.2357626211767
316.38261335183097,1057.257476318086
339.9507156123421,969.3792003238595
339.9507156123421,969.3957323928182
316.38261335183097,1057.3202661804053
316.38261335183097,1057.3301325837024
339.9507156123421,969.4687465329623
316.38261335183097,1057.3786058247128
316.38261335183097,1057.3980412996332
316.38261335183097,1057.4148769688434
339.9507156123421,969.5347993921487
316.38261335183097,1057.4282994218734
339.9507156123421,969.5730727318386
316.38261335183097,1057.467707621673
316.38261335183097,1057.4706373149836
316.38261335183097,1057.5185496363786
316.38261335183097,1057.5188494925278
339.9507156123421,969.6397510548288
316.38261335183097,1057.5841354065494
339.9507156123421,969.7048993823659
316.38261335183097,1057.601631149519
316.38261335183097,1057.6152754386806
339.9507156123421,969.7313551709966
316.38261335183097,1057.6322732327662
339.9507156123421,969.7694357706378
339.9507156123421,969.7708387649311
316.38261335183097,1057.6646010433574
339.9507156123421,969.8041175818885
316.38261335183097,1057.712611567334
316.38261335183097,1057.7261997818682
316.38261335183097,1057.790747205092
339.9507156123421,969.9072873584089
316.38261335183097,1057.8168458208588
339.9507156123421,969.9560309842077
316.38261335183097,1057.8587718893777
316.38261335183097,1057.9082277891032
339.9507156123421,970.0369720742178
316.38261335183097,1057.9333115860393
339.9507156123421,970.0476366650121
339.9507156123421,970.0617845315664
316.38261335183097,1057.9615183500873
339.9507156123421,970.0752454139077
316.38261335183097,1058.001001944022
339.9507156123421,970.1594010133746
316.38261335183097,1058.0566291424382
339.9507156123421,970.2396408119308
339.9507156123421,970.2730114470003
316.38261335183097,1058.186007487692
316.38261335183097,1058.1861941632985
339.9507156123421,970.3122305313987
316.38261335183097,1058.2037278131834
339.9507156123421,970.4013068424179
316.38261335183097,1058.2919477106573
316.38261335183097,1058.3964257920632
316.38261335183097,1058.4698039910215
316.38261335183097,1058.5455076713295
316.38261335183097,1058.5751516142661
339.9507156123421,970.8151492227126
339.9507156123421,970.8546328166472
316.38261335183097,1058.7605657010238
316.38261335183097,1058.7621276310733
316.38261335183097,1058.8377161461567
339.9507156123421,971.0398250359237
316.38261335183097,1058.995426084427
339.9507156123421,971.1122633618936
339.9507156123421,971.1209588659826
316.38261335183097,1059.0160158186727
316.38261335183097,1059.0397624215452
316.38261335183097,1059.1691921605243
339.9507156123421,971.3234348636469
339.9507156123421,971.3406135749212
339.9507156123421,971.3821841980515
316.38261335183097,1059.315928539437
316.38261335183097,1059.3384161607687
316.38261335183097,1059.3701917821152
316.38261335183097,1059.4079317179785
316.38261335183097,1059.4316052031438
339.9507156123421,971.5670832344572
339.9507156123421,971.5874672169216
316.38261335183097,1059.4855122894387
316.38261335183097,1059.5270627823666
339.9507156123421,971.7180867852393
339.9507156123421,971.7380753467177
316.38261335183097,1059.6406420419798
316.38261335183097,1059.648957954163
316.38261335183097,1059.6714192200973
316.38261335183097,1059.6923598637222
339.9507156123421,971.8339160830519
316.38261335183097,1059.728420666483
316.38261335183097,1059.7312789534312
316.38261335183097,1059.7388682209335
316.38261335183097,1059.79735100991
316.38261335183097,1059.8121391890186
339.9507156123421,972.0010390867938
339.9507156123421,972.0149421264687
316.38261335183097,1059.961197605591
339.9507156123421,972.1108364564423
339.9507156123421,972.1351636372844
339.9507156123421,972.1393333605682
316.38261335183097,1060.040899839621
316.38261335183097,1060.0531711269477
316.38261335183097,1060.0692975815034
316.38261335183097,1060.1578342470823
316.38261335183097,1060.1628680110655
316.38261335183097,1060.1755567432372
339.9507156123421,972.3096902856232
316.38261335183097,1060.2062594732763
316.38261335183097,1060.2230989125508
316.38261335183097,1060.236711671777
339.9507156123421,972.3604600835304
316.38261335183097,1060.284667655866
339.9507156123421,972.4036910134707
339.9507156123421,972.5046073944306
339.9507156123421,972.5182760362327
316.38261335183097,1060.43982547636
339.9507156123421,972.5966898449019
316.38261335183097,1060.492575905921
339.9507156123421,972.6499411530301
339.9507156123421,972.6795497549751
339.9507156123421,972.6890265968442
316.38261335183097,1060.5874347104905
339.9507156123421,972.7356121804123
339.9507156123421,972.7374554352207
339.9507156123421,972.764510158187
316.38261335183097,1060.6755297436114
339.9507156123421,972.8104891705225
316.38261335183097,1060.7245893622971
339.9507156123421,972.8390755074956
339.9507156123421,972.8585108860345
316.38261335183097,1060.7577424057295
316.38261335183097,1060.8196730535071
339.9507156123421,973.0518000624991
316.38261335183097,1060.9825681041473
339.9507156123421,973.1452571003115
316.38261335183097,1061.0654333291568
316.38261335183097,1061.0818391639664
339.9507156123421,973.207252312471
339.9507156123421,973.2127007160732
339.9507156123421,973.2428735821195
316.38261335183097,1061.1437947157597
316.38261335183097,1061.1538935223452
316.38261335183097,1061.1566405324802
316.38261335183097,1061.1994618071092
316.38261335183097,1061.2206989606764
339.9507156123421,973.3985170000178
316.38261335183097,1061.3276226382154
316.38261335183097,1061.3551369963727
316.38261335183097,1061.3735032905286
316.38261335183097,1061.4514389290086
339.9507156123421,973.6074339868373
316.38261335183097,1061.6017524143567
316.38261335183097,1061.6298573663128
316.38261335183097,1061.6381274876017
316.38261335183097,1061.7057863015991
316.38261335183097,1061.7138270368787
316.38261335183097,1061.7420381777088
339.9507156123421,973.8644467998805
316.38261335183097,1061.775003266419
316.38261335183097,1061.8349129502087
316.38261335183097,1061.845575970864
316.38261335183097,1061.857563567529
339.9507156123421,974.0124032418572
339.9507156123421,974.0167795626851
339.9507156123421,974.0365024312252
316.38261335183097,1061.9421772499063
316.38261335183097,1061.9618254968545
339.9507156123421,974.1305031590728
316.38261335183097,1062.0514644348275
316.38261335183097,1062.1088345907044
316.38261335183097,1062.1341109696302
316.38261335183097,1062.168343223209
339.9507156123421,974.3427729385821
316.38261335183097,1062.2698684349166
316.38261335183097,1062.2796272713192
316.38261335183097,1062.3349367809524
316.38261335183097,1062.4218810164905
339.9507156123421,974.5625881242669
316.38261335183097,1062.4744748306082
316.38261335183097,1062.5057746174705
316.38261335183097,1062.5096499499755
339.9507156123421,974.6335315809604
339.9507156123421,974.656104473213
316.38261335183097,1062.5558636535611
316.38261335183097,1062.5682670604501
316.38261335183097,1062.6233735463632
339.9507156123421,974.7416378811986
316.38261335183097,1062.6687713978934
339.9507156123421,974.8120134785665
339.9507156123421,974.8869113244157
316.38261335183097,1062.7921009785439
316.38261335183097,1062.838420768366
316.38261335183097,1062.8557474147005
316.38261335183097,1062.9502369756574
339.9507156123421,975.0802054079488
339.9507156123421,975.080546330083
339.9507156123421,975.1105810275171
339.9507156123421,975.1357042630295
339.9507156123421,975.166618836764
339.9507156123421,975.1964577537624
316.38261335183097,1063.0871059728215
339.9507156123421,975.2300260736612
339.9507156123421,975.2435348866024
339.9507156123421,975.2549810001153
316.38261335183097,1063.1781883912117
316.38261335183097,1063.2137319703206
316.38261335183097,1063.2732088050318
339.9507156123421,975.4162424638521
316.38261335183097,1063.3103255100777
316.38261335183097,1063.337093903723
339.9507156123421,975.4899837527328
339.9507156123421,975.5506777153762
316.38261335183097,1063.4470410041756
339.9507156123421,975.6017486049777
316.38261335183097,1063.4952483719953
339.9507156123421,975.6127537095863
316.38261335183097,1063.500353289105
316.38261335183097,1063.5094050509977
316.38261335183097,1063.5567213893987
316.38261335183097,1063.5941494361387
339.9507156123421,975.7770937711173
316.38261335183097,1063.7339083372328
316.38261335183097,1063.7383524736413
339.9507156123421,975.8591778512978
339.9507156123421,975.8706101200632
316.38261335183097,1063.785612066043
316.38261335183097,1063.7859796473494
316.38261335183097,1063.799807594106
316.38261335183097,1063.8171670575996
316.38261335183097,1063.8450486168247
339.9507156123421,975.9758331465886
316.38261335183097,1063.8744724680912
316.38261335183097,1063.8784616096807
339.9507156123421,975.9985366073876
339.9507156123421,976.0351770030474
316.38261335183097,1063.9221939335644
316.38261335183097,1063.9231582142597
316.38261335183097,1063.9314352541514
316.38261335183097,1063.9394216344642
316.38261335183097,1063.9402336788994
316.38261335183097,1063.9653059848017
339.9507156123421,976.101416971266
339.9507156123421,976.1034768241245
339.9507156123421,976.1139038468674
316.38261335183097,1064.0006484909609
339.9507156123421,976.1206527805432
339.9507156123421,976.2008984940002
339.9507156123421,976.2009137232205
339.9507156123421,976.2010394806332
339.9507156123421,976.2947110547991
339.9507156123421,976.2986559624412
316.38261335183097,1064.194781738595
316.38261335183097,1064.2128675351069
339.9507156123421,976.3318270371522
316.38261335183097,1064.236332231523
316.38261335183097,1064.2564877946927
339.9507156123421,976.4437840045845
339.9507156123421,976.4589342711145
339.9507156123421,976.4684500268006
339.9507156123421,976.4752824433244
339.9507156123421,976.4838507955546
316.38261335183097,1064.3806886692537
339.9507156123421,976.5067233664906
316.38261335183097,1064.396480699673
316.38261335183097,1064.431061673091
339.9507156123421,976.5524757575016
316.38261335183097,1064.4407469400837
339.9507156123421,976.5562703802693
339.9507156123421,976.5640287437627
339.9507156123421,976.5733015146642
316.38261335183097,1064.4737216123037
316.38261335183097,1064.4884284710035
316.38261335183097,1064.4959536249205
316.38261335183097,1064.5021019537592
316.38261335183097,1064.5066204590664
316.38261335183097,1064.5067542979107
339.9507156123421,976.6221450693291
316.38261335183097,1064.529561216356
316.38261335183097,1064.5442679583334
316.38261335183097,1064.553772190659
316.38261335183097,1064.582533990835
339.9507156123421,976.704489399583
339.9507156123421,976.7054386335303
316.38261335183097,1064.6067954794116
316.38261335183097,1064.606818955016
339.9507156123421,976.7249060704125
339.9507156123421,976.73418232676
316.38261335183097,1064.6218183303906
339.9507156123421,976.7360255815682
339.9507156123421,976.7408096132284
339.9507156123421,976.7481046391059
316.38261335183097,1064.6385165758
316.38261335183097,1064.6519146270552
339.9507156123421,976.8229251417523
339.9507156123421,976.8421053669534
316.38261335183097,1064.7709135519153
339.9507156123421,976.9026749196419
339.9507156123421,976.9045181744501
316.38261335183097,1064.7971179919584
339.9507156123421,976.9393785722357
316.38261335183097,1064.8301015333634
316.38261335183097,1064.837497411817
316.38261335183097,1064.8429014047454
316.38261335183097,1064.8545254527796
339.9507156123421,976.9797542058221
316.38261335183097,1064.8680643226996
316.38261335183097,1064.8726854768436
339.9507156123421,976.994210284999
339.9507156123421,977.0052586465584
339.9507156123421,977.0245114660288
316.38261335183097,1064.9412021543087
339.9507156123421,977.0566047750275
339.9507156123421,977.0862035840258
339.9507156123421,977.0888189917417
339.9507156123421,977.1000581672945
339.9507156123421,977.1019014221027
316.38261335183097,1065.0002874124282
316.38261335183097,1065.0223263008006
339.9507156123421,977.1501963505649
339.9507156123421,977.150605502875
339.9507156123421,977.1554289020889
316.38261335183097,1065.0431648123224
339.9507156123421,977.1572721568972
339.9507156123421,977.1718383056051
339.9507156123421,977.1740368085814
316.38261335183097,1065.0690461259571
339.9507156123421,977.1890021993238
339.9507156123421,977.2035214943778
339.9507156123421,977.2070681982348
316.38261335183097,1065.1204652274114
316.38261335183097,1065.1490949255165
339.9507156123421,977.2735747331333
339.9507156123421,977.2811357661121
339.9507156123421,977.2813330966267
339.9507156123421,977.3009037478542
316.38261335183097,1065.1973597868732
339.9507156123421,977.3285185195385
316.38261335183097,1065.2380814054466
316.38261335183097,1065.2381942318675
339.9507156123421,977.3606251475646
316.38261335183097,1065.2576681481983
339.9507156123421,977.3784524440504
339.9507156123421,977.3849402548839
339.9507156123421,977.3949044757018
339.9507156123421,977.3970871463654
316.38261335183097,1065.2875024315758
316.38261335183097,1065.2957135028544
339.9507156123421,977.4154568603279
339.9507156123421,977.4162460493812
316.38261335183097,1065.3124950774566
316.38261335183097,1065.321921492483
316.38261335183097,1065.3226766424682
339.9507156123421,977.4495111325165
339.9507156123421,977.461106488126
339.9507156123421,977.4623495745897
339.9507156123421,977.5097030871935
339.9507156123421,977.5105895629165
316.38261335183097,1065.4074210276092
316.38261335183097,1065.410245398801
316.38261335183097,1065.4178104396735
316.38261335183097,1065.4189601436601
316.38261335183097,1065.4290204500137
316.38261335183097,1065.429577036438
339.9507156123421,977.5501827991452
339.9507156123421,977.5655797392473
316.38261335183097,1065.4676578258732
316.38261335183097,1065.4786973206942
316.38261335183097,1065.481144431558
339.9507156123421,977.6073195690017
339.9507156123421,977.6077221585333
339.9507156123421,977.6102487746527
316.38261335183097,1065.4971622157502
339.9507156123421,977.6296377357742
316.38261335183097,1065.5260296331355
339.9507156123421,977.6574790871905
316.38261335183097,1065.5489250898747
339.9507156123421,977.6759813700643
316.38261335183097,1065.565888816699
316.38261335183097,1065.5697636013965
316.38261335183097,1065.580861345899
339.9507156123421,977.6955124248341
316.38261335183097,1065.582764503833
316.38261335183097,1065.5877957874056
339.9507156123421,977.7035089573524
339.9507156123421,977.7053386403414
316.38261335183097,1065.5940399167503
339.9507156123421,977.7096691038363
316.38261335183097,1065.6045268230373
316.38261335183097,1065.6122851865307
339.9507156123421,977.7557187275346
316.38261335183097,1065.6429244380265
339.9507156123421,977.7629629868999
339.9507156123421,977.766981404352
316.38261335183097,1065.6597706361067
316.38261335183097,1065.6804484135785
339.9507156123421,977.7944134889775
316.38261335183097,1065.6828441285024
316.38261335183097,1065.6925127536806
339.9507156123421,977.8118468128323
339.9507156123421,977.8183337216943
339.9507156123421,977.8707577078454
316.38261335183097,1065.7681825117493
316.38261335183097,1065.780345978236
339.9507156123421,977.9028655572599
316.38261335183097,1065.7933136097156
339.9507156123421,977.907115095147
316.38261335183097,1065.7954890588364
339.9507156123421,977.9341723900717
339.9507156123421,977.9414884095974
339.9507156123421,977.9642695938749
339.9507156123421,977.9737992161047
339.9507156123421,977.9776471142875
339.9507156123421,977.9858761188818
339.9507156123421,977.9949483197025
339.9507156123421,977.9968662851074
316.38261335183097,1065.8876422662813
316.38261335183097,1065.8927866726008
316.38261335183097,1065.8953013655084
339.9507156123421,978.0153497090328
316.38261335183097,1065.9041508409148
316.38261335183097,1065.9173871522032
339.9507156123421,978.0328136681504
339.9507156123421,978.034356347426
339.9507156123421,978.0458228724025
316.38261335183097,1065.9420041530527
339.9507156123421,978.0584088309836
339.9507156123421,978.0686456101857
339.9507156123421,978.0714156979129
339.9507156123421,978.0787256625194
339.9507156123421,978.1022446077478
339.9507156123421,978.1059814113972
339.9507156123421,978.1118805479792
339.9507156123421,978.1137238027875
339.9507156123421,978.1316993069902
316.38261335183097,1066.036518784929
316.38261335183097,1066.0418818941253
316.38261335183097,1066.0455394056141
339.9507156123421,978.1597061467635
316.38261335183097,1066.0603060127228
339.9507156123421,978.1838423019146
339.9507156123421,978.1916372087287
316.38261335183097,1066.0817495791568
339.9507156123421,978.2224348728461
339.9507156123421,978.2252464120178
339.9507156123421,978.2338929122961
339.9507156123421,978.2348690835106
316.38261335183097,1066.1342379435025
339.9507156123421,978.2680323931254
339.9507156123421,978.2856379365762
339.9507156123421,978.2877388549974
316.38261335183097,1066.1806617438986
339.9507156123421,978.2955404522529
339.9507156123421,978.3109457554632
316.38261335183097,1066.2019710899726
316.38261335183097,1066.2038742479067
316.38261335183097,1066.2039623951957
316.38261335183097,1066.2361683595996
339.9507156123421,978.3521189723622
316.38261335183097,1066.2455128881236
339.9507156123421,978.3598773358556
339.9507156123421,978.3812255495673
339.9507156123421,978.3950457914336
339.9507156123421,978.4009484181074
339.9507156123421,978.4215738450852
339.9507156123421,978.4365962843617
316.38261335183097,1066.3239024577704
339.9507156123421,978.4517178104653
339.9507156123421,978.4556029227549
339.9507156123421,978.4560932124166
339.9507156123421,978.460994472362
316.38261335183097,1066.3559364507848
339.9507156123421,978.4837096468674
339.9507156123421,978.4898697933513
316.38261335183097,1066.3767749623066
339.9507156123421,978.4926622732419
339.9507156123421,978.4949491459549
316.38261335183097,1066.3898693258543
316.38261335183097,1066.4092071113225
339.9507156123421,978.5605693825513
339.9507156123421,978.5605815130527
316.38261335183097,1066.456837106186
339.9507156123421,978.5746141784925
339.9507156123421,978.5797643963131
339.9507156123421,978.5809527220924
339.9507156123421,978.5826572260127
316.38261335183097,1066.4710254379465
316.38261335183097,1066.4847144042233
339.9507156123421,978.6128837840577
339.9507156123421,978.6176588830599
316.38261335183097,1066.5045495305258
316.38261335183097,1066.5086681416656
316.38261335183097,1066.515801115667
339.9507156123421,978.6445468500804
339.9507156123421,978.6575309852994
316.38261335183097,1066.5680946142354
316.38261335183097,1066.5694587893643
339.9507156123421,978.687091746027
339.9507156123421,978.6908266263067
316.38261335183097,1066.580002972292
339.9507156123421,978.7068845119052
339.9507156123421,978.7167870275819
339.9507156123421,978.7216890991124
339.9507156123421,978.7242361340051
339.9507156123421,978.7289869903414
339.9507156123421,978.7297709340421
316.38261335183097,1066.621007408326
339.9507156123421,978.7747853675846
339.9507156123421,978.7827980436737
316.38261335183097,1066.6814157567965
316.38261335183097,1066.6939688059144
316.38261335183097,1066.695080733099
339.9507156123421,978.8322392029804
316.38261335183097,1066.7200329724424
339.9507156123421,978.8537251792716
339.9507156123421,978.8705058053346
339.9507156123421,978.8788429878869
339.9507156123421,978.882241047691
339.9507156123421,978.897918685785
339.9507156123421,978.9094476182848
316.38261335183097,1066.8047773575834
339.9507156123421,978.9281124030263
339.9507156123421,978.9327920591004
339.9507156123421,978.9346353139086
316.38261335183097,1066.8320153771185
339.9507156123421,978.9520107311337
339.9507156123421,978.9581211470697
339.9507156123421,978.9678656286304
339.9507156123421,978.9697088834387
316.38261335183097,1066.874391032864
339.9507156123421,978.9938048736237
316.38261335183097,1066.8856010432041
316.38261335183097,1066.917254925118
339.9507156123421,979.0329735505209
339.9507156123421,979.0348687664332
339.9507156123421,979.044297007996
339.9507156123421,979.0482330826404
339.9507156123421,979.0490309008117
339.9507156123421,979.0799587700253
339.9507156123421,979.0867076723804
339.9507156123421,979.0877166765749
339.9507156123421,979.1021738828904
339.9507156123421,979.1082736339433
339.9507156123421,979.1088960606628
339.9507156123421,979.1140745345635
339.9507156123421,979.1174647512428
339.9507156123421,979.1243671116314
316.38261335183097,1067.0137133137848
339.9507156123421,979.1318572665843
339.9507156123421,979.1323283437902
339.9507156123421,979.1475423128732
316.38261335183097,1067.0510030333076
339.9507156123421,979.1720950260164
316.38261335183097,1067.0624023820712
339.9507156123421,979.1800522346813
339.9507156123421,979.1807888469767
316.38261335183097,1067.1032232227874
316.38261335183097,1067.1066017613662
316.38261335183097,1067.1186075151873
339.9507156123421,979.2411579364657
339.9507156123421,979.2428116920483
316.38261335183097,1067.1562776947321
316.38261335183097,1067.158275582117
339.9507156123421,979.2729088958515
339.9507156123421,979.2770047235377
339.9507156123421,979.2863075306697
316.38261335183097,1067.1907111617782
316.38261335183097,1067.2019211721183
316.38261335183097,1067.22059527098
316.38261335183097,1067.2239680527148
339.9507156123421,979.3453663993323
316.38261335183097,1067.2322616547062
339.9507156123421,979.3493589783552
316.38261335183097,1067.2434716650464
339.9507156123421,979.3573065102962
339.9507156123421,979.3710495520766
339.9507156123421,979.3732204504065
316.38261335183097,1067.2679473627384
339.9507156123421,979.3814808936725
339.9507156123421,979.3888257752487
339.9507156123421,979.393047930252
316.38261335183097,1067.2865707311469
316.38261335183097,1067.3238353362378
339.9507156123421,979.438570394181
339.9507156123421,979.4429828811404
339.9507156123421,979.4533489470542
339.9507156123421,979.4685925188588
339.9507156123421,979.4885523706029
316.38261335183097,1067.3766180924367
339.9507156123421,979.4914049804852
339.9507156123421,979.4959775556929
316.38261335183097,1067.387828102777
316.38261335183097,1067.390087715166
339.9507156123421,979.5114149386602
339.9507156123421,979.515099418126
316.38261335183097,1067.410279636396
339.9507156123421,979.5295202092723
339.9507156123421,979.5359311577578
339.9507156123421,979.5565187235746
316.38261335183097,1067.4438471996493
339.9507156123421,979.584582681907
316.38261335183097,1067.472974871139
339.9507156123421,979.5898893586441
339.9507156123421,979.593392736278
339.9507156123421,979.5956968787058
316.38261335183097,1067.486876613098
339.9507156123421,979.604736392589
339.9507156123421,979.6062949651276
339.9507156123421,979.6079808734846
316.38261335183097,1067.5025498822497
316.38261335183097,1067.511313420646
316.38261335183097,1067.5137598925899
339.9507156123421,979.6307704482358
339.9507156123421,979.6473179354439
339.9507156123421,979.6535201361463
339.9507156123421,979.6915761695773
339.9507156123421,979.6974262685891
339.9507156123421,979.699754499008
316.38261335183097,1067.5895299735332
316.38261335183097,1067.6133011764389
339.9507156123421,979.7328513434296
339.9507156123421,979.7475208639938
339.9507156123421,979.7647439128241
316.38261335183097,1067.6538778015934
339.9507156123421,979.7944670257355
316.38261335183097,1067.683512126145
339.9507156123421,979.8260031513752
316.38261335183097,1067.721568159576
316.38261335183097,1067.7264868462464
339.9507156123421,979.8544297396148
339.9507156123421,979.8652085191171
339.9507156123421,979.8668588695243
316.38261335183097,1067.7558655573862
339.9507156123421,979.9110832546397
316.38261335183097,1067.7982770439003
339.9507156123421,979.912926509448
339.9507156123421,979.9216630577348
339.9507156123421,979.9261694781628
339.9507156123421,979.9271978577718
339.9507156123421,979.9323393296542
316.38261335183097,1067.8235559153688
339.9507156123421,979.9565229860405
339.9507156123421,979.9661945918598
339.9507156123421,979.9755357949261
339.9507156123421,979.9935776625543
316.38261335183097,1067.8830214290413
339.9507156123421,979.9977241832086
339.9507156123421,980.0079490880377
339.9507156123421,980.014546581723
339.9507156123421,980.0156637855823
339.9507156123421,980.0211564663359
339.9507156123421,980.0211985856193
316.38261335183097,1067.9085269304867
316.38261335183097,1067.9136131222763
339.9507156123421,980.0296907292873
339.9507156123421,980.0299558114623
339.9507156123421,980.0642136631996
316.38261335183097,1067.9624936695147
316.38261335183097,1067.9667442265593
339.9507156123421,980.085011452185
339.9507156123421,980.0871872562021
339.9507156123421,980.0955654183472
316.38261335183097,1067.9872238829398
316.38261335183097,1067.989025242945
339.9507156123421,980.1068745420146
316.38261335183097,1068.034714763065
339.9507156123421,980.157832298995
316.38261335183097,1068.0472822869283
339.9507156123421,980.1662779104535
339.9507156123421,980.1994838695682
339.9507156123421,980.2008752698621
339.9507156123421,980.2139594413732
339.9507156123421,980.2272711367265
339.9507156123421,980.2367828377679
339.9507156123421,980.2490330109032
339.9507156123421,980.2526412763112
339.9507156123421,980.2566666734863
316.38261335183097,1068.1450243486995
339.9507156123421,980.2638943922616
316.38261335183097,1068.1516613262895
316.38261335183097,1068.1562343590397
316.38261335183097,1068.156310453332
339.9507156123421,980.277385693755
316.38261335183097,1068.1715837602292
316.38261335183097,1068.1825755876537
339.9507156123421,980.3207281745388
339.9507156123421,980.3323264497814
339.9507156123421,980.3348131528353
316.38261335183097,1068.2336727490701
339.9507156123421,980.3679764624501
339.9507156123421,980.3713864216026
316.38261335183097,1068.2822067922677
339.9507156123421,980.4039275406718
339.9507156123421,980.4074559260831
339.9507156123421,980.4183446563469
339.9507156123421,980.4302907207709
339.9507156123421,980.4744316472675
316.38261335183097,1068.3717028037993
339.9507156123421,980.5052935128382
316.38261335183097,1068.398720110026
339.9507156123421,980.5124876806984
339.9507156123421,980.5653597101027
316.38261335183097,1068.4541032537281
339.9507156123421,980.568432375115
339.9507156123421,980.5739880742451
316.38261335183097,1068.4679814552037
339.9507156123421,980.5967155556283
339.9507156123421,980.6033314220991
316.38261335183097,1068.4973828432885
339.9507156123421,980.6207304448972
316.38261335183097,1068.5095319481318
339.9507156123421,980.6235848043041
316.38261335183097,1068.5296366745604
316.38261335183097,1068.5537959966407
339.9507156123421,980.6737861057201
339.9507156123421,980.6816838545992
316.38261335183097,1068.5821272284295
339.9507156123421,980.7197592069755
339.9507156123421,980.7208222839915
316.38261335183097,1068.6538883858623
316.38261335183097,1068.6545713118367
339.9507156123421,980.7774344971616
316.38261335183097,1068.6706669741654
316.38261335183097,1068.681247978606
316.38261335183097,1068.7095761567173
339.9507156123421,980.8328960136828
316.38261335183097,1068.721681023279
339.9507156123421,980.8515372960999
339.9507156123421,980.8618235822943
339.9507156123421,980.8711693533727
316.38261335183097,1068.7798201756752
339.9507156123421,980.8999204378925
316.38261335183097,1068.7879089068374
339.9507156123421,980.9265400881671
339.9507156123421,980.9293159746524
316.38261335183097,1068.8454603737907
339.9507156123421,981.033363149088
316.38261335183097,1068.9274227498206
339.9507156123421,981.044831379633
339.9507156123421,981.0689353864652
339.9507156123421,981.1420688593205
339.9507156123421,981.1648672543557
339.9507156123421,981.1922506369125
339.9507156123421,981.1922529428641
339.9507156123421,981.2119735054526
316.38261335183097,1069.152171418698
316.38261335183097,1069.1626659095843
316.38261335183097,1069.1749057407144
339.9507156123421,981.2898694246722
316.38261335183097,1069.1815669554578
339.9507156123421,981.3059742333002
316.38261335183097,1069.2541591744907
339.9507156123421,981.4011993418396
316.38261335183097,1069.3074733448916
316.38261335183097,1069.318435952622
339.9507156123421,981.454609724417
339.9507156123421,981.4868347839856
316.38261335183097,1069.422294642125
316.38261335183097,1069.4292255819691
339.9507156123421,981.5547925202853
339.9507156123421,981.5671822156123
339.9507156123421,981.5771820907875
339.9507156123421,981.5829109800944
339.9507156123421,981.5999421144893
339.9507156123421,981.6127102541332
339.9507156123421,981.616665684722
339.9507156123421,981.6815505862886
339.9507156123421,981.6898334279688
339.9507156123421,981.7320792333554
316.38261335183097,1069.6206440730032
339.9507156123421,981.7889824618901
339.9507156123421,981.8018579039986
316.38261335183097,1069.7287600220207
339.9507156123421,981.8495657415774
316.38261335183097,1069.758361770615
339.9507156123421,981.8829917340574
339.9507156123421,981.8961895014497
339.9507156123421,981.9099007993162
339.9507156123421,981.9135677565457
339.9507156123421,981.9168664693224
339.9507156123421,981.929315519467
339.9507156123421,981.9311587742752
339.9507156123421,981.9353279308419
339.9507156123421,981.9536894527452
339.9507156123421,981.9701739279436
316.38261335183097,1069.9268256888304
339.9507156123421,982.0440642239635
339.9507156123421,982.0442316621691
339.9507156123421,982.0854677317217
339.9507156123421,982.1054195210294
316.38261335183097,1070.0288134446232
339.9507156123421,982.1442170661263
339.9507156123421,982.2292757082432
339.9507156123421,982.2660387676015
339.9507156123421,982.2736120453615
316.38261335183097,1070.163801230375
316.38261335183097,1070.1654911099326
339.9507156123421,982.2954940759538
339.9507156123421,982.3002153329584
339.9507156123421,982.3536106533102
339.9507156123421,982.3565745061709
339.9507156123421,982.3591454533472
339.9507156123421,982.3888308343204
316.38261335183097,1070.2755329483032
339.9507156123421,982.3980936019086
339.9507156123421,982.4190059608298
339.9507156123421,982.4331671714386
339.9507156123421,982.4375771958431
339.9507156123421,982.4570451909301
316.38261335183097,1070.3680925621984
339.9507156123421,982.5203630566903
339.9507156123421,982.5388221375899
339.9507156123421,982.5497781632532
316.38261335183097,1070.4441910653816
339.9507156123421,982.586981745515
339.9507156123421,982.5922203390724
339.9507156123421,982.6227694151197
339.9507156123421,982.6343627583584
339.9507156123421,982.6562783355993
339.9507156123421,982.6654548269601
316.38261335183097,1070.5544238879042
339.9507156123421,982.7039032451786
339.9507156123421,982.7093332893304
316.38261335183097,1070.6025849436883
339.9507156123421,982.7319792401665
339.9507156123421,982.7389768147086
339.9507156123421,982.7765299221552
339.9507156123421,982.777219679205
339.9507156123421,982.779102874549
339.9507156123421,982.7841264089126
339.9507156123421,982.8250099530372
316.38261335183097,1070.7297826983295
316.38261335183097,1070.7359511864902
316.38261335183097,1070.750526235781
339.9507156123421,982.8789775100183
339.9507156123421,982.9036862577229
339.9507156123421,982.9063792428428
316.38261335183097,1070.8026208659614
339.9507156123421,982.9213495561098
339.9507156123421,982.929506157085
339.9507156123421,982.9651285772475
339.9507156123421,982.9729782378658
339.9507156123421,983.0042877141126
339.9507156123421,983.019121982558
339.9507156123421,983.0235068849325
339.9507156123421,983.0337500360007
339.9507156123421,983.0781549350039
339.9507156123421,983.1246837033246
339.9507156123421,983.1313721161728
339.9507156123421,983.1326220112223
339.9507156123421,983.1813247115243
339.9507156123421,983.2104829017397
316.38261335183097,1071.112696072077
316.38261335183097,1071.1446228169348
339.9507156123421,983.2585698708139
339.9507156123421,983.2596310466811
316.38261335183097,1071.1522398765153
316.38261335183097,1071.1634498868555
316.38261335183097,1071.175533631978
339.9507156123421,983.3587227129767
339.9507156123421,983.3630191567208
339.9507156123421,983.3763847974479
339.9507156123421,983.3787595721873
339.9507156123421,983.4112251757409
339.9507156123421,983.4437813550936
316.38261335183097,1071.3393862737692
339.9507156123421,983.4881176922119
316.38261335183097,1071.5118820274865
339.9507156123421,983.643921101028
339.9507156123421,983.6487444475304
339.9507156123421,983.6711874499055
339.9507156123421,983.6821944407179
339.9507156123421,983.6854860840367
316.38261335183097,1071.5852314161182
316.38261335183097,1071.596006108063
339.9507156123421,983.7174672261318
339.9507156123421,983.7642838101036
339.9507156123421,983.7745623950559
339.9507156123421,983.8049355378672
339.9507156123421,983.8185470527817
316.38261335183097,1071.7322544181845
339.9507156123421,983.8799604738105
339.9507156123421,983.9161635345898
316.38261335183097,1071.8528490554895
339.9507156123421,983.974733584148
339.9507156123421,983.9786513309588
316.38261335183097,1071.8952579100553
339.9507156123421,984.0135118258704
316.38261335183097,1071.9023142348412
316.38261335183097,1071.9587554653547
339.9507156123421,984.0818325416788
316.38261335183097,1072.0047255741467
339.9507156123421,984.1181919045733
316.38261335183097,1072.0229709608948
339.9507156123421,984.1407151343886
339.9507156123421,984.1441053510679
339.9507156123421,984.170337736775
339.9507156123421,984.1796342240979
339.9507156123421,984.1875067881199
339.9507156123421,984.1893500429281
339.9507156123421,984.2022781311678
339.9507156123421,984.2927240762335
316.38261335183097,1072.187701010195
339.9507156123421,984.4522130788889
316.38261335183097,1072.3586175394132
339.9507156123421,984.4907607967986
339.9507156123421,984.4952331186839
316.38261335183097,1072.3990920037763
316.38261335183097,1072.4295101699408
339.9507156123421,984.5487795592855
339.9507156123421,984.6056998237448
339.9507156123421,984.6112232817321
339.9507156123421,984.622964595934
316.38261335183097,1072.513724933921
339.9507156123421,984.6291247424181
339.9507156123421,984.6710038058961
316.38261335183097,1072.575058020926
339.9507156123421,984.6911576714826
339.9507156123421,984.7138691275593
339.9507156123421,984.742185185164
316.38261335183097,1072.657303197743
339.9507156123421,984.7913845126492
339.9507156123421,984.7956450952692
339.9507156123421,984.8002224574022
339.9507156123421,984.8324777330854
316.38261335183097,1072.7317092527803
339.9507156123421,984.8504116077253
339.9507156123421,984.8609440481791
339.9507156123421,984.8873094458488
316.38261335183097,1072.8111477196562
316.38261335183097,1072.816891029173
316.38261335183097,1072.858006836763
339.9507156123421,984.9920594656355
339.9507156123421,985.0021763947512
339.9507156123421,985.0243647830337
339.9507156123421,985.0345896878628
339.9507156123421,985.039921985199
339.9507156123421,985.047797066161
316.38261335183097,1072.9398869979084
339.9507156123421,985.0563313291124
339.9507156123421,985.0908542630247
316.38261335183097,1073.004195769416
339.9507156123421,985.1194183086768
316.38261335183097,1073.042518605999
316.38261335183097,1073.0461878165854
316.38261335183097,1073.0590775780774
339.9507156123421,985.1874880317071
339.9507156123421,985.2080275544861
339.9507156123421,985.225391697608
339.9507156123421,985.3019420199239
339.9507156123421,985.3109251055937
339.9507156123421,985.353868588807
339.9507156123421,985.3614537526604
339.9507156123421,985.3788263253361
339.9507156123421,985.3833540015793
339.9507156123421,985.3873848357248
339.9507156123421,985.3881976791067
316.38261335183097,1073.275186739085
339.9507156123421,985.3946170622752
339.9507156123421,985.3997050548974
316.38261335183097,1073.2874291988014
339.9507156123421,985.4182948829098
339.9507156123421,985.4253000847687
339.9507156123421,985.4305681404969
316.38261335183097,1073.3345532025878
339.9507156123421,985.4671221931951
339.9507156123421,985.4686741703927
339.9507156123421,985.4937057827449
339.9507156123421,985.5084191899225
339.9507156123421,985.522385874679
316.38261335183097,1073.4120557362492
316.38261335183097,1073.4203261164519
339.9507156123421,985.5501684781048
316.38261335183097,1073.4606627137493
339.9507156123421,985.6115889664429
316.38261335183097,1073.5213095160234
316.38261335183097,1073.5529258336603
316.38261335183097,1073.5619295843692
316.38261335183097,1073.5715949716234
339.9507156123421,985.7004267055452
339.9507156123421,985.7083244544243
339.9507156123421,985.757226338063
339.9507156123421,985.7632852061358
316.38261335183097,1073.7183777548419
316.38261335183097,1073.7276577720456
339.9507156123421,985.8678795805016
316.38261335183097,1073.7720884566636
316.38261335183097,1073.7929269681854
339.9507156123421,985.9274555082757
339.9507156123421,985.9316282024945
339.9507156123421,985.9338383385066
339.9507156123421,985.9366498776783
339.9507156123421,985.9411838217492
316.38261335183097,1073.8307926229172
316.38261335183097,1073.843289527708
316.38261335183097,1073.849457583661
339.9507156123421,985.9991423206579
339.9507156123421,986.0213673112269
316.38261335183097,1073.9111101719739
339.9507156123421,986.0296472738343
339.9507156123421,986.095521962894
339.9507156123421,986.1590195181933
316.38261335183097,1074.0479083050975
316.38261335183097,1074.0710096998114
316.38261335183097,1074.081772457823
339.9507156123421,986.2496332485205
316.38261335183097,1074.1557540849524
339.9507156123421,986.2750385574479
339.9507156123421,986.2911678619736
339.9507156123421,986.3154978374237
339.9507156123421,986.3168452324065
316.38261335183097,1074.2116034788505
316.38261335183097,1074.2430991519793
339.9507156123421,986.3595797954016
316.38261335183097,1074.2563056837369
339.9507156123421,986.3957243314057
339.9507156123421,986.4086776490512
339.9507156123421,986.410845960254
339.9507156123421,986.4250556151371
339.9507156123421,986.4398973444584
316.38261335183097,1074.3284469532027
339.9507156123421,986.4633586620123
316.38261335183097,1074.3515470785112
339.9507156123421,986.4673086556138
339.9507156123421,986.4727177041489
316.38261335183097,1074.397517932422
339.9507156123421,986.52704337093
316.38261335183097,1074.420325895566
316.38261335183097,1074.428787991142
339.9507156123421,986.5446226869478
339.9507156123421,986.5511918865678
316.38261335183097,1074.451902366991
339.9507156123421,986.5808563052528
316.38261335183097,1074.4852520305928
339.9507156123421,986.6093221514456
339.9507156123421,986.6099266690992
339.9507156123421,986.610060678637
339.9507156123421,986.6227270084983
339.9507156123421,986.6272141561034
339.9507156123421,986.6345600897605
339.9507156123421,986.6584881746131
339.9507156123421,986.6792690942909
339.9507156123421,986.6811123490992
339.9507156123421,986.7164740277939
339.9507156123421,986.7167277363458
316.38261335183097,1074.6402114525
339.9507156123421,986.7603469321679
339.9507156123421,986.764674124955
339.9507156123421,986.7731904317056
339.9507156123421,986.7913622356858
339.9507156123421,986.7981111380409
339.9507156123421,986.8169709067347
339.9507156123421,986.8202995263233
316.38261335183097,1074.7142157227102
339.9507156123421,986.8357705772919
339.9507156123421,986.8437318094507
339.9507156123421,986.8589457785337
339.9507156123421,986.8629103027881
339.9507156123421,986.9228301012748
339.9507156123421,986.934671460221
339.9507156123421,986.9490543336002
339.9507156123421,986.9514500485241
339.9507156123421,986.9525614021262
316.38261335183097,1074.839704853528
316.38261335183097,1074.8549196660076
339.9507156123421,986.9806895394754
316.38261335183097,1074.9179260024273
316.38261335183097,1074.9186484013692
339.9507156123421,987.0656108757682
339.9507156123421,987.0750454348902
339.9507156123421,987.0838593159958
316.38261335183097,1074.989346097052
316.38261335183097,1075.0199137582201
316.38261335183097,1075.0247328410862
316.38261335183097,1075.025912701067
339.9507156123421,987.1469504176891
339.9507156123421,987.1934669418563
339.9507156123421,987.1986779606883
339.9507156123421,987.2082058241792
339.9507156123421,987.2265028837866
339.9507156123421,987.2593416309161
339.9507156123421,987.2666451571323
316.38261335183097,1075.184238365236
339.9507156123421,987.3125809255511
339.9507156123421,987.3289119327446
339.9507156123421,987.3298036528311
339.9507156123421,987.3421739138963
339.9507156123421,987.4041612648707
339.9507156123421,987.4099687461369
339.9507156123421,987.4369026103619
316.38261335183097,1075.329765128155
339.9507156123421,987.4556888150731
339.9507156123421,987.4890356259657
339.9507156123421,987.490878880774
339.9507156123421,987.5162687842204
339.9507156123421,987.5374066170357
316.38261335183097,1075.4625077231642
316.38261335183097,1075.5005584941503
339.9507156123421,987.6199019340793
339.9507156123421,987.6417421440318
339.9507156123421,987.6437427953147
339.9507156123421,987.6528083309281
316.38261335183097,1075.5421089870783
339.9507156123421,987.6587732784267
316.38261335183097,1075.5548396774152
339.9507156123421,987.6778130313444
339.9507156123421,987.6818143024642
339.9507156123421,987.6881008334497
339.9507156123421,987.737032413842
339.9507156123421,987.7413592771228
339.9507156123421,987.742442755442
316.38261335183097,1075.6343244439615
339.9507156123421,987.7514770694366
339.9507156123421,987.7533203242449
339.9507156123421,987.7672915146333
339.9507156123421,987.7852904675794
339.9507156123421,987.7909103972928
339.9507156123421,987.7985907218626
316.38261335183097,1075.6864654248088
339.9507156123421,987.8246410798331
339.9507156123421,987.8316526504727
339.9507156123421,987.8319870134902
339.9507156123421,987.833248290403
339.9507156123421,987.8400383998443
339.9507156123421,987.8914208811024
339.9507156123421,987.8932641359106
339.9507156123421,987.9083969055148
339.9507156123421,987.9186418076806
316.38261335183097,1075.8123972146218
339.9507156123421,987.9259877413377
339.9507156123421,987.9377244605378
339.9507156123421,987.938057471184
316.38261335183097,1075.8441050445076
339.9507156123421,987.9577738558976
339.9507156123421,987.9604364765637
339.9507156123421,987.9640447419717
339.9507156123421,987.9751045030404
339.9507156123421,987.9834749774693
339.9507156123421,987.9876960785559
339.9507156123421,987.9881466834044
339.9507156123421,987.9887891594155
339.9507156123421,987.9899899382126
339.9507156123421,987.9948139610464
339.9507156123421,987.9948842081857
339.9507156123421,988.0071734692805
339.9507156123421,988.0517745837451
316.38261335183097,1075.9505113921157
339.9507156123421,988.0810914592774
339.9507156123421,988.0827898872631
316.38261335183097,1075.9872291917686
339.9507156123421,988.1316388705943
339.9507156123421,988.1519404455711
339.9507156123421,988.1542069632259
339.9507156123421,988.1680136341482
316.38261335183097,1076.058764032262
316.38261335183097,1076.0690999807475
339.9507156123421,988.2076087631891
339.9507156123421,988.2559980658733
339.9507156123421,988.3010658010014
339.9507156123421,988.336761220519
339.9507156123421,988.3369544036439
339.9507156123421,988.3447127671373
339.9507156123421,988.3534388788423
339.9507156123421,988.3542644449551
339.9507156123421,988.3590464968958
316.38261335183097,1076.270575846948
339.9507156123421,988.3986822828095
339.9507156123421,988.4057354964007
339.9507156123421,988.414381889042
339.9507156123421,988.4214520859824
339.9507156123421,988.4248836147538
339.9507156123421,988.431162672636
339.9507156123421,988.4575452929089
339.9507156123421,988.4591475599775
339.9507156123421,988.4886844719281
339.9507156123421,988.5263388564744
339.9507156123421,988.5536239785673
339.9507156123421,988.5543257007078
316.38261335183097,1076.4435563650902
339.9507156123421,988.5646442504396
316.38261335183097,1076.4548716810716
316.38261335183097,1076.468790765925
339.9507156123421,988.5882030257544
339.9507156123421,988.6032816262992
339.9507156123421,988.603630066443
339.9507156123421,988.6113239035531
339.9507156123421,988.6139214448415
339.9507156123421,988.6158725261595
339.9507156123421,988.6203395843219
339.9507156123421,988.6407194403129
339.9507156123421,988.6510515030097
339.9507156123421,988.6787590268525
339.9507156123421,988.6860677195807
339.9507156123421,988.6931939222958
339.9507156123421,988.7151094995367
339.9507156123421,988.7225214773188
339.9507156123421,988.7401506234633
339.9507156123421,988.7426532898397
339.9507156123421,988.7479089869566
339.9507156123421,988.7487928279819
339.9507156123421,988.7702030082385
339.9507156123421,988.7908104041039
339.9507156123421,988.8142404516204
339.9507156123421,988.8160722140043
339.9507156123421,988.8184679289282
339.9507156123421,988.8201379591269
339.9507156123421,988.8515217396898
339.9507156123421,988.8762707200162
339.9507156123421,988.8879771968033
339.9507156123421,988.8885700166467
339.9507156123421,988.8903729117271
339.9507156123421,988.9396666205898
316.38261335183097,1076.8380044325568
316.38261335183097,1076.874010934227
339.9507156123421,988.9883373210224
339.9507156123421,988.9906296119832
339.9507156123421,989.0306752141328
339.9507156123421,989.0326444517094
339.9507156123421,989.0401524256955
339.9507156123421,989.0546746040736
339.9507156123421,989.06311887805
339.9507156123421,989.0667355431681
339.9507156123421,989.0687312475637
339.9507156123421,989.0823380488699
339.9507156123421,989.0979280831995
339.9507156123421,989.0997713380077
339.9507156123421,989.1045621061858
316.38261335183097,1076.9964722216466
339.9507156123421,989.118912454208
339.9507156123421,989.1246759419803
339.9507156123421,989.1376008238914
339.9507156123421,989.1591222048651
339.9507156123421,989.1687584359157
339.9507156123421,989.1725882633751
339.9507156123421,989.1896101498908
339.9507156123421,989.1914531751597
339.9507156123421,989.1923111319153
339.9507156123421,989.1959298131487
316.38261335183097,1077.0875513044914
316.38261335183097,1077.088772322643
339.9507156123421,989.2197027363965
339.9507156123421,989.2249968939249
339.9507156123421,989.2327512024548
339.9507156123421,989.2515037887541
339.9507156123421,989.2558471992828
339.9507156123421,989.2661959859458
339.9507156123421,989.2678347959477
339.9507156123421,989.2687265160341
339.9507156123421,989.2693140656771
316.38261335183097,1077.1586920788282
339.9507156123421,989.27845680403
339.9507156123421,989.2863118597628
339.9507156123421,989.3031243286752
339.9507156123421,989.3054057237285
316.38261335183097,1077.1998186144851
339.9507156123421,989.3186396703541
339.9507156123421,989.3336780640269
339.9507156123421,989.3466024759613
339.9507156123421,989.3565054525177
339.9507156123421,989.3579560414385
339.9507156123421,989.3654405578778
339.9507156123421,989.3717921600256
339.9507156123421,989.3744510382301
339.9507156123421,989.375825473565
339.9507156123421,989.4018893638288
339.9507156123421,989.4102157851811
339.9507156123421,989.4118761873121
339.9507156123421,989.4231916671494
339.9507156123421,989.4375907361247
339.9507156123421,989.4411613565632
316.38261335183097,1077.3370756679874
339.9507156123421,989.4594412857253
339.9507156123421,989.4757963972411
339.9507156123421,989.4841974123104
339.9507156123421,989.4915602512108
339.9507156123421,989.4988009012711
339.9507156123421,989.5119910094614
339.9507156123421,989.5123987627325
339.9507156123421,989.5174013966237
316.38261335183097,1077.428172986215
339.9507156123421,989.5448309117485
339.9507156123421,989.5527479557633
339.9507156123421,989.5550293508167
339.9507156123421,989.5634652340096
339.9507156123421,989.5688204980778
339.9507156123421,989.6084031514291
339.9507156123421,989.6141780581651
339.9507156123421,989.6167358945474
339.9507156123421,989.620338204649
339.9507156123421,989.6650929184057
339.9507156123421,989.675701711983
339.9507156123421,989.6815773936041
339.9507156123421,989.6903999326397
339.9507156123421,989.692243187448
339.9507156123421,989.6978901002655
339.9507156123421,989.7018282270014
339.9507156123421,989.7050825897902
339.9507156123421,989.7213223833928
339.9507156123421,989.7230366986771
339.9507156123421,989.7286057869695
339.9507156123421,989.7288537675098
339.9507156123421,989.7300186138428
339.9507156123421,989.7338740111625
339.9507156123421,989.7358577022424
339.9507156123421,989.7442996217096
339.9507156123421,989.7538957852269
339.9507156123421,989.7608329028049
339.9507156123421,989.7637477177343
339.9507156123421,989.7671322091528
316.38261335183097,1077.6584506488268
339.9507156123421,989.7762983900692
339.9507156123421,989.7789612630473
339.9507156123421,989.7872480551023
339.9507156123421,989.7944901266396
339.9507156123421,989.7950064185957
339.9507156123421,989.8033054053931
339.9507156123421,989.8110637688865
339.9507156123421,989.813256888956
339.9507156123421,989.8168229866899
339.9507156123421,989.8170395572225
339.9507156123421,989.8256215684203
339.9507156123421,989.85215751041
339.9507156123421,989.8583394124763
339.9507156123421,989.8661657103402
339.9507156123421,989.8769803343871
316.38261335183097,1077.8019024730079
339.9507156123421,989.920209333743
339.9507156123421,989.9223978406724
339.9507156123421,989.9298743730511
339.9507156123421,989.9301814476986
339.9507156123421,989.9319153295893
339.9507156123421,989.9320247025069
339.9507156123421,989.946905507446
339.9507156123421,989.9507367692108
316.38261335183097,1077.8456602002877
339.9507156123421,989.9619812912708
339.9507156123421,990.0051975834399
339.9507156123421,990.0068975416143
316.38261335183097,1077.8954583796196
339.9507156123421,990.0200143224805
339.9507156123421,990.02122484363
339.9507156123421,990.0336447747819
339.9507156123421,990.0374824948962
339.9507156123421,990.0710460771904
339.9507156123421,990.0752021705247
339.9507156123421,990.0759174023722
339.9507156123421,990.0790426263121
339.9507156123421,990.0801750221262
339.9507156123421,990.0921589556408
339.9507156123421,990.0931298264289
339.9507156123421,990.1002342999809
339.9507156123421,990.1040934577287
316.38261335183097,1078.0000421943116
339.9507156123421,990.125324056658
339.9507156123421,990.1330824201514
339.9507156123421,990.1445706370992
339.9507156123421,990.1649937133914
339.9507156123421,990.1784012010799
339.9507156123421,990.1787014939381
316.38261335183097,1078.0772286514002
339.9507156123421,990.1965291345341
339.9507156123421,990.199546298326
339.9507156123421,990.2029365150053
339.9507156123421,990.2463693297854
339.9507156123421,990.2565886754085
339.9507156123421,990.2580342055776
339.9507156123421,990.2639346090656
339.9507156123421,990.2758772668469
339.9507156123421,990.2762789124237
339.9507156123421,990.2781221672319
339.9507156123421,990.2836356303403
339.9507156123421,990.2919014951578
339.9507156123421,990.2923617420454
316.38261335183097,1078.1887391279083
339.9507156123421,990.3107456049872
339.9507156123421,990.3315562463089
339.9507156123421,990.3375449725442
339.9507156123421,990.3398263675977
316.38261335183097,1078.2353607625307
339.9507156123421,990.3533047522451
339.9507156123421,990.3611081645103
339.9507156123421,990.3638064779568
339.9507156123421,990.3657424228696
339.9507156123421,990.3683278332024
339.9507156123421,990.3790954654722
339.9507156123421,990.3805091886321
339.9507156123421,990.385813298109
339.9507156123421,990.389721451473
339.9507156123421,990.3981021038654
339.9507156123421,990.3993435872925
339.9507156123421,990.3994495430999
339.9507156123421,990.4007305857374
339.9507156123421,990.4012927979082
339.9507156123421,990.4207367549909
339.9507156123421,990.4276073351311
339.9507156123421,990.4351614543524
339.9507156123421,990.4374428494058
339.9507156123421,990.4399664821356
339.9507156123421,990.4503802803691
339.9507156123421,990.4532741230125
339.9507156123421,990.4594591366639
339.9507156123421,990.4652617196774
339.9507156123421,990.4916461920011
339.9507156123421,990.5134055309697
339.9507156123421,990.523451903203
339.9507156123421,990.5364134186977
339.9507156123421,990.5460850257504
339.9507156123421,990.54727485086
339.9507156123421,990.5492347441893
339.9507156123421,990.5540642826213
339.9507156123421,990.5553829651682
339.9507156123421,990.5592624475249
339.9507156123421,990.5594961943715
339.9507156123421,990.5755535446623
339.9507156123421,990.5881441818113
339.9507156123421,990.593086267304
339.9507156123421,990.6046457885756
339.9507156123421,990.6150897233834
339.9507156123421,990.6159179297168
339.9507156123421,990.6176818900556
339.9507156123421,990.6211333741057
339.9507156123421,990.6249905827838
339.9507156123421,990.6288917375991
339.9507156123421,990.6319752800076
339.9507156123421,990.6394006137718
339.9507156123421,990.6457924534227
339.9507156123421,990.6471787259151
339.9507156123421,990.6493836930157
339.9507156123421,990.658208455513
339.9507156123421,990.6592862086924
339.9507156123421,990.659477501339
339.9507156123421,990.6614397992187
339.9507156123421,990.6700544456695
339.9507156123421,990.688915564631
339.9507156123421,990.7176153703117
339.9507156123421,990.7233185786101
339.9507156123421,990.7379458129833
339.9507156123421,990.7531633148235
339.9507156123421,990.7575573056677
339.9507156123421,990.7806140554542
339.9507156123421,990.7895016020193
339.9507156123421,990.7904446028929
339.9507156123421,990.8247402288015
339.9507156123421,990.8312626480678
339.9507156123421,990.8360871689852
339.9507156123421,990.8502156765866
339.9507156123421,990.8542694156637
316.38261335183097,1078.7453565473095
316.38261335183097,1078.766579579663
339.9507156123421,990.8832830047733
316.38261335183097,1078.776248204841
339.9507156123421,990.8914893578121
339.9507156123421,990.8975721959272
339.9507156123421,990.9250262149808
339.9507156123421,990.9385391917191
339.9507156123421,990.939183732029
339.9507156123421,990.9529048011922
339.9507156123421,990.9539939312725
339.9507156123421,990.9543371687739
339.9507156123421,990.9582864520497
339.9507156123421,990.9673215753105
339.9507156123421,990.9710345123416
339.9507156123421,990.9711162293289
339.9507156123421,990.9715673149125
339.9507156123421,990.9813261513151
339.9507156123421,990.9938207627084
339.9507156123421,991.003241728556
339.9507156123421,991.0149087521669
316.38261335183097,1078.9022245857307
339.9507156123421,991.0269676906366
339.9507156123421,991.0280499578512
339.9507156123421,991.047219049635
339.9507156123421,991.0481254061161
339.9507156123421,991.0492369227023
339.9507156123421,991.0562878736594
339.9507156123421,991.0610075586886
339.9507156123421,991.0623543627054
339.9507156123421,991.065624748825
339.9507156123421,991.0784125173742
339.9507156123421,991.0789426331232
339.9507156123421,991.083195946971
339.9507156123421,991.0934208518001
339.9507156123421,991.1066282300984
339.9507156123421,991.1076812991188
339.9507156123421,991.1147783488565
339.9507156123421,991.1151624930498
339.9507156123421,991.1226286414014
339.9507156123421,991.1458481677141
339.9507156123421,991.149685426962
339.9507156123421,991.1716740656578
339.9507156123421,991.179012981985
339.9507156123421,991.1892393443236
339.9507156123421,991.2046619582948
339.9507156123421,991.2074734974665
339.9507156123421,991.2113488299714
339.9507156123421,991.2130674130935
339.9507156123421,991.2167786122449
339.9507156123421,991.2243129138536
316.38261335183097,1079.1166285424977
339.9507156123421,991.2310716985115
339.9507156123421,991.2320343595122
339.9507156123421,991.2575625335571
339.9507156123421,991.2601468120439
339.9507156123421,991.2699659404461
339.9507156123421,991.2733443261018
339.9507156123421,991.2764695500417
339.9507156123421,991.280370647785
339.9507156123421,991.2918581594657
339.9507156123421,991.2946806689766
316.38261335183097,1079.1937409973993
339.9507156123421,991.3227463035304
339.9507156123421,991.325072426359
339.9507156123421,991.3301713511894
339.9507156123421,991.3512511070693
339.9507156123421,991.3567224239106
339.9507156123421,991.362420637121
339.9507156123421,991.3673450539493
339.9507156123421,991.3704702778892
339.9507156123421,991.38720735962
339.9507156123421,991.3929068479302
339.9507156123421,991.393381513375
339.9507156123421,991.4202849165978
339.9507156123421,991.4238077493092
339.9507156123421,991.4238904164158
316.38261335183097,1079.3136048339886
339.9507156123421,991.4377237644742
339.9507156123421,991.4498032487203
339.9507156123421,991.4534482262126
339.9507156123421,991.4564213649685
339.9507156123421,991.4626228097081
339.9507156123421,991.468465624964
339.9507156123421,991.4720193903828
339.9507156123421,991.479585404179
339.9507156123421,991.4805963271089
339.9507156123421,991.4836510112511
339.9507156123421,991.4878417241065
339.9507156123421,991.4893993044343
339.9507156123421,991.499358303974
339.9507156123421,991.5128840603284
339.9507156123421,991.5213721441128
339.9507156123421,991.5225882555148
316.38261335183097,1079.4167123422728
339.9507156123421,991.5574462946964
339.9507156123421,991.5619914817618
316.38261335183097,1079.460843460149
316.38261335183097,1079.4620872088874
339.9507156123421,991.6146245751861
339.9507156123421,991.6152362325878
339.9507156123421,991.6242587274907
339.9507156123421,991.6368129634685
339.9507156123421,991.6390664324446
339.9507156123421,991.6602452465959
339.9507156123421,991.6616408237458
339.9507156123421,991.6625320671806
339.9507156123421,991.6652199214695
339.9507156123421,991.6806169253726
339.9507156123421,991.6974590851572
339.9507156123421,991.6996235637658
316.38261335183097,1079.5882849816862
339.9507156123421,991.7026705809374
339.9507156123421,991.7233362085001
339.9507156123421,991.725722965144
339.9507156123421,991.7325244846179
339.9507156123421,991.7334129898427
339.9507156123421,991.7366829142528
339.9507156123421,991.736966206846
339.9507156123421,991.7592578694826
339.9507156123421,991.7620912762349
339.9507156123421,991.7671556183617
339.9507156123421,991.7888662373866
339.9507156123421,991.7973881534532
316.38261335183097,1079.6865845440595
339.9507156123421,991.8209526903082
339.9507156123421,991.8249733631034
339.9507156123421,991.8295953702338
339.9507156123421,991.8298930888978
339.9507156123421,991.8569044250686
339.9507156123421,991.8602981002731
339.9507156123421,991.8801457712337
339.9507156123421,991.9089599687267
339.9507156123421,991.910803223535
339.9507156123421,991.9493387123762
339.9507156123421,991.9500927140791
339.9507156123421,991.9509051529161
339.9507156123421,991.9519359688874
316.38261335183097,1079.8456786600323
339.9507156123421,991.9608076685928
339.9507156123421,991.9847347474596
339.9507156123421,991.9896306326332
339.9507156123421,992.0087243300527
339.9507156123421,992.0181508428622
339.9507156123421,992.01815886124
339.9507156123421,992.0430163209318
339.9507156123421,992.056502091303
339.9507156123421,992.062185855474
339.9507156123421,992.0644306190885
339.9507156123421,992.0689347578291
339.9507156123421,992.0911231461115
339.9507156123421,992.1065941970801
339.9507156123421,992.1080251762106
339.9507156123421,992.1145554292389
316.38261335183097,1080.0127106333769
339.9507156123421,992.1262616887019
339.9507156123421,992.1297693983219
316.38261335183097,1080.01656340617
316.38261335183097,1080.040476509326
339.9507156123421,992.1569567566031
339.9507156123421,992.1675305398629
339.9507156123421,992.1692356466452
339.9507156123421,992.169380189886
339.9507156123421,992.1748421169129
339.9507156123421,992.201597505508
339.9507156123421,992.2020521691011
339.9507156123421,992.2201075416814
339.9507156123421,992.2233850219144
339.9507156123421,992.2404721680826
339.9507156123421,992.2414733374872
339.9507156123421,992.2466323145666
339.9507156123421,992.2511445314003
339.9507156123421,992.2531726331641
339.9507156123421,992.2759352860713
339.9507156123421,992.2932169745668
339.9507156123421,992.295060229375
339.9507156123421,992.3165698280609
339.9507156123421,992.3244669296142
339.9507156123421,992.3256147239155
339.9507156123421,992.3313766997078
339.9507156123421,992.3514733827275
339.9507156123421,992.3552575558454
339.9507156123421,992.3568822011532
339.9507156123421,992.3576488032987
339.9507156123421,992.3788893453386
339.9507156123421,992.3895815834036
339.9507156123421,992.4087093288077
339.9507156123421,992.4147383038074
339.9507156123421,992.4190038169742
339.9507156123421,992.4277425348606
339.9507156123421,992.4381041538887
339.9507156123421,992.4500191204921
339.9507156123421,992.4784516203276
339.9507156123421,992.4876785273453
339.9507156123421,992.4910687440246
339.9507156123421,992.4927980441197
339.9507156123421,992.4973265035748
339.9507156123421,992.5418329804688
339.9507156123421,992.5453505786545
339.9507156123421,992.5565701533964
339.9507156123421,992.5632296260077
339.9507156123421,992.5718647883322
339.9507156123421,992.5754477824577
316.38261335183097,1080.4647093396093
339.9507156123421,992.5933796193661
339.9507156123421,992.5995221296153
339.9507156123421,992.6129975336845
316.38261335183097,1080.5170344549956
339.9507156123421,992.6383133961594
339.9507156123421,992.6420577531463
339.9507156123421,992.6517267568628
339.9507156123421,992.6655189953455
339.9507156123421,992.6668818785405
339.9507156123421,992.6756006246205
339.9507156123421,992.6759224086344
339.9507156123421,992.6845530200189
339.9507156123421,992.702347370957
339.9507156123421,992.7273897071786
339.9507156123421,992.7305620629343
339.9507156123421,992.7358777909632
339.9507156123421,992.7378164033898
339.9507156123421,992.7562678734291
339.9507156123421,992.7606592667374
339.9507156123421,992.7624205150511
339.9507156123421,992.7735408502832
339.9507156123421,992.7753051917313
316.38261335183097,1080.673265424694
339.9507156123421,992.7940364772104
339.9507156123421,992.7963178722639
339.9507156123421,992.7996883106022
339.9507156123421,992.8049956038557
339.9507156123421,992.8082302368239
339.9507156123421,992.8413764287435
339.9507156123421,992.8421965116406
339.9507156123421,992.8685895149112
339.9507156123421,992.8690392692777
339.9507156123421,992.8852217185879
339.9507156123421,992.893985571041
339.9507156123421,992.8972093152528
339.9507156123421,992.9145664151029
339.9507156123421,992.9561217941722
339.9507156123421,992.9581866746888
339.9507156123421,992.9658905538397
339.9507156123421,992.977991945227
339.9507156123421,992.9816612652122
339.9507156123421,992.9873305607435
339.9507156123421,992.9875688175509
339.9507156123421,993.012182896911
339.9507156123421,993.0278829516051
339.9507156123421,993.0341858744407
339.9507156123421,993.0384876667464
339.9507156123421,993.0446615399081
339.9507156123421,993.0503300240871
339.9507156123421,993.0635134294637
339.9507156123421,993.0694143416508
316.38261335183097,1080.9575528862695
339.9507156123421,993.0811617217474
339.9507156123421,993.084568040431
339.9507156123421,993.0857018177461
339.9507156123421,993.0902297909967
339.9507156123421,993.1029265825031
339.9507156123421,993.1091341008735
339.9507156123421,993.1383479056059
339.9507156123421,993.1424458200798
339.9507156123421,993.1557014754479
339.9507156123421,993.1901273509994
339.9507156123421,993.1968383854543
339.9507156123421,993.2038008337552
339.9507156123421,993.2269029680558
339.9507156123421,993.2282432732306
339.9507156123421,993.2312600963519
339.9507156123421,993.2348683617599
339.9507156123421,993.2400623018879
339.9507156123421,993.2596127792037
339.9507156123421,993.2875096396658
339.9507156123421,993.2994250308009
339.9507156123421,993.3014173155633
339.9507156123421,993.3084943594077
339.9507156123421,993.3102026741533
339.9507156123421,993.348143261217
339.9507156123421,993.3491397877079
339.9507156123421,993.3518886621345
339.9507156123421,993.3536135070513
316.38261335183097,1081.2437343380223
339.9507156123421,993.3628132796189
339.9507156123421,993.3713281759904
339.9507156123421,993.3815530808195
339.9507156123421,993.3947604591177
339.9507156123421,993.3954829905068
339.9507156123421,993.3971089055275
339.9507156123421,993.4032947220691
316.38261335183097,1081.311444851536
339.9507156123421,993.4330828069005
339.9507156123421,993.4350698162172
339.9507156123421,993.4378176559813
339.9507156123421,993.449567282099
339.9507156123421,993.4505995568937
339.9507156123421,993.4615111187179
339.9507156123421,993.4880870728828
339.9507156123421,993.4886555903248
339.9507156123421,993.4919051752094
339.9507156123421,993.4965121357417
316.38261335183097,1081.4132369070257
339.9507156123421,993.5392037545809
339.9507156123421,993.5446002847413
339.9507156123421,993.5489003064572
339.9507156123421,993.549547251929
339.9507156123421,993.5598263012414
316.38261335183097,1081.448778771624
339.9507156123421,993.5697632026958
339.9507156123421,993.5743843568396
339.9507156123421,993.5792830461621
339.9507156123421,993.5848128751848
339.9507156123421,993.6005266893645
339.9507156123421,993.6299222261243
339.9507156123421,993.6429010343047
339.9507156123421,993.6535410929919
339.9507156123421,993.6630192940869
339.9507156123421,993.6818812413347
339.9507156123421,993.7010141394379
339.9507156123421,993.7012926337768
339.9507156123421,993.7019862924242
339.9507156123421,993.7025144451574
339.9507156123421,993.7052919216771
339.9507156123421,993.7084171456171
339.9507156123421,993.7136777429273
339.9507156123421,993.7415804552319
339.9507156123421,993.753602406788
339.9507156123421,993.7667912232884
339.9507156123421,993.7733964871394
339.9507156123421,993.7748874301092
339.9507156123421,993.7775315334536
339.9507156123421,993.7811548506328
339.9507156123421,993.7943682326963
316.38261335183097,1081.686887319075
339.9507156123421,993.8111837588947
339.9507156123421,993.8647510859081
339.9507156123421,993.8663076513349
339.9507156123421,993.8821475233412
339.9507156123421,993.8990586668693
339.9507156123421,993.911543060101
339.9507156123421,993.9476471932558
316.38261335183097,1081.8934624487633
339.9507156123421,994.0141939574526
339.9507156123421,994.0473900985019
339.9507156123421,994.055287847381
316.38261335183097,1081.9520943743482
339.9507156123421,994.0955579371108
339.9507156123421,994.1206590236561
339.9507156123421,994.1470943398044
339.9507156123421,994.1705607291782
339.9507156123421,994.1798277131663
339.9507156123421,994.1803962006902
339.9507156123421,994.1857628046902
339.9507156123421,994.1900673946034
339.9507156123421,994.288852020644
339.9507156123421,994.2941891078684
339.9507156123421,994.2990736872814
339.9507156123421,994.3008202545732
339.9507156123421,994.3446233180224
339.9507156123421,994.3465893020579
316.38261335183097,1082.2710716718864
339.9507156123421,994.3860895003314
339.9507156123421,994.4397132919128
339.9507156123421,994.4685064977966
339.9507156123421,994.537019605734
339.9507156123421,994.5456446264087
339.9507156123421,994.5657670710364
339.9507156123421,994.6020663617539
316.38261335183097,1082.5135590197485
339.9507156123421,994.6986303654279
316.38261335183097,1082.613953123862
339.9507156123421,994.7678358773868
316.38261335183097,1082.669624794329
339.9507156123421,994.8138886549274
339.9507156123421,994.8299460052182
316.38261335183097,1082.75436917947
339.9507156123421,994.8906185298963
339.9507156123421,994.9359165381939
339.9507156123421,994.9418859739819
339.9507156123421,994.9524010133923
316.38261335183097,1082.9332403629578
339.9507156123421,995.0634374207506
339.9507156123421,995.0876466064781
339.9507156123421,995.0989835896329
316.38261335183097,1083.0277568002036
339.9507156123421,995.1519646564831
339.9507156123421,995.1922518203291
339.9507156123421,995.1984119668131
339.9507156123421,995.2697934942315
339.9507156123421,995.2777211614025
316.38261335183097,1083.1644307909733
339.9507156123421,995.2831563519543
339.9507156123421,995.3710579197691
316.38261335183097,1083.2607016600139
339.9507156123421,995.3742615115349
339.9507156123421,995.4137451054695
339.9507156123421,995.4153942568873
339.9507156123421,995.4302312725741
339.9507156123421,995.4430361112632
339.9507156123421,995.4538462211025
339.9507156123421,995.576232560561
339.9507156123421,995.5989373247461
339.9507156123421,995.6005951471819
339.9507156123421,995.617938892914
339.9507156123421,995.6477739739308
339.9507156123421,995.6526006061304
339.9507156123421,995.6602923384214
339.9507156123421,995.680071154805
339.9507156123421,995.6915603747791
339.9507156123421,995.7070152039332
339.9507156123421,995.7090640703386
339.9507156123421,995.7212039001573
339.9507156123421,995.7403633961565
339.9507156123421,995.7429363485503
339.9507156123421,995.7567752561022
339.9507156123421,995.758518517375
339.9507156123421,995.8072370384859
339.9507156123421,995.8825471524691
339.9507156123421,995.8859133431716
339.9507156123421,995.9235246774568
339.9507156123421,995.9412964868737
339.9507156123421,995.9602372981531
339.9507156123421,995.9808479020326
339.9507156123421,996.064328160645
339.9507156123421,996.0656679106156
339.9507156123421,996.1069107887733
339.9507156123421,996.1444525325066
316.38261335183097,1084.0335624756806
339.9507156123421,996.1523584271871
316.38261335183097,1084.039262726119
339.9507156123421,996.180609688851
339.9507156123421,996.1861876551071
339.9507156123421,996.1952070396786
339.9507156123421,996.1967693898629
339.9507156123421,996.2112367524078
339.9507156123421,996.223888442716
339.9507156123421,996.2259097697179
339.9507156123421,996.2397080129186
339.9507156123421,996.2418581321298
316.38261335183097,1084.1408235279393
339.9507156123421,996.3934522611896
339.9507156123421,996.4054000927703
339.9507156123421,996.4068830843202
339.9507156123421,996.4090999269957
339.9507156123421,996.412069797727
339.9507156123421,996.4393403525695
316.38261335183097,1084.3626099615717
339.9507156123421,996.4915360388136
339.9507156123421,996.6070850069319
339.9507156123421,996.6074342304361
339.9507156123421,996.6528542859767
339.9507156123421,996.712386889689
339.9507156123421,996.7229909163024
339.9507156123421,996.7326121051559
339.9507156123421,996.8011148226886
339.9507156123421,996.8582196794915
316.38261335183097,1084.8544299206912
339.9507156123421,996.991726432512
339.9507156123421,997.100418990022
339.9507156123421,997.101489460408
339.9507156123421,997.1151190375967
316.38261335183097,1085.0189346379002
339.9507156123421,997.1444465926197
339.9507156123421,997.1558021337243
339.9507156123421,997.2000403628591
339.9507156123421,997.2029637168713
339.9507156123421,997.223802228393
339.9507156123421,997.2280208530424
339.9507156123421,997.2558351117904
339.9507156123421,997.2957112068659
339.9507156123421,997.347272934657
339.9507156123421,997.3871158186522
339.9507156123421,997.4112750367133
339.9507156123421,997.4593024653121
339.9507156123421,997.533141732848
339.9507156123421,997.5581894679113
339.9507156123421,997.5813108310208
339.9507156123421,997.5838837834146
339.9507156123421,997.6747144387124
316.38261335183097,1085.5863374899
339.9507156123421,997.7718130048955
339.9507156123421,997.7829084732542
339.9507156123421,997.7882765704992
316.38261335183097,1085.7131701721069
339.9507156123421,997.8347003708953
339.9507156123421,997.8643647895803
316.38261335183097,1085.759087621313
339.9507156123421,997.9465449432807
339.9507156123421,997.9905434664335
316.38261335183097,1085.9055777709536
316.38261335183097,1085.9805681007624
339.9507156123421,998.1250640649431
339.9507156123421,998.270899660032
339.9507156123421,998.2789387056188
339.9507156123421,998.2869570103228
316.38261335183097,1086.1822096036772
339.9507156123421,998.2995476474719
339.9507156123421,998.3443229559733
339.9507156123421,998.3480074329111
339.9507156123421,998.3491193600958
339.9507156123421,998.3610534107848
316.38261335183097,1086.2899029801104
339.9507156123421,998.4304589020167
339.9507156123421,998.6089756615877
339.9507156123421,998.718426974394
339.9507156123421,998.7274725815888
339.9507156123421,998.7594700878452
339.9507156123421,998.7606403883628
339.9507156123421,998.7617514828986
339.9507156123421,998.8000370869645
339.9507156123421,998.8501066659503
339.9507156123421,998.8571988668696
339.9507156123421,998.8597718192634
339.9507156123421,998.8669691672925
339.9507156123421,998.8824031928556
339.9507156123421,998.8842464476638
339.9507156123421,998.9219859897349
339.9507156123421,998.9352897324424
339.9507156123421,998.9357163795141
339.9507156123421,999.0875994383313
339.9507156123421,999.0910460049386
339.9507156123421,999.0954334648396
339.9507156123421,999.1047849790355
339.9507156123421,999.1228529921946
339.9507156123421,999.1424311510946
316.38261335183097,1087.030055963523
339.9507156123421,999.1721614965821
339.9507156123421,999.1882188468729
339.9507156123421,999.1947579749934
339.9507156123421,999.2388009294554
339.9507156123421,999.2435686005299
339.9507156123421,999.2791483958943
339.9507156123421,999.3370813524334
339.9507156123421,999.3372230654194
339.9507156123421,999.403251266616
339.9507156123421,999.5102374981378
339.9507156123421,999.545308012461
339.9507156123421,999.5977319986121
339.9507156123421,999.6207828535559
339.9507156123421,999.6887533900617
339.9507156123421,999.6898563491363
339.9507156123421,999.7454829111889
339.9507156123421,999.8056999532861
339.9507156123421,999.8143949520728
339.9507156123421,999.8256223872257
339.9507156123421,999.8366142146504
339.9507156123421,999.8463216969307
316.38261335183097,1087.7952413820017
339.9507156123421,1000.0060468155856
339.9507156123421,1000.0079243546598
339.9507156123421,1000.025741430796
339.9507156123421,1000.0609915477456
316.38261335183097,1087.9699711091703
339.9507156123421,1000.0951617031241
339.9507156123421,1000.1220200822003
339.9507156123421,1000.1391460005211
339.9507156123421,1000.145261323801
339.9507156123421,1000.1478681663256
339.9507156123421,1000.151421470285
339.9507156123421,1000.1635705751283
339.9507156123421,1000.1825772135215
339.9507156123421,1000.2078346236374
339.9507156123421,1000.2162088027013
339.9507156123421,1000.2196365640085
339.9507156123421,1000.2231751049173
339.9507156123421,1000.2361658554262
339.9507156123421,1000.2445939686276
339.9507156123421,1000.2869302961142
339.9507156123421,1000.2884729286683
316.38261335183097,1088.1779129789925
339.9507156123421,1000.3079270128591
339.9507156123421,1000.3247056011621
339.9507156123421,1000.3398580748243
339.9507156123421,1000.3824736565158
339.9507156123421,1000.383240776046
339.9507156123421,1000.39527765707
339.9507156123421,1000.4338588026718
339.9507156123421,1000.4437613183485
339.9507156123421,1000.4825780169014
339.9507156123421,1000.4851509692952
339.9507156123421,1000.5670709346381
339.9507156123421,1000.5814613768173
339.9507156123421,1000.5876544364951
339.9507156123421,1000.6064321308593
339.9507156123421,1000.6092153384576
339.9507156123421,1000.6115585806205
339.9507156123421,1000.634941456973
339.9507156123421,1000.6678802851949
339.9507156123421,1000.6839376354857
339.9507156123421,1000.7067001514769
339.9507156123421,1000.7097847595741
339.9507156123421,1000.7246698408907
339.9507156123421,1000.8289443677112
316.38261335183097,1088.738695456303
339.9507156123421,1000.8727198188648
339.9507156123421,1000.8872832728661
339.9507156123421,1000.8887771691556
339.9507156123421,1000.8919116357566
339.9507156123421,1000.9321141442316
339.9507156123421,1000.9418425185289
339.9507156123421,1000.9501652772819
339.9507156123421,1000.9638004270589
339.9507156123421,1000.9812840007136
339.9507156123421,1001.0059562867506
339.9507156123421,1001.0343563280427
339.9507156123421,1001.0377466960733
339.9507156123421,1001.0763332691218
339.9507156123421,1001.0832642089657
339.9507156123421,1001.1356659947376
339.9507156123421,1001.1464732818777
339.9507156123421,1001.1578002704613
339.9507156123421,1001.1771760119169
339.9507156123421,1001.2107958204205
339.9507156123421,1001.2154238139168
339.9507156123421,1001.2340210983117
339.9507156123421,1001.2564945000389
316.38261335183097,1089.19396360615
339.9507156123421,1001.3364915304038
339.9507156123421,1001.3543753684227
339.9507156123421,1001.3733639265647
339.9507156123421,1001.4085659476162
339.9507156123421,1001.4334081327762
316.38261335183097,1089.3687462889877
339.9507156123421,1001.5017656041983
339.9507156123421,1001.5214413165021
316.38261335183097,1089.4100512512666
339.9507156123421,1001.558351249131
339.9507156123421,1001.5597057167589
339.9507156123421,1001.5643709353807
339.9507156123421,1001.5808643158272
316.38261335183097,1089.474313590518
339.9507156123421,1001.6257259490561
339.9507156123421,1001.68285207162
339.9507156123421,1001.7066051378682
339.9507156123421,1001.7478866965813
339.9507156123421,1001.74898858668
316.38261335183097,1089.771523800475
339.9507156123421,1001.9022033800888
339.9507156123421,1001.9468472178629
339.9507156123421,1001.976885619081
339.9507156123421,1001.9891280787975
339.9507156123421,1002.0192252826008
339.9507156123421,1002.052755702607
339.9507156123421,1002.0641225397817
316.38261335183097,1089.979151765771
339.9507156123421,1002.105662186551
339.9507156123421,1002.113754616245
339.9507156123421,1002.1623615937453
339.9507156123421,1002.1702351620089
339.9507156123421,1002.1866287329218
339.9507156123421,1002.2111932969548
339.9507156123421,1002.2309280481408
339.9507156123421,1002.2379255158326
339.9507156123421,1002.2396884629077
339.9507156123421,1002.245683879326
339.9507156123421,1002.2504818205056
339.9507156123421,1002.2522523429237
339.9507156123421,1002.2546247136564
339.9507156123421,1002.2570480920692
339.9507156123421,1002.2636284643652
339.9507156123421,1002.298539176856
339.9507156123421,1002.322351806691
316.38261335183097,1090.2106833300911
339.9507156123421,1002.3477047356638
339.9507156123421,1002.3506686164885
316.38261335183097,1090.2937655257647
316.38261335183097,1090.2942857188727
339.9507156123421,1002.4272527895444
339.9507156123421,1002.4293566520416
339.9507156123421,1002.4559047120803
339.9507156123421,1002.4600719965063
339.9507156123421,1002.4737873366595
339.9507156123421,1002.4946258481812
316.38261335183097,1090.4035781335128
339.9507156123421,1002.5327261976469
339.9507156123421,1002.543033933396
339.9507156123421,1002.5449884077042
339.9507156123421,1002.5785115868665
339.9507156123421,1002.5887633110768
316.38261335183097,1090.4833279114023
339.9507156123421,1002.606803148398
339.9507156123421,1002.6228604986887
339.9507156123421,1002.6427147049906
339.9507156123421,1002.6535143789338
339.9507156123421,1002.6558968283231
339.9507156123421,1002.7204205242437
316.38261335183097,1090.6397146311976
339.9507156123421,1002.7665484333234
339.9507156123421,1002.7718056703997
339.9507156123421,1002.7727085798073
316.38261335183097,1090.6689176226466
339.9507156123421,1002.7834713378192
339.9507156123421,1002.8574529649485
339.9507156123421,1002.8690431500871
339.9507156123421,1002.8866411143396
339.9507156123421,1002.9448791499536
339.9507156123421,1002.9626404848015
339.9507156123421,1002.9644837396097
339.9507156123421,1003.0045278855683
339.9507156123421,1003.0101736551018
339.9507156123421,1003.0301458331986
339.9507156123421,1003.0665953904471
316.38261335183097,1090.9659005323533
316.38261335183097,1090.9771105426935
339.9507156123421,1003.122024775562
339.9507156123421,1003.1583099286192
339.9507156123421,1003.1608520478841
339.9507156123421,1003.1678367302771
339.9507156123421,1003.1769093981749
339.9507156123421,1003.1815840151836
339.9507156123421,1003.2159365785132
339.9507156123421,1003.2226684430404
339.9507156123421,1003.2481643006655
339.9507156123421,1003.3038658485436
339.9507156123421,1003.3192308684414
339.9507156123421,1003.3310718690964
339.9507156123421,1003.3400105756305
339.9507156123421,1003.341910332496
316.38261335183097,1091.2419284279692
339.9507156123421,1003.3750129649768
339.9507156123421,1003.4109648060745
339.9507156123421,1003.4159146027062
339.9507156123421,1003.4174603573653
316.38261335183097,1091.3077396769875
339.9507156123421,1003.4406884674014
339.9507156123421,1003.497274112334
339.9507156123421,1003.4989280494398
339.9507156123421,1003.5198325989314
316.38261335183097,1091.4065758160193
339.9507156123421,1003.5417232798202
316.38261335183097,1091.4332628417608
339.9507156123421,1003.5480955402182
339.9507156123421,1003.557780630111
339.9507156123421,1003.57037126726
339.9507156123421,1003.5920858393432
339.9507156123421,1003.608143189634
339.9507156123421,1003.6196248824234
339.9507156123421,1003.6255453044068
339.9507156123421,1003.6420962680658
316.38261335183097,1091.5552534332005
339.9507156123421,1003.6745776433568
339.9507156123421,1003.6779692905579
339.9507156123421,1003.6985589634255
316.38261335183097,1091.6038023715007
339.9507156123421,1003.7216126382162
339.9507156123421,1003.7574261719807
339.9507156123421,1003.7619601046551
316.38261335183097,1091.712871684242
339.9507156123421,1003.8417396371916
339.9507156123421,1003.8581140895027
339.9507156123421,1003.8650676129395
339.9507156123421,1003.8797992813759
339.9507156123421,1003.885937245232
339.9507156123421,1003.9301618408989
316.38261335183097,1091.8605387857358
339.9507156123421,1003.9947373668875
339.9507156123421,1004.0126561664099
339.9507156123421,1004.031464008151
339.9507156123421,1004.0366402523529
339.9507156123421,1004.0531306307729
339.9507156123421,1004.0713174495597
339.9507156123421,1004.0835487969375
316.38261335183097,1091.9753373972276
339.9507156123421,1004.1182865499807
339.9507156123421,1004.1247773596648
316.38261335183097,1092.0253566113306
339.9507156123421,1004.1654072539499
316.38261335183097,1092.0733564685675
339.9507156123421,1004.2022573741461
339.9507156123421,1004.2065399993023
339.9507156123421,1004.2438078670742
339.9507156123421,1004.2565385574113
339.9507156123421,1004.2599992408788
339.9507156123421,1004.2628145054674
339.9507156123421,1004.2998738559544
316.38261335183097,1092.2355399501275
316.38261335183097,1092.2431708257789
339.9507156123421,1004.3637219522585
339.9507156123421,1004.3756085988236
339.9507156123421,1004.3826322864453
339.9507156123421,1004.388164304805
339.9507156123421,1004.4200953667702
339.9507156123421,1004.4259711583467
339.9507156123421,1004.4630120343452
339.9507156123421,1004.479069384636
339.9507156123421,1004.5140960946177
339.9507156123421,1004.5239986102944
339.9507156123421,1004.54966425979
339.9507156123421,1004.5732166269695
316.38261335183097,1092.4625005951416
339.9507156123421,1004.5866714058753
316.38261335183097,1092.5075744997514
339.9507156123421,1004.6522102721116
339.9507156123421,1004.654028717232
339.9507156123421,1004.6582343964125
339.9507156123421,1004.6803155845004
316.38261335183097,1092.570066942731
339.9507156123421,1004.6894526304035
316.38261335183097,1092.5843941466155
339.9507156123421,1004.7124862659749
339.9507156123421,1004.7210968421701
339.9507156123421,1004.760462912258
316.38261335183097,1092.6494766119488
339.9507156123421,1004.8010880359009
316.38261335183097,1092.6908807220518
316.38261335183097,1092.6981177430034
339.9507156123421,1004.8515181390748
339.9507156123421,1004.8588682509019
316.38261335183097,1092.7533731650315
339.9507156123421,1004.9130646102759
339.9507156123421,1004.9162453907077
316.38261335183097,1092.8468598596014
339.9507156123421,1004.9653897256622
339.9507156123421,1004.9707204692583
316.38261335183097,1092.9265792719516
316.38261335183097,1092.960583455989
316.38261335183097,1092.968810685632
339.9507156123421,1005.1565705610677
316.38261335183097,1093.0854342618686
339.9507156123421,1005.2318778396782
339.9507156123421,1005.2968973533486
339.9507156123421,1005.3367317919848
339.9507156123421,1005.3374919660366
339.9507156123421,1005.3406682279856
339.9507156123421,1005.3941281380907
339.9507156123421,1005.4099696203093
339.9507156123421,1005.601678608448
316.38261335183097,1093.502787316932
339.9507156123421,1005.6330727306844
316.38261335183097,1093.536671610996
339.9507156123421,1005.6676659428591
316.38261335183097,1093.5797088445977
316.38261335183097,1093.5824260677707
339.9507156123421,1005.701946932094
339.9507156123421,1005.7378099134469
316.38261335183097,1093.6301075986905
316.38261335183097,1093.6401664805953
339.9507156123421,1005.7555174860393
316.38261335183097,1093.6464842187443
339.9507156123421,1005.8531339678474
316.38261335183097,1093.7484746070986
339.9507156123421,1005.9203843163681
316.38261335183097,1093.8110007093665
316.38261335183097,1093.858682240286
339.9507156123421,1005.9800431357936
339.9507156123421,1005.9818370444008
316.38261335183097,1093.9019151002321
316.38261335183097,1093.9135044241891
316.38261335183097,1093.91708370838
339.9507156123421,1006.0387745479835
316.38261335183097,1093.9502470179948
316.38261335183097,1093.9600302559847
316.38261335183097,1093.9770492486941
316.38261335183097,1093.9845805324323
339.9507156123421,1006.1208689175006
316.38261335183097,1094.0128598547294
339.9507156123421,1006.1298718662109
316.38261335183097,1094.050216991941
316.38261335183097,1094.0791995811157
316.38261335183097,1094.1358367292391
316.38261335183097,1094.1849525844173
316.38261335183097,1094.2131551740279
316.38261335183097,1094.2146674173878
316.38261335183097,1094.2755760540522
316.38261335183097,1094.2806763785647
316.38261335183097,1094.2910592268063
339.9507156123421,1006.4172969016658
339.9507156123421,1006.4279420276097
316.38261335183097,1094.3439946044014
339.9507156123421,1006.4726800453681
316.38261335183097,1094.3979736396882
316.38261335183097,1094.4033730328192
316.38261335183097,1094.4352018077248
316.38261335183097,1094.4615486893015
316.38261335183097,1094.466266089809
316.38261335183097,1094.4780352436135
339.9507156123421,1006.592951580435
339.9507156123421,1006.5971572596155
316.38261335183097,1094.496912363411
316.38261335183097,1094.5313610986368
339.9507156123421,1006.6587488788124
316.38261335183097,1094.550645762219
316.38261335183097,1094.5543995995424
316.38261335183097,1094.5892551816837
339.9507156123421,1006.7103350584973
339.9507156123421,1006.7137397569016
339.9507156123421,1006.7281529483571
339.9507156123421,1006.7337516708797
316.38261335183097,1094.6226992058182
316.38261335183097,1094.6537145093362
316.38261335183097,1094.7072039293946
316.38261335183097,1094.7146673209372
316.38261335183097,1094.7343345065178
339.9507156123421,1006.8520429623455
316.38261335183097,1094.7689318659266
316.38261335183097,1094.7820160374376
339.9507156123421,1006.8958584786907
339.9507156123421,1006.8984314310845
316.38261335183097,1094.8315527183586
339.9507156123421,1006.949280442033
316.38261335183097,1094.8370207316366
316.38261335183097,1094.8719904230745
339.9507156123421,1006.9958771239228
316.38261335183097,1094.8887847706033
339.9507156123421,1007.0071606918727
339.9507156123421,1007.0089964412193
316.38261335183097,1094.9003830458457
339.9507156123421,1007.0169055782679
339.9507156123421,1007.0194785306618
316.38261335183097,1094.9084186415573
316.38261335183097,1094.9452763147463
316.38261335183097,1095.002087294709
316.38261335183097,1095.008938250976
339.9507156123421,1007.1470004799212
316.38261335183097,1095.0689657321332
339.9507156123421,1007.1839375516126
316.38261335183097,1095.070721478093
316.38261335183097,1095.1364889711795
339.9507156123421,1007.2618213071295
339.9507156123421,1007.2645661156577
316.38261335183097,1095.1853935170095
316.38261335183097,1095.191264206395
316.38261335183097,1095.264118544369
316.38261335183097,1095.2721039835135
316.38261335183097,1095.293446099392
316.38261335183097,1095.3174605981712
316.38261335183097,1095.3274578923283
316.38261335183097,1095.3411276303116
316.38261335183097,1095.3851650736935
316.38261335183097,1095.4082674762624
339.9507156123421,1007.5278717118574
316.38261335183097,1095.4594946387197
339.9507156123421,1007.5782342713802
316.38261335183097,1095.5345696964991
316.38261335183097,1095.5480111217007
316.38261335183097,1095.5837271596147
316.38261335183097,1095.6035690737826
316.38261335183097,1095.6366910453482
316.38261335183097,1095.6532626709431
316.38261335183097,1095.6578872528983
316.38261335183097,1095.6956005640534
316.38261335183097,1095.700815451553
316.38261335183097,1095.7032500539483
339.9507156123421,1007.8254912004402
316.38261335183097,1095.7435128854484
316.38261335183097,1095.7603072329769
316.38261335183097,1095.765742496928
339.9507156123421,1007.8926901070304
339.9507156123421,1007.9280349215418
339.9507156123421,1007.92987817635
316.38261335183097,1095.8402386877503
316.38261335183097,1095.857236481836
316.38261335183097,1095.8740308293648
339.9507156123421,1007.9900537211172
316.38261335183097,1095.8787756236056
316.38261335183097,1095.8895642924272
339.9507156123421,1008.0118565183978
316.38261335183097,1095.9335871931291
339.9507156123421,1008.0848112360644
339.9507156123421,1008.1637860888834
339.9507156123421,1008.2120089907055
316.38261335183097,1096.178752498161
316.38261335183097,1096.1848757285532
316.38261335183097,1096.2609146724728
339.9507156123421,1008.3811829706284
339.9507156123421,1008.395867807564
339.9507156123421,1008.4491604663823
316.38261335183097,1096.3618238114836
316.38261335183097,1096.3787765958518
339.9507156123421,1008.5439451975013
339.9507156123421,1008.5488350007921
339.9507156123421,1008.5499334115466
339.9507156123421,1008.5909397411472
316.38261335183097,1096.5971805959407
339.9507156123421,1008.7428109496396
339.9507156123421,1008.8109652322383
339.9507156123421,1008.8692037361218
316.38261335183097,1096.7704709203992
316.38261335183097,1096.7789145643496
339.9507156123421,1008.9347999871259
316.38261335183097,1096.8831758145852
316.38261335183097,1096.928714197742
316.38261335183097,1096.9322704674362
339.9507156123421,1009.1161919011884
339.9507156123421,1009.1616728378153
316.38261335183097,1097.0502749605346
339.9507156123421,1009.2092023038145
316.38261335183097,1097.1564105094205
316.38261335183097,1097.1566945012803
316.38261335183097,1097.1639985569225
339.9507156123421,1009.2971286702386
316.38261335183097,1097.2024193544228
316.38261335183097,1097.2364051211694
316.38261335183097,1097.2409790677425
339.9507156123421,1009.3891101697689
316.38261335183097,1097.2777974155506
316.38261335183097,1097.3276123244927
316.38261335183097,1097.3418129966747
316.38261335183097,1097.3894945275945
316.38261335183097,1097.391670752689
316.38261335183097,1097.398400440854
316.38261335183097,1097.4103429715847
316.38261335183097,1097.479778961322
316.38261335183097,1097.5078615360026
316.38261335183097,1097.5192625552563
316.38261335183097,1097.544475082541
339.9507156123421,1009.6652185859898
316.38261335183097,1097.5718541244257
316.38261335183097,1097.5915634809971
316.38261335183097,1097.5957823814151
339.9507156123421,1009.7644140636432
339.9507156123421,1009.805224661135
316.38261335183097,1097.704454774533
339.9507156123421,1009.818185779218
316.38261335183097,1097.7270366528337
339.9507156123421,1009.8514548714471
316.38261335183097,1097.7424951606447
316.38261335183097,1097.7439674613363
316.38261335183097,1097.778539497804
316.38261335183097,1097.7806632290037
316.38261335183097,1097.8008291583253
316.38261335183097,1097.8090992796142
316.38261335183097,1097.8102083218919
316.38261335183097,1097.8243570230106
339.9507156123421,1009.9454332180181
316.38261335183097,1097.849390063533
339.9507156123421,1009.9648095144815
316.38261335183097,1097.8656052910496
316.38261335183097,1097.9638314700032
316.38261335183097,1097.9880646022561
316.38261335183097,1098.011837951158
339.9507156123421,1010.1294010216656
316.38261335183097,1098.0165477628766
316.38261335183097,1098.0285353595414
339.9507156123421,1010.15047765162
316.38261335183097,1098.0561742882762
316.38261335183097,1098.0729245212146
316.38261335183097,1098.1512467520881
339.9507156123421,1010.2783480747288
316.38261335183097,1098.1861608546608
339.9507156123421,1010.3001667767373
316.38261335183097,1098.1903824431483
316.38261335183097,1098.1977628489058
316.38261335183097,1098.2197634295533
316.38261335183097,1098.22243622684
339.9507156123421,1010.3720004303472
339.9507156123421,1010.3836888414035
339.9507156123421,1010.399395174306
339.9507156123421,1010.4030874847454
316.38261335183097,1098.2942608305732
339.9507156123421,1010.4225531161959
316.38261335183097,1098.332340406168
316.38261335183097,1098.3418545151553
316.38261335183097,1098.3641221915248
316.38261335183097,1098.3866036488462
316.38261335183097,1098.400519992307
316.38261335183097,1098.431222722346
316.38261335183097,1098.440840226929
316.38261335183097,1098.4480170698748
316.38261335183097,1098.4505990633315
339.9507156123421,1010.6693151996477
316.38261335183097,1098.5838262146074
339.9507156123421,1010.7215771207623
316.38261335183097,1098.676746409483
316.38261335183097,1098.6806217419878
316.38261335183097,1098.6975214189044
316.38261335183097,1098.708771730453
316.38261335183097,1098.7268354455734
316.38261335183097,1098.7392388524627
316.38261335183097,1098.745152259306
316.38261335183097,1098.7476908201622
316.38261335183097,1098.7943453383757
316.38261335183097,1098.8119810835362
316.38261335183097,1098.8123979595603
316.38261335183097,1098.839743189906
339.9507156123421,1010.9571393360527
339.9507156123421,1010.9727705518821
339.9507156123421,1010.9907730881414
316.38261335183097,1098.8789512551296
316.38261335183097,1098.8927403556431
316.38261335183097,1098.928795032189
316.38261335183097,1098.9563951068326
316.38261335183097,1098.9852319355984
316.38261335183097,1099.0114957783705
316.38261335183097,1099.013210310119
339.9507156123421,1011.1388504780788
316.38261335183097,1099.0267192067129
316.38261335183097,1099.0374119773899
339.9507156123421,1011.1573105251448
316.38261335183097,1099.1792798777965
316.38261335183097,1099.1873025151435
339.9507156123421,1011.3378565944485
316.38261335183097,1099.2577350888696
339.9507156123421,1011.3786701874516
316.38261335183097,1099.2757478647254
339.9507156123421,1011.39333646435
316.38261335183097,1099.3068024130362
339.9507156123421,1011.4997172870288
339.9507156123421,1011.5695175551632
339.9507156123421,1011.6005144084751
339.9507156123421,1011.6228389573124
316.38261335183097,1099.5385697236914
316.38261335183097,1099.5488687418597
316.38261335183097,1099.5525858872852
339.9507156123421,1011.6667492603735
339.9507156123421,1011.6919038946218
339.9507156123421,1011.6945151363226
339.9507156123421,1011.7509778316823
316.38261335183097,1099.6713250811176
339.9507156123421,1011.8009132012686
339.9507156123421,1011.8044078675308
316.38261335183097,1099.7379847974325
316.38261335183097,1099.7640834131994
339.9507156123421,1011.9184656036126
316.38261335183097,1099.8060094817183
339.9507156123421,1011.978222036266
339.9507156123421,1012.0548794789398
316.38261335183097,1099.9569514393618
316.38261335183097,1099.9742019988216
316.38261335183097,1099.993062468366
316.38261335183097,1100.0258612328105
339.9507156123421,1012.2330273719015
339.9507156123421,1012.2403798217364
339.9507156123421,1012.2601238665673
316.38261335183097,1100.1716202829734
339.9507156123421,1012.3273040516906
316.38261335183097,1100.254211445838
339.9507156123421,1012.3794622884828
339.9507156123421,1012.429205866319
316.38261335183097,1100.3838393271194
316.38261335183097,1100.4274595867053
316.38261335183097,1100.4392953933936
316.38261335183097,1100.4487984881212
339.9507156123421,1012.6072073728743
339.9507156123421,1012.6241824894472
339.9507156123421,1012.6810209265301
339.9507156123421,1012.7106853452152
316.38261335183097,1100.6117187320963
316.38261335183097,1100.6469709768842
316.38261335183097,1100.659400263016
316.38261335183097,1100.6730737457717
316.38261335183097,1100.7005330083684
316.38261335183097,1100.7777672714242
316.38261335183097,1100.7849537384973
316.38261335183097,1100.8228864190678
316.38261335183097,1100.8520852586294
339.9507156123421,1012.9654834785327
316.38261335183097,1100.852786667092
316.38261335183097,1100.938352014183
316.38261335183097,1100.999228907927
339.9507156123421,1013.1126900220459
339.9507156123421,1013.1185577459252
316.38261335183097,1101.0097348748716
316.38261335183097,1101.013873196758
316.38261335183097,1101.0342695395607
316.38261335183097,1101.0390361147122
316.38261335183097,1101.0436572688561
339.9507156123421,1013.1954399157306
316.38261335183097,1101.1121739463213
339.9507156123421,1013.2523064026695
339.9507156123421,1013.2767794576515
316.38261335183097,1101.1712592044405
339.9507156123421,1013.323397279595
339.9507156123421,1013.3463071305171
316.38261335183097,1101.355169310319
316.38261335183097,1101.3683315788858
316.38261335183097,1101.3963721053453
339.9507156123421,1013.5947025644738
316.38261335183097,1101.4834668694689
316.38261335183097,1101.4908866973392
339.9507156123421,1013.6266327900488
339.9507156123421,1013.6488130669087
316.38261335183097,1101.5406797449243
316.38261335183097,1101.5899319356724
316.38261335183097,1101.5961955465036
339.9507156123421,1013.7206335178963
316.38261335183097,1101.6212376058425
316.38261335183097,1101.6496691127065
339.9507156123421,1013.777096213256
316.38261335183097,1101.6839502814832
339.9507156123421,1013.8584065219333
339.9507156123421,1013.8958269138043
316.38261335183097,1101.7955393329307
316.38261335183097,1101.7991902585804
316.38261335183097,1101.8138962300388
339.9507156123421,1013.950371704956
339.9507156123421,1013.9800361236411
339.9507156123421,1014.0324620040504
316.38261335183097,1101.9881374319616
339.9507156123421,1014.1127343431194
316.38261335183097,1102.0247708431757
339.9507156123421,1014.14002735591
339.9507156123421,1014.1774426013402
316.38261335183097,1102.1050718394229
316.38261335183097,1102.1471571826341
316.38261335183097,1102.1579667890396
339.9507156123421,1014.2880363698958
316.38261335183097,1102.202776859534
316.38261335183097,1102.2065832545518
316.38261335183097,1102.2080770654761
316.38261335183097,1102.2677323728155
339.9507156123421,1014.3847338572426
339.9507156123421,1014.4647906941565
316.38261335183097,1102.3619456578554
316.38261335183097,1102.3775449805637
339.9507156123421,1014.5461302360774
316.38261335183097,1102.452680388991
316.38261335183097,1102.466895127894
339.9507156123421,1014.6072766509498
316.38261335183097,1102.5096820994297
316.38261335183097,1102.5297383308039
316.38261335183097,1102.5957273811262
316.38261335183097,1102.622767335952
316.38261335183097,1102.6718269546377
316.38261335183097,1102.6946049613473
316.38261335183097,1102.7087616403496
316.38261335183097,1102.739066406248
316.38261335183097,1102.7669106458477
316.38261335183097,1102.7815237743712
316.38261335183097,1102.7827033979331
316.38261335183097,1102.7935060254906
316.38261335183097,1102.8234523188369
339.9507156123421,1014.9916018601065
316.38261335183097,1102.894351351594
316.38261335183097,1102.9231796029428
316.38261335183097,1102.9332649265848
316.38261335183097,1102.9372520612674
339.9507156123421,1015.0574806091282
339.9507156123421,1015.0694956605522
316.38261335183097,1102.9686285422395
339.9507156123421,1015.0913996243253
316.38261335183097,1102.979095736735
339.9507156123421,1015.0932538375339
316.38261335183097,1102.984968655395
316.38261335183097,1102.995971423869
316.38261335183097,1103.0302785604738
339.9507156123421,1015.171714949653
316.38261335183097,1103.0624606608867
316.38261335183097,1103.0689159363333
339.9507156123421,1015.1872545653814
316.38261335183097,1103.0778181990327
316.38261335183097,1103.0910323081002
339.9507156123421,1015.2190877700247
316.38261335183097,1103.1307918435034
316.38261335183097,1103.2057849334974
316.38261335183097,1103.208560085308
316.38261335183097,1103.2086959788724
316.38261335183097,1103.2135432969908
316.38261335183097,1103.2817065240383
316.38261335183097,1103.2841022389623
339.9507156123421,1015.41425580302
339.9507156123421,1015.4239054705075
316.38261335183097,1103.394138327947
316.38261335183097,1103.4174177444725
316.38261335183097,1103.435688820875
339.9507156123421,1015.5709903965255
339.9507156123421,1015.6115295086144
316.38261335183097,1103.5280374567865
316.38261335183097,1103.5589905205027
316.38261335183097,1103.56970234413
339.9507156123421,1015.6842539982449
316.38261335183097,1103.5800452586057
316.38261335183097,1103.6049605659944
316.38261335183097,1103.6170811679426
339.9507156123421,1015.7382321913915
316.38261335183097,1103.6530238939397
316.38261335183097,1103.658182914239
316.38261335183097,1103.6615641231829
316.38261335183097,1103.682201478625
316.38261335183097,1103.6892757700493
316.38261335183097,1103.7059770484184
316.38261335183097,1103.712935630582
316.38261335183097,1103.7738883389445
316.38261335183097,1103.7818905801869
316.38261335183097,1103.7947268504663
316.38261335183097,1103.7962337203362
316.38261335183097,1103.8270705375944
316.38261335183097,1103.829236100448
339.9507156123421,1015.9451089752872
316.38261335183097,1103.834849262007
316.38261335183097,1103.8374264700597
316.38261335183097,1103.8465134000944
339.9507156123421,1015.9611307194394
339.9507156123421,1015.9819865503724
339.9507156123421,1015.9924007405505
316.38261335183097,1103.88292031612
316.38261335183097,1103.9092609821814
316.38261335183097,1103.913980485589
339.9507156123421,1016.0427633000735
339.9507156123421,1016.0585803856242
339.9507156123421,1016.0617443695517
316.38261335183097,1103.9493222843255
316.38261335183097,1103.957194561245
316.38261335183097,1103.9634290425372
316.38261335183097,1103.9657886775544
316.38261335183097,1103.9780330727667
316.38261335183097,1104.0104652217826
316.38261335183097,1104.0138103930665
316.38261335183097,1104.0375741739902
316.38261335183097,1104.0546362458606
316.38261335183097,1104.056072183045
316.38261335183097,1104.0854579926881
316.38261335183097,1104.0859725146831
339.9507156123421,1016.2243322102919
316.38261335183097,1104.1155808155495
316.38261335183097,1104.1291140899846
316.38261335183097,1104.1368770941422
339.9507156123421,1016.2726661808817
316.38261335183097,1104.1707168998241
316.38261335183097,1104.1834437779255
339.9507156123421,1016.3206171136823
339.9507156123421,1016.3388464389781
316.38261335183097,1104.2255811110956
316.38261335183097,1104.2381043675614
339.9507156123421,1016.3691418733827
316.38261335183097,1104.2671316040237
316.38261335183097,1104.2826738672566
316.38261335183097,1104.3005566073434
316.38261335183097,1104.3039142983068
316.38261335183097,1104.3484515148684
339.9507156123421,1016.4631426012302
316.38261335183097,1104.3592011925723
339.9507156123421,1016.4948101681534
316.38261335183097,1104.4056249929683
316.38261335183097,1104.4114880417542
339.9507156123421,1016.5291726272548
316.38261335183097,1104.4342223064045
316.38261335183097,1104.4661480145194
316.38261335183097,1104.486859153664
316.38261335183097,1104.4950700922063
339.9507156123421,1016.638411117358
316.38261335183097,1104.5278530796932
316.38261335183097,1104.5374198315671
316.38261335183097,1104.5544244964758
316.38261335183097,1104.5696919020384
316.38261335183097,1104.5959749894037
316.38261335183097,1104.6250750457407
339.9507156123421,1016.7970940996846
316.38261335183097,1104.6959886870163
316.38261335183097,1104.6965188051022
316.38261335183097,1104.7088432769185
339.9507156123421,1016.8275538010937
316.38261335183097,1104.7244415564974
339.9507156123421,1016.8403411749514
316.38261335183097,1104.7403314271344
316.38261335183097,1104.7544427784935
316.38261335183097,1104.757535805192
316.38261335183097,1104.7965773750893
339.9507156123421,1016.9104430954167
339.9507156123421,1016.9136894950755
316.38261335183097,1104.8031792825784
316.38261335183097,1104.8447297755063
316.38261335183097,1104.8616476067707
316.38261335183097,1104.8662632169471
316.38261335183097,1104.8681663748814
316.38261335183097,1104.8805479487296
339.9507156123421,1017.0075829698173
316.38261335183097,1104.897474567998
316.38261335183097,1104.9020992358837
316.38261335183097,1104.9189320549842
316.38261335183097,1104.9200439821689
339.9507156123421,1017.035188794273
316.38261335183097,1104.925093446698
316.38261335183097,1104.933799018934
316.38261335183097,1104.9695318552167
339.9507156123421,1017.1009452692912
316.38261335183097,1104.989086213237
316.38261335183097,1104.9926701990676
339.9507156123421,1017.1477197497079
316.38261335183097,1105.034343565162
316.38261335183097,1105.0477887919503
316.38261335183097,1105.0946579548604
316.38261335183097,1105.11028123493
316.38261335183097,1105.1150180030497
339.9507156123421,1017.2513373287983
339.9507156123421,1017.264852905372
339.9507156123421,1017.2756772076765
339.9507156123421,1017.2799911471471
316.38261335183097,1105.172079069717
316.38261335183097,1105.179894298017
316.38261335183097,1105.210773364915
339.9507156123421,1017.3310951479775
316.38261335183097,1105.2204463973724
316.38261335183097,1105.235875374281
339.9507156123421,1017.3672087991037
316.38261335183097,1105.2551359120532
316.38261335183097,1105.285802666105
316.38261335183097,1105.2986065894704
316.38261335183097,1105.331565010436
316.38261335183097,1105.333637701597
316.38261335183097,1105.3457078837712
316.38261335183097,1105.357123667846
316.38261335183097,1105.4004308029757
316.38261335183097,1105.405902877516
339.9507156123421,1017.5252014331093
316.38261335183097,1105.4929106118082
316.38261335183097,1105.5039589817393
316.38261335183097,1105.5087376833972
316.38261335183097,1105.5148712327364
316.38261335183097,1105.5209613972568
316.38261335183097,1105.5396087510696
316.38261335183097,1105.5484219872665
339.9507156123421,1017.6849303161714
316.38261335183097,1105.646879669106
339.9507156123421,1017.7985234056806
316.38261335183097,1105.72222300643
316.38261335183097,1105.7574924694998
316.38261335183097,1105.7580127511587
316.38261335183097,1105.7637734993582
316.38261335183097,1105.7922862091652
316.38261335183097,1105.814493222603
339.9507156123421,1017.9345539432595
316.38261335183097,1105.8484272438493
339.9507156123421,1017.9712273568608
316.38261335183097,1105.8703958066003
339.9507156123421,1017.9945210234144
316.38261335183097,1105.88747127124
316.38261335183097,1105.890802899595
316.38261335183097,1105.8997318140332
316.38261335183097,1105.901443588856
316.38261335183097,1105.9081299370887
316.38261335183097,1105.9125435771423
316.38261335183097,1105.945649788458
339.9507156123421,1018.088521751262
316.38261335183097,1105.983423148579
316.38261335183097,1105.9933313193778
316.38261335183097,1106.0340617269017
316.38261335183097,1106.0440079698033
339.9507156123421,1018.1797938738425
316.38261335183097,1106.0674149000383
339.9507156123421,1018.1863311312654
316.38261335183097,1106.111698327786
316.38261335183097,1106.191707475629
316.38261335183097,1106.2071230285092
339.9507156123421,1018.3344085212027
316.38261335183097,1106.2382935836768
316.38261335183097,1106.2486735214372
339.9507156123421,1018.370296047717
316.38261335183097,1106.2596780121348
316.38261335183097,1106.3230379688177
316.38261335183097,1106.3478042531196
339.9507156123421,1018.4793585522225
316.38261335183097,1106.3766245753593
316.38261335183097,1106.38638797302
316.38261335183097,1106.3930299591677
316.38261335183097,1106.396547009299
316.38261335183097,1106.3983490024855
316.38261335183097,1106.4075388367235
339.9507156123421,1018.5407409412207
339.9507156123421,1018.5450279861024
316.38261335183097,1106.4355155363523
316.38261335183097,1106.443191217261
316.38261335183097,1106.4539918902512
339.9507156123421,1018.567933193851
339.9507156123421,1018.5815126070476
316.38261335183097,1106.4859273204988
316.38261335183097,1106.491505550674
339.9507156123421,1018.60828066029
316.38261335183097,1106.4950505974682
316.38261335183097,1106.5010097829995
316.38261335183097,1106.5189617489807
316.38261335183097,1106.5806629933059
316.38261335183097,1106.5857541681405
316.38261335183097,1106.596666052869
339.9507156123421,1018.7191623791792
339.9507156123421,1018.7193509600405
339.9507156123421,1018.7217353315731
316.38261335183097,1106.6765361933515
339.9507156123421,1018.801089468958
316.38261335183097,1106.6929447042735
339.9507156123421,1018.8169674418486
316.38261335183097,1106.7095217313133
339.9507156123421,1018.8240690102461
316.38261335183097,1106.7223460923583
316.38261335183097,1106.7344951972016
316.38261335183097,1106.7422286639492
316.38261335183097,1106.7428987129774
316.38261335183097,1106.744355584299
316.38261335183097,1106.7548817095867
316.38261335183097,1106.7787592457105
316.38261335183097,1106.8070904774993
316.38261335183097,1106.814688910631
316.38261335183097,1106.878851634932
316.38261335183097,1106.8956302232352
316.38261335183097,1106.899433295772
316.38261335183097,1106.9249387972177
316.38261335183097,1106.9695638931412
316.38261335183097,1106.990402404663
316.38261335183097,1106.9912354823737
316.38261335183097,1107.004783424745
316.38261335183097,1107.0259096270952
316.38261335183097,1107.0715753908357
316.38261335183097,1107.106275745177
316.38261335183097,1107.1523859988904
316.38261335183097,1107.1614362154305
316.38261335183097,1107.1709735358359
316.38261335183097,1107.1853189977871
316.38261335183097,1107.193928801535
316.38261335183097,1107.2017727373795
339.9507156123421,1019.3262416923153
316.38261335183097,1107.2219021834633
316.38261335183097,1107.2398287708104
316.38261335183097,1107.256716478298
316.38261335183097,1107.2836678640895
316.38261335183097,1107.2986186589985
316.38261335183097,1107.315594608947
316.38261335183097,1107.3418165266032
339.9507156123421,1019.4556819096913
316.38261335183097,1107.355667042684
316.38261335183097,1107.3563389876651
316.38261335183097,1107.3596198810749
316.38261335183097,1107.3998689897842
316.38261335183097,1107.4000976671396
339.9507156123421,1019.5258777510358
316.38261335183097,1107.4421526153915
339.9507156123421,1019.5631526039385
316.38261335183097,1107.450010561831
316.38261335183097,1107.5412775090908
316.38261335183097,1107.5423015869078
316.38261335183097,1107.5460485412914
316.38261335183097,1107.6070082284473
339.9507156123421,1019.7552465880713
316.38261335183097,1107.6472578911948
316.38261335183097,1107.654188831039
339.9507156123421,1019.7755013781239
316.38261335183097,1107.6709831785677
339.9507156123421,1019.811710281297
339.9507156123421,1019.8372839722769
316.38261335183097,1107.7562032081305
339.9507156123421,1019.8776314387159
316.38261335183097,1107.7650593408348
316.38261335183097,1107.770681190224
316.38261335183097,1107.8030611496301
316.38261335183097,1107.839197867689
316.38261335183097,1107.859788906615
316.38261335183097,1107.8892417453933
316.38261335183097,1107.9927769979547
339.9507156123421,1020.1180402241504
339.9507156123421,1020.1661200912523
339.9507156123421,1020.184482206765
316.38261335183097,1108.1517889379002
339.9507156123421,1020.2716869837226
316.38261335183097,1108.168583285429
316.38261335183097,1108.1871098258327
316.38261335183097,1108.193942752907
316.38261335183097,1108.1979788221886
339.9507156123421,1020.3256752173296
316.38261335183097,1108.253776693693
316.38261335183097,1108.2705710412217
339.9507156123421,1020.3927340832998
339.9507156123421,1020.4264686189898
316.38261335183097,1108.3169558570403
316.38261335183097,1108.3348478193527
339.9507156123421,1020.5344656031313
339.9507156123421,1020.560298394905
316.38261335183097,1108.4559057340061
339.9507156123421,1020.5750474600993
339.9507156123421,1020.5759114248459
316.38261335183097,1108.5159532112127
316.38261335183097,1108.5272405646326
339.9507156123421,1020.657914876713
339.9507156123421,1020.6636673632954
339.9507156123421,1020.7936339145194
316.38261335183097,1108.6846967259332
339.9507156123421,1020.8017657868845
316.38261335183097,1108.7647079973153
339.9507156123421,1020.891868395543
339.9507156123421,1020.8937116503513
316.38261335183097,1108.7904615739958
316.38261335183097,1108.8860792646367
316.38261335183097,1108.9026810447929
339.9507156123421,1021.0486447100657
339.9507156123421,1021.0513894139726
316.38261335183097,1108.9609509061254
316.38261335183097,1108.9668416369364
339.9507156123421,1021.0810610597229
316.38261335183097,1109.0289786287753
316.38261335183097,1109.050460815128
339.9507156123421,1021.1658400453646
339.9507156123421,1021.1758424647068
316.38261335183097,1109.063077724669
316.38261335183097,1109.0896218928171
339.9507156123421,1021.2148804898484
316.38261335183097,1109.2039010185572
316.38261335183097,1109.2171596085977
339.9507156123421,1021.3806257381028
316.38261335183097,1109.3373253075065
316.38261335183097,1109.419115689897
339.9507156123421,1021.5547732151484
316.38261335183097,1109.4461585310974
316.38261335183097,1109.458400990814
316.38261335183097,1109.4585510129866
339.9507156123421,1021.6194727293212
316.38261335183097,1109.5605387687795
316.38261335183097,1109.5830275282615
316.38261335183097,1109.631634505762
339.9507156123421,1021.7871331418647
316.38261335183097,1109.6837517211673
339.9507156123421,1021.8361864307537
316.38261335183097,1109.7238976256729
316.38261335183097,1109.7329013763815
339.9507156123421,1021.9338029125618
316.38261335183097,1109.8398257589524
316.38261335183097,1109.8986295640582
316.38261335183097,1109.9097312618553
316.38261335183097,1109.943060248676
316.38261335183097,1109.9590061021024
316.38261335183097,1109.9638987601977
339.9507156123421,1022.1016519752174
316.38261335183097,1110.0142613197206
339.9507156123421,1022.1730357778158
339.9507156123421,1022.174360349533
316.38261335183097,1110.1686517432463
316.38261335183097,1110.190168273465
316.38261335183097,1110.241981491824
316.38261335183097,1110.2527442498356
339.9507156123421,1022.3819953427122
316.38261335183097,1110.2687868470157
316.38261335183097,1110.2727788468603
339.9507156123421,1022.4146458131486
339.9507156123421,1022.4271449369163
316.38261335183097,1110.326725876965
316.38261335183097,1110.4126642592648
316.38261335183097,1110.4994187452153
316.38261335183097,1110.5282938942173
339.9507156123421,1022.6767685640044
316.38261335183097,1110.583580788483
316.38261335183097,1110.5912976875786
339.9507156123421,1022.7328158304074
339.9507156123421,1022.7346590852158
316.38261335183097,1110.6240552528461
316.38261335183097,1110.6544734190106
316.38261335183097,1110.7096582036152
316.38261335183097,1110.735146499178
316.38261335183097,1110.7486662849153
339.9507156123421,1022.8863849650311
339.9507156123421,1022.88959214493
316.38261335183097,1110.8111832445124
316.38261335183097,1110.8851875147227
339.9507156123421,1023.0167898995712
316.38261335183097,1110.9407342845057
316.38261335183097,1110.9848018916593
316.38261335183097,1111.0715788001673
339.9507156123421,1023.2019740879401
316.38261335183097,1111.0888977944398
316.38261335183097,1111.0946144994073
339.9507156123421,1023.210374561474
316.38261335183097,1111.1107941011626
316.38261335183097,1111.1581120547066
316.38261335183097,1111.1908855502327
339.9507156123421,1023.3314216610513
339.9507156123421,1023.3358339043484
316.38261335183097,1111.2291590184857
339.9507156123421,1023.3957206500129
339.9507156123421,1023.4615655807853
316.38261335183097,1111.3552101572484
316.38261335183097,1111.4225734996419
339.9507156123421,1023.5591820625935
339.9507156123421,1023.5891315052745
316.38261335183097,1111.478092690249
316.38261335183097,1111.5007369201674
316.38261335183097,1111.5229861853811
339.9507156123421,1023.7028797242519
316.38261335183097,1111.6075718700974
316.38261335183097,1111.6248103988864
316.38261335183097,1111.6390166603214
316.38261335183097,1111.6715302861628
316.38261335183097,1111.7130807790907
316.38261335183097,1111.7258114694278
316.38261335183097,1111.7601041161204
339.9507156123421,1023.8972094527755
316.38261335183097,1111.8574372168214
339.9507156123421,1024.0087038662562
339.9507156123421,1024.0105471210645
339.9507156123421,1024.0139832126802
339.9507156123421,1024.084120337576
316.38261335183097,1111.9778441393184
316.38261335183097,1111.9833690066341
316.38261335183097,1111.9987760428821
339.9507156123421,1024.1654801807788
316.38261335183097,1112.121483184128
316.38261335183097,1112.157843238372
339.9507156123421,1024.29267793542
316.38261335183097,1112.197558957044
316.38261335183097,1112.2227705406438
316.38261335183097,1112.2297358242745
339.9507156123421,1024.3571699383513
316.38261335183097,1112.2441463917712
316.38261335183097,1112.2584341674294
316.38261335183097,1112.2728715541673
316.38261335183097,1112.2777996126495
339.9507156123421,1024.407801485204
316.38261335183097,1112.315330154539
316.38261335183097,1112.3268592313352
316.38261335183097,1112.3509650693186
339.9507156123421,1024.5018022130514
339.9507156123421,1024.505366912905
316.38261335183097,1112.4132622404445
339.9507156123421,1024.528848584781
316.38261335183097,1112.4561777764677
339.9507156123421,1024.6228493126284
316.38261335183097,1112.5283769240987
339.9507156123421,1024.6716086858617
316.38261335183097,1112.6223051748518
316.38261335183097,1112.6258434730842
339.9507156123421,1024.7465922599335
316.38261335183097,1112.6513908251295
339.9507156123421,1024.8584822837004
316.38261335183097,1112.7460645847978
316.38261335183097,1112.7490610324592
316.38261335183097,1112.7972862265246
316.38261335183097,1112.8186687011178
339.9507156123421,1024.9543899458924
339.9507156123421,1024.9967982072549
316.38261335183097,1112.9177343441938
316.38261335183097,1112.9305909702612
339.9507156123421,1025.047664404459
316.38261335183097,1112.9689821864656
316.38261335183097,1113.057937449982
339.9507156123421,1025.1745171940504
339.9507156123421,1025.1767813392128
316.38261335183097,1113.1161944939656
339.9507156123421,1025.289871248529
316.38261335183097,1113.2021427223176
316.38261335183097,1113.2169043382628
316.38261335183097,1113.2246626368744
316.38261335183097,1113.2677667266064
316.38261335183097,1113.3080561706372
316.38261335183097,1113.3094070220154
316.38261335183097,1113.3379468969988
316.38261335183097,1113.3390117194817
316.38261335183097,1113.3443080467468
339.9507156123421,1025.602552024671
316.38261335183097,1113.50804746
339.9507156123421,1025.6340830162878
339.9507156123421,1025.635926271096
339.9507156123421,1025.641802587455
316.38261335183097,1113.5884873022287
316.38261335183097,1113.5991447782274
339.9507156123421,1025.757719644898
339.9507156123421,1025.7908593308105
339.9507156123421,1025.8101870178505
316.38261335183097,1113.770613092247
316.38261335183097,1113.774541919096
339.9507156123421,1025.9180570854514
316.38261335183097,1113.8536708295703
316.38261335183097,1113.9223591673394
316.38261335183097,1113.9365221182525
339.9507156123421,1026.1398610518802
339.9507156123421,1026.1404404629586
339.9507156123421,1026.1768713880876
316.38261335183097,1114.066430171632
339.9507156123421,1026.1981173732156
339.9507156123421,1026.2249907430864
339.9507156123421,1026.2264682948683
316.38261335183097,1114.1180049907211
339.9507156123421,1026.2661489856807
339.9507156123421,1026.296987835893
316.38261335183097,1114.188702686404
316.38261335183097,1114.2240894304382
339.9507156123421,1026.3460378426637
316.38261335183097,1114.2463767350291
339.9507156123421,1026.4526693750615
316.38261335183097,1114.3889411159764
339.9507156123421,1026.5130698160083
316.38261335183097,1114.4096791416825
339.9507156123421,1026.5611076272091
339.9507156123421,1026.5616870382876
316.38261335183097,1114.456631473959
339.9507156123421,1026.5794005530418
316.38261335183097,1114.5222956132666
316.38261335183097,1114.5649851353744
339.9507156123421,1026.700447652619
316.38261335183097,1114.6045407900835
339.9507156123421,1026.7231635875144
339.9507156123421,1026.7286409769374
339.9507156123421,1026.7963313307612
316.38261335183097,1114.6888094149515
339.9507156123421,1026.8397490807793
316.38261335183097,1114.7583853119968
339.9507156123421,1026.9152503985606
339.9507156123421,1026.9607961803563
339.9507156123421,1026.9933661473085
339.9507156123421,1027.0346990489566
339.9507156123421,1027.0644662568031
316.38261335183097,1114.9897561983396
339.9507156123421,1027.1412760753415
316.38261335183097,1115.0578286820346
316.38261335183097,1115.0733757323603
316.38261335183097,1115.1525850551961
316.38261335183097,1115.1589912584368
316.38261335183097,1115.2874573205797
316.38261335183097,1115.3137355717129
316.38261335183097,1115.3481923760824
339.9507156123421,1027.4740054090644
339.9507156123421,1027.4943415215123
316.38261335183097,1115.411720647301
339.9507156123421,1027.5440750986354
316.38261335183097,1115.4469183107476
316.38261335183097,1115.459968231821
316.38261335183097,1115.468547108364
339.9507156123421,1027.5973179979474
339.9507156123421,1027.6153886210896
316.38261335183097,1115.5164491078367
316.38261335183097,1115.6013003047717
316.38261335183097,1115.6019460479442
316.38261335183097,1115.6330590008997
339.9507156123421,1027.7824205944341
339.9507156123421,1027.7939061998923
339.9507156123421,1027.8556105600776
316.38261335183097,1115.78442424945
339.9507156123421,1027.9149532994695
339.9507156123421,1027.9315078558295
339.9507156123421,1027.9774467447214
316.38261335183097,1115.869168634591
316.38261335183097,1115.8872347330812
339.9507156123421,1028.03707868299
339.9507156123421,1028.0780485250932
316.38261335183097,1115.9877772401173
316.38261335183097,1116.0426089528808
339.9507156123421,1028.2331915134703
316.38261335183097,1116.1451143008742
316.38261335183097,1116.2737433244815
316.38261335183097,1116.3141026311432
316.38261335183097,1116.334941142665
316.38261335183097,1116.3461511530052
339.9507156123421,1028.4650036171072
316.38261335183097,1116.3678376901228
316.38261335183097,1116.4082984808065
316.38261335183097,1116.5434971861387
316.38261335183097,1116.6618890032137
316.38261335183097,1116.6637186969544
316.38261335183097,1116.6651187240843
316.38261335183097,1116.7178866529578
339.9507156123421,1028.8404253987057
339.9507156123421,1028.9322890105118
339.9507156123421,1028.9614724982828
339.9507156123421,1028.9822235102058
339.9507156123421,1028.9900785458576
316.38261335183097,1116.9185847131678
339.9507156123421,1029.0496862726911
316.38261335183097,1116.9703197963793
339.9507156123421,1029.0900490257939
339.9507156123421,1029.099384559096
339.9507156123421,1029.1343569255307
316.38261335183097,1117.0500739006113
316.38261335183097,1117.0597425257895
316.38261335183097,1117.0827550153078
339.9507156123421,1029.211096125371
316.38261335183097,1117.1607061995899
316.38261335183097,1117.1627188309456
316.38261335183097,1117.2264426665831
316.38261335183097,1117.2647065867384
339.9507156123421,1029.3937250988959
316.38261335183097,1117.3179904221283
316.38261335183097,1117.3551289694476
316.38261335183097,1117.4147061300346
339.9507156123421,1029.5686321380967
316.38261335183097,1117.580355122169
316.38261335183097,1117.6122114360905
316.38261335183097,1117.6197505636364
316.38261335183097,1117.682342877962
316.38261335183097,1117.7476209867452
316.38261335183097,1117.7536213737653
339.9507156123421,1029.8748460425747
339.9507156123421,1029.895897780965
339.9507156123421,1029.972462524383
316.38261335183097,1117.8717793026346
316.38261335183097,1117.8720272433777
339.9507156123421,1029.9898787134257
339.9507156123421,1029.995893142152
339.9507156123421,1030.0174158797217
339.9507156123421,1030.0933988083727
339.9507156123421,1030.09350962396
339.9507156123421,1030.1221656317803
316.38261335183097,1118.016337573088
316.38261335183097,1118.070641909102
339.9507156123421,1030.2581115460546
316.38261335183097,1118.2101528641301
339.9507156123421,1030.3251854720133
316.38261335183097,1118.2376738824466
316.38261335183097,1118.2654397583958
339.9507156123421,1030.4037077039566
316.38261335183097,1118.2945088160757
316.38261335183097,1118.3300167007196
339.9507156123421,1030.5213237424898
316.38261335183097,1118.4331242090038
316.38261335183097,1118.4420434638987
316.38261335183097,1118.4737635601202
316.38261335183097,1118.489238323489
316.38261335183097,1118.5014086412357
316.38261335183097,1118.6046968484172
316.38261335183097,1118.6321574384272
316.38261335183097,1118.7593551930681
316.38261335183097,1118.847943099468
339.9507156123421,1030.9886091358944
316.38261335183097,1118.8982286737637
316.38261335183097,1118.9567597456423
339.9507156123421,1031.1447035487492
339.9507156123421,1031.1460969831344
316.38261335183097,1119.1429955855879
316.38261335183097,1119.204845155294
316.38261335183097,1119.3022565946649
316.38261335183097,1119.3066693687992
316.38261335183097,1119.4811212063403
316.38261335183097,1119.5334463217266
316.38261335183097,1119.5364081006057
339.9507156123421,1031.6613831886084
316.38261335183097,1119.6017307539585
339.9507156123421,1031.8229719305862
316.38261335183097,1119.7692209518734
339.9507156123421,1031.8834906960863
339.9507156123421,1031.9617639848295
316.38261335183097,1119.9233663387386
339.9507156123421,1032.0473634780774
339.9507156123421,1032.0492067328855
339.9507156123421,1032.0949908842113
316.38261335183097,1119.9989215150067
339.9507156123421,1032.1684105776544
339.9507156123421,1032.1702538324628
339.9507156123421,1032.2041397926
339.9507156123421,1032.2805649689144
339.9507156123421,1032.325186892177
339.9507156123421,1032.331337547241
339.9507156123421,1032.381505597396
339.9507156123421,1032.4523846468182
339.9507156123421,1032.4778779478293
316.38261335183097,1120.3901787758755
316.38261335183097,1120.4528101864307
316.38261335183097,1120.4758134975039
316.38261335183097,1120.5776377110092
339.9507156123421,1032.7102682976827
316.38261335183097,1120.6501469416019
339.9507156123421,1032.83131539726
339.9507156123421,1032.9331907191254
316.38261335183097,1120.969459492647
339.9507156123421,1033.1483156807662
339.9507156123421,1033.157379670959
339.9507156123421,1033.1601189295202
339.9507156123421,1033.202417108517
316.38261335183097,1121.130331759288
316.38261335183097,1121.1514509637002
316.38261335183097,1121.1899064299128
339.9507156123421,1033.3079023027783
339.9507156123421,1033.3285308603502
339.9507156123421,1033.4495779599272
316.38261335183097,1121.3836026958618
339.9507156123421,1033.5215904835109
316.38261335183097,1121.6529893168106
316.38261335183097,1121.7573092819123
339.9507156123421,1033.9495154176277
316.38261335183097,1121.860365117656
316.38261335183097,1121.9406826667127
316.38261335183097,1121.9429231412644
316.38261335183097,1121.9703624312365
316.38261335183097,1122.0765495629662
339.9507156123421,1034.336885094297
316.38261335183097,1122.2271133895556
339.9507156123421,1034.4168008110323
339.9507156123421,1034.4589011308592
339.9507156123421,1034.4913289868828
316.38261335183097,1122.455688031151
316.38261335183097,1122.460874772123
316.38261335183097,1122.4814748617298
339.9507156123421,1034.6123760864598
316.38261335183097,1122.5337500291134
339.9507156123421,1034.7727890721746
339.9507156123421,1034.9892631156306
339.9507156123421,1035.0336784619626
316.38261335183097,1122.9693162904925
339.9507156123421,1035.364222428161
316.38261335183097,1123.3790218283027
339.9507156123421,1035.5126650208856
339.9507156123421,1035.6337121204626
339.9507156123421,1035.64291132149
316.38261335183097,1123.5818262112223
339.9507156123421,1035.8096972725339
316.38261335183097,1123.9381334211766
339.9507156123421,1036.1003186655007
339.9507156123421,1036.2311053856924
316.38261335183097,1124.1417300514024
339.9507156123421,1036.2651511514794
339.9507156123421,1036.3251061135397
339.9507156123421,1036.327375733548
316.38261335183097,1124.2402846327025
339.9507156123421,1036.411854126943
339.9507156123421,1036.4478660940156
316.38261335183097,1124.4134175886943
339.9507156123421,1036.530388319208
339.9507156123421,1036.630608783655
316.38261335183097,1124.644788475037
316.38261335183097,1124.6540419512507
316.38261335183097,1124.7048467589611
316.38261335183097,1124.7399904269628
316.38261335183097,1124.813085846366
316.38261335183097,1125.2293911092238
316.38261335183097,1125.3815661930291
339.9507156123421,1037.5245649164024
339.9507156123421,1037.749387553916
339.9507156123421,1037.765076769435
339.9507156123421,1037.8818030945235
339.9507156123421,1037.890530301511
339.9507156123421,1038.048294643575
316.38261335183097,1125.9865003184595
316.38261335183097,1125.9874348468886
339.9507156123421,1038.2967711578758
339.9507156123421,1038.3242819347233
339.9507156123421,1038.4027044535303
339.9507156123421,1038.4178182574528
339.9507156123421,1038.4693111824113
339.9507156123421,1038.5036068083198
339.9507156123421,1038.5041862193982
339.9507156123421,1038.5739055618114
339.9507156123421,1038.6630529812678
339.9507156123421,1038.792414103299
316.38261335183097,1126.8299154061083
339.9507156123421,1038.9490576586936
339.9507156123421,1038.9509009135018
316.38261335183097,1126.9636587053728
316.38261335183097,1127.1693276985222
339.9507156123421,1039.3176454220009
339.9507156123421,1039.3343203049874
339.9507156123421,1039.3587025785926
316.38261335183097,1127.2997520395386
339.9507156123421,1039.4563190604008
316.38261335183097,1127.4904159548876
339.9507156123421,1039.611962478299
339.9507156123421,1039.6172101003808
339.9507156123421,1039.7023405499997
316.38261335183097,1127.6807804849195
339.9507156123421,1039.8051282682202
339.9507156123421,1039.8057076792986
316.38261335183097,1127.701437868482
316.38261335183097,1127.740959895739
316.38261335183097,1127.8119414405512
316.38261335183097,1127.8151614648698
316.38261335183097,1128.0007704816708
316.38261335183097,1128.046135900909
339.9507156123421,1040.1699353235429
339.9507156123421,1040.2302250409662
339.9507156123421,1040.255853218516
339.9507156123421,1040.3355900037475
316.38261335183097,1128.329613867051
339.9507156123421,1040.5202430082618
316.38261335183097,1128.4264631179976
316.38261335183097,1128.4947475502292
316.38261335183097,1128.5783686531536
339.9507156123421,1040.6918217204302
339.9507156123421,1040.7604303517699
316.38261335183097,1128.67367017987
316.38261335183097,1128.7122242173843
339.9507156123421,1040.8317784697042
339.9507156123421,1040.871107539934
339.9507156123421,1040.913528345588
339.9507156123421,1040.9137349412783
339.9507156123421,1041.002046955481
316.38261335183097,1128.9517488271294
339.9507156123421,1041.3324076725103
339.9507156123421,1041.3570940661775
316.38261335183097,1129.2564060538812
316.38261335183097,1129.4974123770053
339.9507156123421,1041.7586606753823
339.9507156123421,1041.8151940832588
316.38261335183097,1129.8125463301071
339.9507156123421,1041.9323778945363
339.9507156123421,1042.0031110187938
339.9507156123421,1042.0684150009452
316.38261335183097,1129.9823123990843
339.9507156123421,1042.4143592015016
339.9507156123421,1042.4549518234294
316.38261335183097,1130.3891477053799
316.38261335183097,1130.4681340748486
339.9507156123421,1042.5869407404803
339.9507156123421,1042.605438749535
339.9507156123421,1042.6833383727858
339.9507156123421,1042.7003695071805
339.9507156123421,1042.7201688447717
339.9507156123421,1042.746498666585
339.9507156123421,1042.7531266986373
316.38261335183097,1130.6991972890676
339.9507156123421,1042.8154729424668
339.9507156123421,1042.8170234532927
339.9507156123421,1042.8325066260468
316.38261335183097,1130.7546100225525
339.9507156123421,1042.8688850060437
316.38261335183097,1130.7839416742086
339.9507156123421,1042.9028107154409
339.9507156123421,1042.941854780615
339.9507156123421,1042.9499931342687
339.9507156123421,1042.9511250488536
339.9507156123421,1042.9522889121845
339.9507156123421,1043.0297429121583
339.9507156123421,1043.0315861669665
339.9507156123421,1043.0453736663203
316.38261335183097,1131.104045427392
339.9507156123421,1043.2338993544365
316.38261335183097,1131.1937739347018
339.9507156123421,1043.4006427256497
339.9507156123421,1043.5028468077753
339.9507156123421,1043.6523787471592
339.9507156123421,1043.6926477317636
339.9507156123421,1043.7347901510498
339.9507156123421,1043.7463794750067
339.9507156123421,1043.7563399220273
339.9507156123421,1043.7567057282906
339.9507156123421,1043.7698129638625
339.9507156123421,1043.7841884842962
339.9507156123421,1043.8324066328578
339.9507156123421,1043.9217284555275
339.9507156123421,1044.0121123104132
339.9507156123421,1044.0144503770223
339.9507156123421,1044.0274436930886
339.9507156123421,1044.0299335497764
339.9507156123421,1044.0516883059765
316.38261335183097,1131.9710751250677
339.9507156123421,1044.104715106804
339.9507156123421,1044.1084511048698
339.9507156123421,1044.1115656730676
339.9507156123421,1044.122264892761
339.9507156123421,1044.123934277624
339.9507156123421,1044.1436114572286
339.9507156123421,1044.176869655219
339.9507156123421,1044.2330494039136
339.9507156123421,1044.2680768585424
339.9507156123421,1044.2906328985703
339.9507156123421,1044.3038107633006
339.9507156123421,1044.310910294431
339.9507156123421,1044.3416527756553
339.9507156123421,1044.346465528649
339.9507156123421,1044.348861243573
339.9507156123421,1044.3933503919227
339.9507156123421,1044.3996976844899
339.9507156123421,1044.4248578628776
339.9507156123421,1044.4791869648786
339.9507156123421,1044.5960891557372
339.9507156123421,1044.6393972122867
339.9507156123421,1044.7099921206
339.9507156123421,1044.7263231277936
339.9507156123421,1044.72721484788
339.9507156123421,1044.741293692375
316.38261335183097,1132.6565783473263
339.9507156123421,1044.7716148425968
339.9507156123421,1044.7918872652338
339.9507156123421,1044.8178946188232
339.9507156123421,1044.8343138054108
339.9507156123421,1044.9013836380673
339.9507156123421,1044.915525232186
339.9507156123421,1044.9772069051094
339.9507156123421,1044.9868600628124
339.9507156123421,1045.0033584567414
339.9507156123421,1045.0219535658555
339.9507156123421,1045.0665974202827
339.9507156123421,1045.0752242263934
339.9507156123421,1045.0790787236501
339.9507156123421,1045.1106547447866
339.9507156123421,1045.1273528163779
339.9507156123421,1045.1488882644855
339.9507156123421,1045.150731519294
339.9507156123421,1045.1868523505202
339.9507156123421,1045.1873420993556
339.9507156123421,1045.2268305321975
339.9507156123421,1045.2374495948932
339.9507156123421,1045.2410000941338
339.9507156123421,1045.24114252708
339.9507156123421,1045.2445327437592
339.9507156123421,1045.2711136227076
316.38261335183097,1133.1849852700745
339.9507156123421,1045.335468666233
339.9507156123421,1045.3567015651506
339.9507156123421,1045.3808861725183
339.9507156123421,1045.4092251010568
339.9507156123421,1045.4753621948912
339.9507156123421,1045.4785026543263
316.38261335183097,1133.3949879699396
339.9507156123421,1045.5333135655942
339.9507156123421,1045.5336905023705
339.9507156123421,1045.536125104766
339.9507156123421,1045.5516181582748
339.9507156123421,1045.5956605113752
339.9507156123421,1045.5986175477456
339.9507156123421,1045.6019826290794
339.9507156123421,1045.6038258838876
339.9507156123421,1045.6417718055784
339.9507156123421,1045.7054459561627
339.9507156123421,1045.7116506744235
339.9507156123421,1045.7343655986929
339.9507156123421,1045.7421239621863
339.9507156123421,1045.7508500738913
339.9507156123421,1045.7732863047768
339.9507156123421,1045.7747799133879
339.9507156123421,1045.796944805686
339.9507156123421,1045.811793084091
339.9507156123421,1045.8222948098028
339.9507156123421,1045.8621353163105
339.9507156123421,1045.886095666977
339.9507156123421,1045.890333773175
339.9507156123421,1045.890643089061
339.9507156123421,1045.8918119053405
339.9507156123421,1045.8961668195177
339.9507156123421,1045.9181705111662
339.9507156123421,1045.9237500515233
339.9507156123421,1045.9412021961393
339.9507156123421,1045.9430454509475
339.9507156123421,1046.0116275489784
339.9507156123421,1046.0177507793708
339.9507156123421,1046.0761702219015
339.9507156123421,1046.0834789146297
339.9507156123421,1046.0843263427346
339.9507156123421,1046.1026037874426
339.9507156123421,1046.1092440307866
339.9507156123421,1046.124792175725
339.9507156123421,1046.135017080554
339.9507156123421,1046.1402674036233
339.9507156123421,1046.142261930684
339.9507156123421,1046.1482244588524
339.9507156123421,1046.1567587218037
339.9507156123421,1046.1785850181436
339.9507156123421,1046.1891989840155
339.9507156123421,1046.191281655716
339.9507156123421,1046.1986036834528
339.9507156123421,1046.208797378533
339.9507156123421,1046.2116516466695
339.9507156123421,1046.2323412036717
339.9507156123421,1046.2489329347388
339.9507156123421,1046.2648874486847
339.9507156123421,1046.2787443213786
339.9507156123421,1046.2805875761867
339.9507156123421,1046.2854148605766
316.38261335183097,1134.2082948403279
339.9507156123421,1046.3590761584423
339.9507156123421,1046.360864564612
339.9507156123421,1046.3898910307114
339.9507156123421,1046.3908374627733
339.9507156123421,1046.3944721935256
339.9507156123421,1046.3975863651285
339.9507156123421,1046.4197747534108
339.9507156123421,1046.4300556467583
339.9507156123421,1046.4352458043795
339.9507156123421,1046.4432070365383
339.9507156123421,1046.4463979725977
339.9507156123421,1046.4469805312199
339.9507156123421,1046.4584210056212
339.9507156123421,1046.4618811453518
339.9507156123421,1046.4950444549665
339.9507156123421,1046.506613737962
339.9507156123421,1046.5309955331882
339.9507156123421,1046.5520366292137
339.9507156123421,1046.5661696309646
339.9507156123421,1046.5791176359521
316.38261335183097,1134.4858779215426
339.9507156123421,1046.6041070157446
316.38261335183097,1134.4953100826624
339.9507156123421,1046.6117896151673
339.9507156123421,1046.6301623975037
339.9507156123421,1046.6856727321374
339.9507156123421,1046.702954420633
316.38261335183097,1134.590337110243
339.9507156123421,1046.7047976754411
339.9507156123421,1046.7081646360468
339.9507156123421,1046.716050865403
339.9507156123421,1046.7342043756803
339.9507156123421,1046.7612108287935
339.9507156123421,1046.7993190294696
339.9507156123421,1046.8008540982364
339.9507156123421,1046.8087518471157
339.9507156123421,1046.8184467748738
339.9507156123421,1046.825978110874
339.9507156123421,1046.8287412630402
339.9507156123421,1046.8597565665582
339.9507156123421,1046.871378928163
339.9507156123421,1046.873618656156
339.9507156123421,1046.8831500113522
339.9507156123421,1046.8962120963201
339.9507156123421,1046.9028728798924
339.9507156123421,1046.9416491409838
339.9507156123421,1046.9663075994624
339.9507156123421,1046.9892855602382
339.9507156123421,1046.9968736077399
339.9507156123421,1047.022092072561
339.9507156123421,1047.0517951992124
339.9507156123421,1047.0614642029288
339.9507156123421,1047.073112907032
339.9507156123421,1047.0953012953144
339.9507156123421,1047.1106724663682
339.9507156123421,1047.1187335784418
339.9507156123421,1047.1210025552512
339.9507156123421,1047.1368818441233
339.9507156123421,1047.155947417003
339.9507156123421,1047.1611589127833
339.9507156123421,1047.1746880474923
339.9507156123421,1047.1919013216886
339.9507156123421,1047.222369578412
339.9507156123421,1047.2432180224023
339.9507156123421,1047.2723045293005
339.9507156123421,1047.3407365868202
339.9507156123421,1047.3408345042103
339.9507156123421,1047.3658592402383
316.38261335183097,1135.2631791119086
339.9507156123421,1047.397306263617
339.9507156123421,1047.3980659489503
339.9507156123421,1047.4047291752433
339.9507156123421,1047.4376203976713
339.9507156123421,1047.4439233205069
339.9507156123421,1047.4543989859742
339.9507156123421,1047.4732508755299
339.9507156123421,1047.4828417843064
339.9507156123421,1047.4954392638122
339.9507156123421,1047.5015046527776
339.9507156123421,1047.5188715469396
339.9507156123421,1047.5208978177373
339.9507156123421,1047.5599117036513
316.38261335183097,1135.446719656738
339.9507156123421,1047.5635199690594
339.9507156123421,1047.5753702114623
339.9507156123421,1047.576842512154
339.9507156123421,1047.5882643865032
339.9507156123421,1047.6135382798213
339.9507156123421,1047.636640414122
339.9507156123421,1047.6379807192968
339.9507156123421,1047.6600858373538
339.9507156123421,1047.6711377141087
339.9507156123421,1047.6822651143507
339.9507156123421,1047.7111547616294
339.9507156123421,1047.7578807072832
339.9507156123421,1047.7806276938936
339.9507156123421,1047.7858446342004
339.9507156123421,1047.8027437310477
339.9507156123421,1047.8169014204852
339.9507156123421,1047.8373776771846
339.9507156123421,1047.8428202529667
339.9507156123421,1047.8593047281652
339.9507156123421,1047.897824518949
339.9507156123421,1047.9016426212754
339.9507156123421,1047.9057995720323
339.9507156123421,1047.948941200647
339.9507156123421,1047.9512863759655
339.9507156123421,1047.9586377525234
339.9507156123421,1047.9841218029057
339.9507156123421,1047.994550321251
339.9507156123421,1048.0034160538403
339.9507156123421,1048.0232574939662
339.9507156123421,1048.0306378997236
339.9507156123421,1048.052638480371
316.38261335183097,1135.9486823341672
339.9507156123421,1048.063278539058
339.9507156123421,1048.0737591435018
339.9507156123421,1048.1099053352696
339.9507156123421,1048.1253702103863
339.9507156123421,1048.1846248761753
339.9507156123421,1048.2107991306407
339.9507156123421,1048.2401946674004
339.9507156123421,1048.288081917976
339.9507156123421,1048.2886613290543
339.9507156123421,1048.3159276302101
316.38261335183097,1136.2074854737314
339.9507156123421,1048.327077846757
339.9507156123421,1048.3556976470986
339.9507156123421,1048.3563542013997
339.9507156123421,1048.4243788856857
339.9507156123421,1048.4681190536446
339.9507156123421,1048.4757459471039
339.9507156123421,1048.5303964697223
339.9507156123421,1048.5616000457644
339.9507156123421,1048.6141898072938
339.9507156123421,1048.639853255938
316.38261335183097,1136.566817764225
339.9507156123421,1048.7105577006394
316.38261335183097,1136.63867008785
339.9507156123421,1048.8213016114648
339.9507156123421,1048.8656712130335
339.9507156123421,1048.9199994505639
339.9507156123421,1048.9755045171025
339.9507156123421,1049.0637727278336
339.9507156123421,1049.0672841718876
339.9507156123421,1049.1595024712838
339.9507156123421,1049.2645681454933
339.9507156123421,1049.2810526206918
339.9507156123421,1049.2845130656679
339.9507156123421,1049.3003559759625
339.9507156123421,1049.3164398105257
339.9507156123421,1049.3348204754677
339.9507156123421,1049.3730938151575
339.9507156123421,1049.381743792677
339.9507156123421,1049.3876375160469
339.9507156123421,1049.3902104684407
339.9507156123421,1049.4061355251017
339.9507156123421,1049.4065037389475
339.9507156123421,1049.4162982137775
339.9507156123421,1049.445987332882
316.38261335183097,1137.3441189545913
339.9507156123421,1049.5708598482502
339.9507156123421,1049.596958464017
339.9507156123421,1049.606372768702
339.9507156123421,1049.6067766932815
339.9507156123421,1049.6311795521585
339.9507156123421,1049.6388845325362
339.9507156123421,1049.6485557264493
339.9507156123421,1049.6997095270685
339.9507156123421,1049.7123133822174
339.9507156123421,1049.7440458641868
339.9507156123421,1049.7570484097091
339.9507156123421,1049.9147893798818
339.9507156123421,1049.9735387142864
339.9507156123421,1050.0202119820785
339.9507156123421,1050.0498555074566
339.9507156123421,1050.0700297844876
339.9507156123421,1050.1358886457854
339.9507156123421,1050.1405798183869
316.38261335183097,1138.02962217685
339.9507156123421,1050.1682559634412
339.9507156123421,1050.214564950471
339.9507156123421,1050.3125784956176
339.9507156123421,1050.3546881968066
339.9507156123421,1050.3622910766985
339.9507156123421,1050.3905853480987
339.9507156123421,1050.4355623960728
339.9507156123421,1050.474065606711
339.9507156123421,1050.570509739429
339.9507156123421,1050.6049444857447
339.9507156123421,1050.606506835929
339.9507156123421,1050.617828789315
339.9507156123421,1050.617920171147
339.9507156123421,1050.635647215784
339.9507156123421,1050.6856617179096
339.9507156123421,1050.722103868489
316.38261335183097,1138.705563126378
339.9507156123421,1050.8283432541623
339.9507156123421,1050.8374056970463
339.9507156123421,1050.9035262463713
339.9507156123421,1050.9340641948122
339.9507156123421,1051.016822452998
339.9507156123421,1051.0542684550946
339.9507156123421,1051.1110889379763
339.9507156123421,1051.1200928532162
339.9507156123421,1051.142349551222
339.9507156123421,1051.1531498734594
339.9507156123421,1051.1880443611367
339.9507156123421,1051.2055049439168
339.9507156123421,1051.2180048101764
339.9507156123421,1051.2679571255576
339.9507156123421,1051.4248181678383
339.9507156123421,1051.4290705973215
339.9507156123421,1051.4809365813235
339.9507156123421,1051.483184434238
339.9507156123421,1051.5112269064741
339.9507156123421,1051.5898691473224
339.9507156123421,1051.6324797073405
339.9507156123421,1051.6549838011117
339.9507156123421,1051.6725284590732
339.9507156123421,1051.7168530041922
339.9507156123421,1051.7570103807232
339.9507156123421,1051.804055232308
339.9507156123421,1051.8210124827795
339.9507156123421,1051.8705581295728
339.9507156123421,1051.9379468902405
339.9507156123421,1051.9439054502545
339.9507156123421,1052.0072976742476
339.9507156123421,1052.023320912332
339.9507156123421,1052.0355633720485
339.9507156123421,1052.0844518847784
339.9507156123421,1052.1092939837547
316.38261335183097,1140.0205025820005
339.9507156123421,1052.1567152663506
339.9507156123421,1052.2047642573598
339.9507156123421,1052.2409834385942
339.9507156123421,1052.2428266934023
339.9507156123421,1052.252971035259
339.9507156123421,1052.2855554398086
339.9507156123421,1052.3100637576163
339.9507156123421,1052.3311769854556
339.9507156123421,1052.3683192099218
339.9507156123421,1052.3688986210002
339.9507156123421,1052.4556423867696
339.9507156123421,1052.4640190675777
339.9507156123421,1052.4936454909387
339.9507156123421,1052.5002639467937
339.9507156123421,1052.504702005455
339.9507156123421,1052.592142889157
339.9507156123421,1052.5997856966653
339.9507156123421,1052.613545478925
339.9507156123421,1052.638751005963
339.9507156123421,1052.648797457965
339.9507156123421,1052.6897050180842
339.9507156123421,1052.770127112085
339.9507156123421,1052.804605972289
339.9507156123421,1052.812028446091
339.9507156123421,1052.8188392725685
339.9507156123421,1052.8206825273767
339.9507156123421,1052.8299066310701
339.9507156123421,1052.853326993984
339.9507156123421,1052.9038882581995
316.38261335183097,1140.7978037723665
339.9507156123421,1052.9239073589176
339.9507156123421,1053.018781014093
339.9507156123421,1053.0240355180442
339.9507156123421,1053.0476943904248
339.9507156123421,1053.0641788656233
339.9507156123421,1053.0788672308074
339.9507156123421,1053.1038726553893
339.9507156123421,1053.12816442046
339.9507156123421,1053.1539073565737
339.9507156123421,1053.1787582732497
339.9507156123421,1053.199424458709
339.9507156123421,1053.2736591451323
339.9507156123421,1053.3205349343727
339.9507156123421,1053.356055358827
339.9507156123421,1053.3894990136334
339.9507156123421,1053.428565622361
339.9507156123421,1053.478928181884
339.9507156123421,1053.4817440921738
339.9507156123421,1053.4858989447573
339.9507156123421,1053.5219450008342
339.9507156123421,1053.522150820867
339.9507156123421,1053.534168078325
316.38261335183097,1141.483306994625
339.9507156123421,1053.629108771154
339.9507156123421,1053.6660601756744
339.9507156123421,1053.742136032999
339.9507156123421,1053.8028112878192
339.9507156123421,1053.8704492248078
339.9507156123421,1053.8889472338626
339.9507156123421,1053.9310069921376
339.9507156123421,1053.948455866367
339.9507156123421,1054.046111846285
339.9507156123421,1054.0584561619132
339.9507156123421,1054.077899301402
339.9507156123421,1054.1000066548413
339.9507156123421,1054.1190132932345
339.9507156123421,1054.1223283857066
339.9507156123421,1054.1560726437215
339.9507156123421,1054.244363092572
339.9507156123421,1054.2762941545373
339.9507156123421,1054.3029738506623
316.38261335183097,1142.2145250791561
339.9507156123421,1054.349854376886
339.9507156123421,1054.3702948823848
339.9507156123421,1054.3801973980615
339.9507156123421,1054.3937780642882
339.9507156123421,1054.3944383949067
339.9507156123421,1054.4335526642794
339.9507156123421,1054.434599598056
339.9507156123421,1054.5052301134206
339.9507156123421,1054.5456514181706
339.9507156123421,1054.548284528354
339.9507156123421,1054.5820377217528
339.9507156123421,1054.6532463068393
339.9507156123421,1054.7303496188156
339.9507156123421,1054.806898205509
339.9507156123421,1054.8099171267297
339.9507156123421,1054.832105515012
339.9507156123421,1054.8555377981395
339.9507156123421,1054.8672186159797
339.9507156123421,1054.8712721404052
339.9507156123421,1054.8732382603646
339.9507156123421,1054.9106021108362
339.9507156123421,1055.0127693488348
339.9507156123421,1055.0473220947854
316.38261335183097,1142.9356783557068
339.9507156123421,1055.05332144819
339.9507156123421,1055.1929305797519
339.9507156123421,1055.2163625208523
339.9507156123421,1055.2383088724753
339.9507156123421,1055.249029731156
339.9507156123421,1055.2618542266455
339.9507156123421,1055.2861901973815
339.9507156123421,1055.3366096220388
339.9507156123421,1055.336834032557
339.9507156123421,1055.457877396215
339.9507156123421,1055.4952506804163
316.38261335183097,1143.3883268789334
339.9507156123421,1055.591149690819
339.9507156123421,1055.5966131627933
339.9507156123421,1055.6251612599829
339.9507156123421,1055.6651431377031
339.9507156123421,1055.667702462388
339.9507156123421,1055.7032708574177
339.9507156123421,1055.7062849814024
339.9507156123421,1055.7203463220576
339.9507156123421,1055.7454186279601
339.9507156123421,1055.7970902961383
339.9507156123421,1055.87248722464
339.9507156123421,1055.9143160476187
339.9507156123421,1055.9303733979095
339.9507156123421,1056.0120946246723
339.9507156123421,1056.0354633951222
339.9507156123421,1056.0852098412345
339.9507156123421,1056.2523920491744
339.9507156123421,1056.276066268079
339.9507156123421,1056.2841408153768
339.9507156123421,1056.2868669410689
339.9507156123421,1056.306163471882
339.9507156123421,1056.3243806014916
339.9507156123421,1056.3244171388728
339.9507156123421,1056.327724687333
339.9507156123421,1056.3338848338171
339.9507156123421,1056.4186292189584
339.9507156123421,1056.427550378012
339.9507156123421,1056.472831263016
339.9507156123421,1056.4928446598885
339.9507156123421,1056.5149476665795
339.9507156123421,1056.5657041395782
339.9507156123421,1056.569210244242
339.9507156123421,1056.5772306351166
339.9507156123421,1056.5899504586466
339.9507156123421,1056.7082417501126
339.9507156123421,1056.7482013666222
339.9507156123421,1056.8024389439588
339.9507156123421,1056.8054792298
339.9507156123421,1056.8232774554806
339.9507156123421,1056.8922481231061
339.9507156123421,1056.9401166564205
339.9507156123421,1056.952771379462
339.9507156123421,1056.9618845181813
339.9507156123421,1057.0181940486048
339.9507156123421,1057.1180200948966
339.9507156123421,1057.34013540561
339.9507156123421,1057.3741525599085
339.9507156123421,1057.4053355497088
339.9507156123421,1057.4398832792647
339.9507156123421,1057.551570805799
339.9507156123421,1057.6243280667557
339.9507156123421,1057.6403854170464
339.9507156123421,1057.7221167962111
339.9507156123421,1057.8256520487723
339.9507156123421,1057.8584299143026
339.9507156123421,1057.8703748871196
339.9507156123421,1057.8864322374104
339.9507156123421,1057.8990228745595
339.9507156123421,1057.9624040683113
339.9507156123421,1058.0199848766504
339.9507156123421,1058.0652914802438
339.9507156123421,1058.0813488305346
339.9507156123421,1058.1976494813625
339.9507156123421,1058.2084508886753
339.9507156123421,1058.288780784824
316.38261335183097,1146.227782342548
339.9507156123421,1058.3601156154505
339.9507156123421,1058.4033674817995
339.9507156123421,1058.458213385759
339.9507156123421,1058.5351916066018
339.9507156123421,1058.704260206123
339.9507156123421,1058.7923697325114
339.9507156123421,1058.7925100139719
339.9507156123421,1058.7938259569428
339.9507156123421,1058.847893157674
339.9507156123421,1058.8727494804114
339.9507156123421,1058.8833358659456
339.9507156123421,1058.887737759894
339.9507156123421,1058.8888068307022
339.9507156123421,1058.8991767992472
339.9507156123421,1058.95576244418
339.9507156123421,1058.9594017058562
339.9507156123421,1059.1033660606631
339.9507156123421,1059.170200358324
339.9507156123421,1059.210825481967
339.9507156123421,1059.2914260638042
339.9507156123421,1059.380235331587
339.9507156123421,1059.393413819597
339.9507156123421,1059.7066347994148
316.38261335183097,1147.6184421082621
339.9507156123421,1059.7386212276087
339.9507156123421,1059.7426063126727
339.9507156123421,1059.7484661883238
339.9507156123421,1059.8596966672985
339.9507156123421,1059.9004644796557
339.9507156123421,1059.9546041321403
339.9507156123421,1060.0195400894895
339.9507156123421,1060.2883926148231
339.9507156123421,1060.3598720055413
316.38261335183097,1148.3087221852302
339.9507156123421,1060.5049222727805
339.9507156123421,1060.5680215499954
339.9507156123421,1060.7459485089653
339.9507156123421,1060.979762480937
339.9507156123421,1061.1378903944233
339.9507156123421,1061.2169670132191
339.9507156123421,1061.3109677410666
339.9507156123421,1061.3157299486872
339.9507156123421,1061.3674304364265
339.9507156123421,1061.5880645413731
339.9507156123421,1061.6104764987929
339.9507156123421,1061.8565233191568
339.9507156123421,1061.9160167926811
339.9507156123421,1062.0505926699732
339.9507156123421,1062.051439912281
339.9507156123421,1062.0556455914614
339.9507156123421,1062.1482052053564
339.9507156123421,1062.4803812772143
339.9507156123421,1062.5819360832768
339.9507156123421,1062.6707217546436
339.9507156123421,1062.7634660210788
339.9507156123421,1062.8588979124484
316.38261335183097,1150.9105460951032
339.9507156123421,1063.3664009151448
339.9507156123421,1063.4227791993824
339.9507156123421,1063.6489146087945
339.9507156123421,1063.7177617770683
339.9507156123421,1063.7693971690703
316.38261335183097,1151.7277335134506
316.38261335183097,1151.7624070030056
316.38261335183097,1151.9901992264365
339.9507156123421,1064.3551706640842
339.9507156123421,1064.3932883189718
339.9507156123421,1064.4374158409012
339.9507156123421,1064.4974307238174
339.9507156123421,1064.5912603628144
339.9507156123421,1064.6537119442007
339.9507156123421,1064.7270418800263
339.9507156123421,1064.7934262874696
339.9507156123421,1064.822631249157
339.9507156123421,1065.0752865577917
316.38261335183097,1152.9914859377857
339.9507156123421,1065.2229023954892
339.9507156123421,1065.3014221591816
339.9507156123421,1065.3442084678193
339.9507156123421,1065.4641493449499
339.9507156123421,1065.5615615800314
339.9507156123421,1065.7021535988304
339.9507156123421,1065.869728680796
339.9507156123421,1065.8857860310868
316.38261335183097,1153.9748920851937
339.9507156123421,1066.1768159014493
339.9507156123421,1066.2078046823517
339.9507156123421,1066.7036139997995
339.9507156123421,1066.7335001233757
339.9507156123421,1066.89958052256
339.9507156123421,1066.9935812504075
316.38261335183097,1154.8868522522835
316.38261335183097,1154.903646599812
339.9507156123421,1067.1318759954436
339.9507156123421,1067.150865472946
339.9507156123421,1067.3605729580497
339.9507156123421,1067.522427468112
339.9507156123421,1067.8492126239057
339.9507156123421,1067.9264329511068
339.9507156123421,1068.0015902034702
316.38261335183097,1155.9146155612716
339.9507156123421,1068.0755281726315
339.9507156123421,1068.1552335551644
316.38261335183097,1156.1936143273697
339.9507156123421,1068.364993508349
339.9507156123421,1068.4012267738694
339.9507156123421,1068.416976084655
339.9507156123421,1068.4686789632094
316.38261335183097,1156.4451707555609
339.9507156123421,1068.7167697804427
339.9507156123421,1068.7352677894974
339.9507156123421,1069.071179590398
316.38261335183097,1157.0149376739944
339.9507156123421,1069.3315281181353
339.9507156123421,1069.399333524646
339.9507156123421,1069.8558771128332
339.9507156123421,1069.899642003825
316.38261335183097,1157.8239611088231
339.9507156123421,1069.9861205588686
339.9507156123421,1070.0046185679232
339.9507156123421,1070.075005527486
339.9507156123421,1070.2565744377043
339.9507156123421,1070.2856852372486
339.9507156123421,1070.3181222769736
339.9507156123421,1070.32105234785
339.9507156123421,1070.4312462478663
339.9507156123421,1070.4714818156178
339.9507156123421,1070.515968940974
339.9507156123421,1070.583954841565
339.9507156123421,1070.6510593811063
339.9507156123421,1070.714894257112
339.9507156123421,1071.0346813351453
339.9507156123421,1071.1331874967036
339.9507156123421,1071.1689927822508
339.9507156123421,1071.3234269411416
339.9507156123421,1071.3322044360618
339.9507156123421,1071.58182806315
339.9507156123421,1071.7408325940437
339.9507156123421,1072.116142978324
339.9507156123421,1072.1300925386695
339.9507156123421,1072.2708446009156
339.9507156123421,1072.366625079931
339.9507156123421,1072.4025382751295
339.9507156123421,1072.464241561739
339.9507156123421,1072.6898199477027
339.9507156123421,1072.707379506489
339.9507156123421,1072.8742796881945
339.9507156123421,1074.2397343752318
339.9507156123421,1074.5391425154335
339.9507156123421,1074.5409857702418
339.9507156123421,1074.695918829956
339.9507156123421,1074.7271297266734
339.9507156123421,1074.7297026790673
339.9507156123421,1074.7461400730854
339.9507156123421,1074.8231165845973
339.9507156123421,1074.8762249481981
339.9507156123421,1075.1504661601975
339.9507156123421,1075.202047335039
339.9507156123421,1075.4143421056303
339.9507156123421,1075.5090851536577
339.9507156123421,1075.6627409942
339.9507156123421,1075.8193753692772
339.9507156123421,1075.8203098977062
316.38261335183097,1163.8977821453288
339.9507156123421,1076.135571181627
339.9507156123421,1076.380045347064
316.38261335183097,1164.3154184365521
339.9507156123421,1076.6836928840562
339.9507156123421,1076.7878455730227
339.9507156123421,1076.9831080242388
339.9507156123421,1077.022992375558
339.9507156123421,1077.4585895862929
339.9507156123421,1077.5155910326787
339.9507156123421,1077.8336455324884
339.9507156123421,1077.927981193785
339.9507156123421,1078.0044440582417
316.38261335183097,1165.9079544702652
339.9507156123421,1078.0305262400466
339.9507156123421,1078.095830222198
339.9507156123421,1078.1096193227115
339.9507156123421,1078.1743317482233
339.9507156123421,1078.3204061415263
339.9507156123421,1078.364746708885
339.9507156123421,1078.4370806197674
339.9507156123421,1078.6622921155483
339.9507156123421,1078.8126056008962
339.9507156123421,1078.9246802234184
339.9507156123421,1078.9866321733048
339.9507156123421,1079.0457661367482
339.9507156123421,1079.090248475741
339.9507156123421,1079.153030436446
339.9507156123421,1079.19108096589
339.9507156123421,1079.2099414354343
339.9507156123421,1079.2837363965361
339.9507156123421,1079.3052664232387
339.9507156123421,1079.359036656959
339.9507156123421,1079.5621736326145
339.9507156123421,1079.656174360462
339.9507156123421,1080.0589640175704
339.9507156123421,1080.122107147148
339.9507156123421,1080.2161078749955
339.9507156123421,1080.3720104433564
339.9507156123421,1080.3890415777512
339.9507156123421,1080.5211786966174
339.9507156123421,1080.5479470902626
339.9507156123421,1080.553087174962
339.9507156123421,1080.613251072414
339.9507156123421,1080.6386652048393
339.9507156123421,1080.718414982729
339.9507156123421,1080.720258237537
339.9507156123421,1080.737407341853
339.9507156123421,1080.788550195232
339.9507156123421,1081.0009023365162
339.9507156123421,1081.016069225649
339.9507156123421,1081.0893147962204
339.9507156123421,1081.100290919301
339.9507156123421,1081.1340114007992
339.9507156123421,1081.150274821004
339.9507156123421,1081.1510868654389
339.9507156123421,1081.1761591713414
339.9507156123421,1081.1987031300148
339.9507156123421,1081.2077655728988
339.9507156123421,1081.2184676168417
339.9507156123421,1081.2233382318977
339.9507156123421,1081.3628838874859
339.9507156123421,1081.3748457561082
339.9507156123421,1081.3813198023342
339.9507156123421,1081.400710492527
339.9507156123421,1081.4234622216204
339.9507156123421,1081.4453777988613
339.9507156123421,1081.5210787034284
339.9507156123421,1081.6043374237952
339.9507156123421,1081.6073338862125
339.9507156123421,1081.6845747988432
339.9507156123421,1081.718605620347
339.9507156123421,1081.7390707077477
339.9507156123421,1081.7499370209719
339.9507156123421,1081.7617808199457
339.9507156123421,1081.7627821223903
339.9507156123421,1081.7646253771984
339.9507156123421,1081.7782652951441
339.9507156123421,1081.7933871773746
339.9507156123421,1081.7951780436906
339.9507156123421,1081.8126063481945
339.9507156123421,1081.8189112968535
339.9507156123421,1081.8723233604303
339.9507156123421,1081.91351088823
339.9507156123421,1081.9217214744842
339.9507156123421,1081.99412122819
339.9507156123421,1081.9984027414396
339.9507156123421,1081.9995823650017
339.9507156123421,1082.0428883349255
339.9507156123421,1082.0653786393193
339.9507156123421,1082.1035854431543
339.9507156123421,1082.1678590354493
339.9507156123421,1082.185507509308
339.9507156123421,1082.23317948734
316.38261335183097,1170.138069699594
339.9507156123421,1082.283123991116
339.9507156123421,1082.3150022664074
339.9507156123421,1082.331438324529
339.9507156123421,1082.381191099957
339.9507156123421,1082.3985680208402
339.9507156123421,1082.4254390523765
339.9507156123421,1082.4256869419955
339.9507156123421,1082.4568837247766
339.9507156123421,1082.4602869131675
339.9507156123421,1082.4685213347377
339.9507156123421,1082.473379216727
339.9507156123421,1082.4983556181155
339.9507156123421,1082.5065666893938
339.9507156123421,1082.5316865741995
339.9507156123421,1082.5335298290076
339.9507156123421,1082.5540547427233
339.9507156123421,1082.556948381882
339.9507156123421,1082.6204510225414
339.9507156123421,1082.6901543632894
339.9507156123421,1082.6919976180975
339.9507156123421,1082.6955331795405
339.9507156123421,1082.7368828196752
339.9507156123421,1082.744916423855
339.9507156123421,1082.7597782764142
339.9507156123421,1082.7677507942208
339.9507156123421,1082.7802309602293
339.9507156123421,1082.7876268386829
339.9507156123421,1082.7917145324384
339.9507156123421,1082.7936176903727
339.9507156123421,1082.80489310329
339.9507156123421,1082.821839533063
339.9507156123421,1082.8706238226462
339.9507156123421,1082.8750618813076
339.9507156123421,1082.891301600118
339.9507156123421,1082.893697315042
339.9507156123421,1082.8990804456937
339.9507156123421,1082.90336594022
339.9507156123421,1082.9251668099143
339.9507156123421,1082.9298145976506
339.9507156123421,1082.9332048143299
339.9507156123421,1082.9790356982887
339.9507156123421,1082.9865064467633
339.9507156123421,1082.9911991647757
339.9507156123421,1083.0063422453761
339.9507156123421,1083.0089799089544
339.9507156123421,1083.019175552823
339.9507156123421,1083.043949504663
339.9507156123421,1083.0740945627438
339.9507156123421,1083.098495452821
339.9507156123421,1083.0997992831883
339.9507156123421,1083.1150040274542
339.9507156123421,1083.1282403387427
339.9507156123421,1083.140925227206
339.9507156123421,1083.1470498116153
339.9507156123421,1083.1803080096056
339.9507156123421,1083.1945913938048
339.9507156123421,1083.1974157649965
339.9507156123421,1083.2193165429414
339.9507156123421,1083.2286593253768
339.9507156123421,1083.2470153799559
339.9507156123421,1083.2548281920688
339.9507156123421,1083.2711591992625
339.9507156123421,1083.2715152129292
339.9507156123421,1083.2720509193489
339.9507156123421,1083.2747877422244
339.9507156123421,1083.2843325819458
339.9507156123421,1083.3450911300422
339.9507156123421,1083.3530591828946
339.9507156123421,1083.3679398665395
339.9507156123421,1083.3791498768796
339.9507156123421,1083.3998159919238
339.9507156123421,1083.4003227449941
339.9507156123421,1083.45498333463
339.9507156123421,1083.4717928390828
339.9507156123421,1083.4742325312416
339.9507156123421,1083.5667896373243
339.9507156123421,1083.5804839759112
339.9507156123421,1083.6200602978622
339.9507156123421,1083.6397212854147
339.9507156123421,1083.6720817968912
339.9507156123421,1083.683026981588
339.9507156123421,1083.6937243359544
339.9507156123421,1083.6955675907627
339.9507156123421,1083.7154027170652
339.9507156123421,1083.7178396594466
339.9507156123421,1083.7291745192483
339.9507156123421,1083.7321781708245
339.9507156123421,1083.7447320467618
339.9507156123421,1083.7713034635442
339.9507156123421,1083.782285666362
339.9507156123421,1083.7912758580133
339.9507156123421,1083.7951400745355
339.9507156123421,1083.8128539564723
339.9507156123421,1083.8134642462956
339.9507156123421,1083.8236891511247
339.9507156123421,1083.8318605948655
339.9507156123421,1083.836896529423
339.9507156123421,1083.8454307923744
339.9507156123421,1083.8499760243446
339.9507156123421,1083.8689199453524
339.9507156123421,1083.8799537262867
339.9507156123421,1083.8803047377019
339.9507156123421,1083.904821992454
339.9507156123421,1083.912756252571
339.9507156123421,1083.9257222439871
339.9507156123421,1083.9290429041735
339.9507156123421,1083.9308861589818
339.9507156123421,1083.941320523566
339.9507156123421,1083.9540611725256
339.9507156123421,1083.957210394203
339.9507156123421,1083.9648839579663
339.9507156123421,1083.9713217455621
339.9507156123421,1083.9891414561682
339.9507156123421,1083.9910446141023
339.9507156123421,1084.013456342158
339.9507156123421,1084.0233387257952
339.9507156123421,1084.0326562405573
339.9507156123421,1084.0785265738393
339.9507156123421,1084.0831421840157
339.9507156123421,1084.0850453419498
339.9507156123421,1084.0852442194034
339.9507156123421,1084.0930446996924
339.9507156123421,1084.0964542297436
339.9507156123421,1084.111072823966
339.9507156123421,1084.1281081116574
339.9507156123421,1084.1307911707645
339.9507156123421,1084.1505532159224
339.9507156123421,1084.17703969205
339.9507156123421,1084.1837165255372
339.9507156123421,1084.2196676037588
339.9507156123421,1084.223716733921
339.9507156123421,1084.2245665003243
339.9507156123421,1084.2444384485207
339.9507156123421,1084.2584987198015
339.9507156123421,1084.261856219847
339.9507156123421,1084.2646677590187
339.9507156123421,1084.273255568611
339.9507156123421,1084.2792016701617
339.9507156123421,1084.286960033655
339.9507156123421,1084.2956861453602
339.9507156123421,1084.2958385078612
339.9507156123421,1084.3271602019984
339.9507156123421,1084.3460674870212
339.9507156123421,1084.3566291555599
339.9507156123421,1084.3671308812716
339.9507156123421,1084.3671733384876
339.9507156123421,1084.3777317387455
339.9507156123421,1084.3907773423575
339.9507156123421,1084.430931738446
339.9507156123421,1084.4348212392542
339.9507156123421,1084.468586122992
339.9507156123421,1084.4788005492778
339.9507156123421,1084.4857506051512
339.9507156123421,1084.489526168807
339.9507156123421,1084.4974239176863
339.9507156123421,1084.5625868508396
339.9507156123421,1084.591947723779
339.9507156123421,1084.6191857433141
339.9507156123421,1084.6210062933703
339.9507156123421,1084.6283149860985
339.9507156123421,1084.6419990139743
339.9507156123421,1084.645210159965
339.9507156123421,1084.6512046252603
339.9507156123421,1084.6960053440812
339.9507156123421,1084.7202142527383
339.9507156123421,1084.7256166504658
339.9507156123421,1084.7564877181383
339.9507156123421,1084.7633859201044
339.9507156123421,1084.7937690062076
339.9507156123421,1084.800383160073
339.9507156123421,1084.8027817839286
339.9507156123421,1084.824970172211
339.9507156123421,1084.8484024553384
339.9507156123421,1084.8614593641903
339.9507156123421,1084.8713117588384
339.9507156123421,1084.8937721275618
339.9507156123421,1084.9057778813828
339.9507156123421,1084.937340032786
339.9507156123421,1084.9748917182271
339.9507156123421,1085.0072869756314
339.9507156123421,1085.0091302304397
339.9507156123421,1085.0514498094308
339.9507156123421,1085.1110057024334
339.9507156123421,1085.1183225559246
339.9507156123421,1085.1193801170264
339.9507156123421,1085.1261290193813
339.9507156123421,1085.1457002850707
339.9507156123421,1085.1483174076639
339.9507156123421,1085.1625122974501
339.9507156123421,1085.1625287555266
339.9507156123421,1085.1637884586323
339.9507156123421,1085.170724697846
339.9507156123421,1085.171749690791
339.9507156123421,1085.1733468560542
339.9507156123421,1085.1749984689725
339.9507156123421,1085.1772580813615
339.9507156123421,1085.1869176925368
339.9507156123421,1085.1869636598742
339.9507156123421,1085.1980770694795
339.9507156123421,1085.2020420378394
339.9507156123421,1085.2102102864462
339.9507156123421,1085.2280836651985
339.9507156123421,1085.2311735296742
339.9507156123421,1085.2416320162574
339.9507156123421,1085.2601452373347
339.9507156123421,1085.2608869368719
339.9507156123421,1085.2805792834667
339.9507156123421,1085.2984837868416
339.9507156123421,1085.3285772948545
339.9507156123421,1085.336596131871
339.9507156123421,1085.362514512829
339.9507156123421,1085.3979105479125
339.9507156123421,1085.441048167789
339.9507156123421,1085.4445259356096
339.9507156123421,1085.4706824923405
339.9507156123421,1085.489398530962
339.9507156123421,1085.5055734910559
339.9507156123421,1085.5087385257716
339.9507156123421,1085.5338933084684
339.9507156123421,1085.5383037682416
316.38261335183097,1173.430173686435
339.9507156123421,1085.554520765127
339.9507156123421,1085.5562907878546
339.9507156123421,1085.5634306033048
339.9507156123421,1085.564683220188
339.9507156123421,1085.582555990339
339.9507156123421,1085.5867223967045
339.9507156123421,1085.6152279695539
339.9507156123421,1085.6179489785009
339.9507156123421,1085.6401373667832
339.9507156123421,1085.6635696499106
339.9507156123421,1085.6701917952369
339.9507156123421,1085.6759709477021
339.9507156123421,1085.6891110865242
339.9507156123421,1085.7007834884719
339.9507156123421,1085.7059949842521
339.9507156123421,1085.7063927750196
339.9507156123421,1085.7069694978911
339.9507156123421,1085.708236029828
339.9507156123421,1085.7119295645368
339.9507156123421,1085.7367373931575
339.9507156123421,1085.7376427300671
339.9507156123421,1085.7646491831804
339.9507156123421,1085.7736853422348
339.9507156123421,1085.8027573838565
339.9507156123421,1085.8218851292606
339.9507156123421,1085.832179617427
339.9507156123421,1085.863194920945
339.9507156123421,1085.8654244983761
339.9507156123421,1085.9697459538493
339.9507156123421,1085.971760676655
339.9507156123421,1085.9969881170077
339.9507156123421,1086.0380623382403
339.9507156123421,1086.0463407242464
339.9507156123421,1086.0552335535992
339.9507156123421,1086.0649025573157
339.9507156123421,1086.0693771584633
339.9507156123421,1086.126608603203
339.9507156123421,1086.1554559060976
339.9507156123421,1086.1955108007853
339.9507156123421,1086.2049219088226
339.9507156123421,1086.2277949682104
339.9507156123421,1086.2884543579041
339.9507156123421,1086.2920626233122
339.9507156123421,1086.3027977602776
339.9507156123421,1086.316807040756
339.9507156123421,1086.369297594625
339.9507156123421,1086.3822137486534
339.9507156123421,1086.3878525029045
339.9507156123421,1086.4007446180037
339.9507156123421,1086.403577267473
339.9507156123421,1086.4108077686035
339.9507156123421,1086.4210890517436
339.9507156123421,1086.4229922096777
339.9507156123421,1086.4410587520579
339.9507156123421,1086.4470974677402
339.9507156123421,1086.4473616748935
339.9507156123421,1086.457837340361
339.9507156123421,1086.4612655493675
339.9507156123421,1086.4699478468242
339.9507156123421,1086.4766892299165
339.9507156123421,1086.4961224474343
339.9507156123421,1086.498877618199
339.9507156123421,1086.518326531431
339.9507156123421,1086.5223099013263
339.9507156123421,1086.616976634208
339.9507156123421,1086.6400787685086
339.9507156123421,1086.6414190736834
339.9507156123421,1086.65903158246
339.9507156123421,1086.6702062818551
339.9507156123421,1086.6903024149804
339.9507156123421,1086.7029794173623
339.9507156123421,1086.7101739070572
339.9507156123421,1086.7145931160162
339.9507156123421,1086.7380383337033
339.9507156123421,1086.7591805539764
339.9507156123421,1086.7613190616698
339.9507156123421,1086.7955898006567
339.9507156123421,1086.8308673965275
339.9507156123421,1086.8462586073533
339.9507156123421,1086.8627430825518
339.9507156123421,1086.8719139182258
339.9507156123421,1086.8985531065675
339.9507156123421,1086.9005337185674
339.9507156123421,1086.9012628733356
339.9507156123421,1086.9050809756623
339.9507156123421,1086.9393417848935
339.9507156123421,1086.9523795550338
339.9507156123421,1086.96207610691
339.9507156123421,1086.9687373216534
339.9507156123421,1086.9692149571545
316.38261335183097,1174.8594879008472
339.9507156123421,1086.9875601572924
339.9507156123421,1086.9979886756375
339.9507156123421,1087.0199401166985
339.9507156123421,1087.0560768347575
339.9507156123421,1087.0667168934447
339.9507156123421,1087.1127953364503
339.9507156123421,1087.1590258787626
339.9507156123421,1087.188063230562
339.9507156123421,1087.2042886013567
339.9507156123421,1087.2235733019863
339.9507156123421,1087.291597986272
339.9507156123421,1087.3661376829336
339.9507156123421,1087.3943444469817
339.9507156123421,1087.4338280409163
339.9507156123421,1087.4648355220327
339.9507156123421,1087.533834824109
339.9507156123421,1087.5789457487379
339.9507156123421,1087.5942138672863
339.9507156123421,1087.6190202601929
339.9507156123421,1087.6365539100777
339.9507156123421,1087.6788894488866
339.9507156123421,1087.7001540902518
339.9507156123421,1087.7043385427526
339.9507156123421,1087.713996055026
339.9507156123421,1087.7328321782813
339.9507156123421,1087.7652770744437
339.9507156123421,1087.8292518889575
316.38261335183097,1175.7310103632208
339.9507156123421,1087.846621237394
339.9507156123421,1087.902630087916
339.9507156123421,1087.9509715965705
339.9507156123421,1087.9613794223205
339.9507156123421,1087.9789428714892
339.9507156123421,1087.993110799746
339.9507156123421,1088.0095952749446
339.9507156123421,1088.1029582317053
339.9507156123421,1088.1448408680303
339.9507156123421,1088.183720604005
339.9507156123421,1088.1933917979181
339.9507156123421,1088.303794330349
339.9507156123421,1088.3065008598855
339.9507156123421,1088.3235492586164
339.9507156123421,1088.3349154229547
339.9507156123421,1088.3554760034742
339.9507156123421,1088.3592274180526
339.9507156123421,1088.4207799856256
339.9507156123421,1088.4282521813213
339.9507156123421,1088.4725885184396
339.9507156123421,1088.6359946569655
339.9507156123421,1088.746622540363
339.9507156123421,1088.7487546363313
339.9507156123421,1088.7783981617097
339.9507156123421,1088.7960846026576
339.9507156123421,1088.8407578148729
339.9507156123421,1088.8644313000382
339.9507156123421,1088.893718669033
339.9507156123421,1088.9097760193238
339.9507156123421,1088.943107604724
339.9507156123421,1088.9627039981735
339.9507156123421,1089.056704726021
339.9507156123421,1089.0637022420292
339.9507156123421,1089.0734681388742
339.9507156123421,1089.0817840510574
339.9507156123421,1089.1131674213807
339.9507156123421,1089.1641050503256
339.9507156123421,1089.1696086518941
339.9507156123421,1089.1716943178278
339.9507156123421,1089.175885069171
339.9507156123421,1089.2317946705887
339.9507156123421,1089.2990523936821
339.9507156123421,1089.3940237024854
339.9507156123421,1089.395331101126
339.9507156123421,1089.4506465227419
339.9507156123421,1089.4737259365154
339.9507156123421,1089.477503961098
339.9507156123421,1089.485997223842
339.9507156123421,1089.5660406266768
339.9507156123421,1089.6083828401315
339.9507156123421,1089.6099451903158
339.9507156123421,1089.6390855701707
339.9507156123421,1089.6559250094451
339.9507156123421,1089.6797005778124
339.9507156123421,1089.6928740354604
339.9507156123421,1089.7276039880364
339.9507156123421,1089.7918959403423
339.9507156123421,1089.8005900373623
339.9507156123421,1089.8453873369212
339.9507156123421,1089.8673794471108
339.9507156123421,1089.8752891428783
339.9507156123421,1089.8764418899948
339.9507156123421,1089.9425624393198
339.9507156123421,1089.9731003877607
339.9507156123421,1090.0202608073848
339.9507156123421,1090.0933046480432
339.9507156123421,1090.1457879056088
339.9507156123421,1090.1576132515743
339.9507156123421,1090.1921860664079
339.9507156123421,1090.2570410031249
339.9507156123421,1090.2713954799444
339.9507156123421,1090.288457767236
339.9507156123421,1090.3276730682312
339.9507156123421,1090.4153942010416
339.9507156123421,1090.4638543607869
339.9507156123421,1090.5146652608607
339.9507156123421,1090.578238376438
339.9507156123421,1090.5983180858518
339.9507156123421,1090.607432624609
339.9507156123421,1090.6289053402709
339.9507156123421,1090.6587524906754
339.9507156123421,1090.671515900289
339.9507156123421,1090.6940199940602
339.9507156123421,1090.7115646520217
339.9507156123421,1090.7604487351098
339.9507156123421,1090.8108987824417
339.9507156123421,1090.824450837166
339.9507156123421,1090.976983083189
339.9507156123421,1090.982941643203
339.9507156123421,1090.9935648132755
339.9507156123421,1091.0092070049434
339.9507156123421,1091.041645809457
339.9507156123421,1091.0463338671962
339.9507156123421,1091.0603107702004
339.9507156123421,1091.0623571052806
339.9507156123421,1091.074599564997
339.9507156123421,1091.0878902391653
339.9507156123421,1091.124751414666
339.9507156123421,1091.1483301767032
339.9507156123421,1091.2800196315427
339.9507156123421,1091.2818628863508
339.9507156123421,1091.2920072282075
339.9507156123421,1091.3490999505648
339.9507156123421,1091.3702131784041
339.9507156123421,1091.394651593749
339.9507156123421,1091.4144379241125
339.9507156123421,1091.4182476723372
339.9507156123421,1091.494678579718
339.9507156123421,1091.5030552605263
339.9507156123421,1091.5217243984894
339.9507156123421,1091.5326816838872
339.9507156123421,1091.5393001397422
339.9507156123421,1091.5423173492247
339.9507156123421,1091.5437381984036
339.9507156123421,1091.6050039857728
339.9507156123421,1091.630141207513
339.9507156123421,1091.6311790821055
339.9507156123421,1091.6525816718736
339.9507156123421,1091.6777871989116
339.9507156123421,1091.6878336509135
339.9507156123421,1091.7171934531232
339.9507156123421,1091.8436421652375
339.9507156123421,1091.8510646390396
339.9507156123421,1091.8689428240186
339.9507156123421,1091.8923631869325
339.9507156123421,1091.9073009275025
339.9507156123421,1091.942924451148
339.9507156123421,1091.9629435518661
339.9507156123421,1091.9987738450461
339.9507156123421,1092.0355476681864
339.9507156123421,1092.0578172070416
339.9507156123421,1092.0867305833733
339.9507156123421,1092.1032150585718
339.9507156123421,1092.131602774847
339.9507156123421,1092.1387174447068
339.9507156123421,1092.1429088483378
339.9507156123421,1092.174814215501
339.9507156123421,1092.1858611535342
339.9507156123421,1092.1932285788453
339.9507156123421,1092.2159583573375
339.9507156123421,1092.2384606516575
339.9507156123421,1092.2390727331865
339.9507156123421,1092.2748164170507
339.9507156123421,1092.333073461034
339.9507156123421,1092.347647359288
339.9507156123421,1092.3950915517755
339.9507156123421,1092.4190216893862
339.9507156123421,1092.428535206582
339.9507156123421,1092.4337833053314
339.9507156123421,1092.4353814574588
339.9507156123421,1092.4415416039428
339.9507156123421,1092.4676018153095
339.9507156123421,1092.5179643748324
339.9507156123421,1092.5249351377058
339.9507156123421,1092.526285989084
339.9507156123421,1092.5558906865504
339.9507156123421,1092.5611870138155
339.9507156123421,1092.673360909704
339.9507156123421,1092.705096368623
339.9507156123421,1092.87986710107
339.9507156123421,1092.9233993232774
339.9507156123421,1092.938614135757
339.9507156123421,1092.970043185086
339.9507156123421,1092.9748622679522
339.9507156123421,1092.9874920593156
339.9507156123421,1092.989547486293
339.9507156123421,1092.9999048932318
339.9507156123421,1093.1169354943506
339.9507156123421,1093.1210657105985
339.9507156123421,1093.1613645786551
339.9507156123421,1093.198082378308
339.9507156123421,1093.3072985649856
339.9507156123421,1093.3420100436108
339.9507156123421,1093.3888905698345
339.9507156123421,1093.4334745878552
339.9507156123421,1093.4736357910044
339.9507156123421,1093.544266306369
339.9507156123421,1093.5844538708275
339.9507156123421,1093.6029881181894
339.9507156123421,1093.6190454684802
339.9507156123421,1093.6210739147014
339.9507156123421,1093.781864102443
339.9507156123421,1093.8459343984575
339.9507156123421,1093.8489533196782
339.9507156123421,1093.8711417079605
339.9507156123421,1093.894573991088
339.9507156123421,1093.9103083333537
339.9507156123421,1093.912274453313
339.9507156123421,1093.927799514257
339.9507156123421,1093.941064119745
339.9507156123421,1094.0192294076135
339.9507156123421,1094.0562619910693
339.9507156123421,1094.086358287734
339.9507156123421,1094.2053572125938
339.9507156123421,1094.2553987138008
339.9507156123421,1094.2747076491032
339.9507156123421,1094.2773450654238
339.9507156123421,1094.2880659241046
339.9507156123421,1094.290254699429
339.9507156123421,1094.300890419594
339.9507156123421,1094.3756458149874
339.9507156123421,1094.3758702255054
339.9507156123421,1094.3936857919562
339.9507156123421,1094.4106718010246
339.9507156123421,1094.4368734371928
339.9507156123421,1094.5524852356743
339.9507156123421,1094.565071343151
339.9507156123421,1094.6285996143697
339.9507156123421,1094.6301858837676
339.9507156123421,1094.6710203287619
339.9507156123421,1094.7067386553365
339.9507156123421,1094.745321174351
339.9507156123421,1094.7881338594227
339.9507156123421,1094.8640206971165
339.9507156123421,1094.9115234175886
339.9507156123421,1094.9466016485126
339.9507156123421,1094.9705090243626
339.9507156123421,1095.0127556595476
339.9507156123421,1095.0288074761806
339.9507156123421,1095.0376807313573
339.9507156123421,1095.038901749509
339.9507156123421,1095.0511308176208
339.9507156123421,1095.124246034183
339.9507156123421,1095.2423865485775
339.9507156123421,1095.3256127694951
339.9507156123421,1095.3619932679428
339.9507156123421,1095.4747079910196
339.9507156123421,1095.4906222915502
339.9507156123421,1095.5118674559644
339.9507156123421,1095.5309815982118
339.9507156123421,1095.5518201097334
339.9507156123421,1095.5630301200736
339.9507156123421,1095.61216877479
339.9507156123421,1095.625177447875
339.9507156123421,1095.6282261250808
339.9507156123421,1095.7047304145483
339.9507156123421,1095.7421451185762
339.9507156123421,1095.8643990175958
339.9507156123421,1095.8819976911527
339.9507156123421,1095.8896632030803
339.9507156123421,1095.9501716211776
339.9507156123421,1095.9502447763457
339.9507156123421,1095.956209733849
339.9507156123421,1095.975909494104
339.9507156123421,1095.979152849369
339.9507156123421,1096.0009207111298
339.9507156123421,1096.1854901893967
339.9507156123421,1096.26695286768
339.9507156123421,1096.276621492858
339.9507156123421,1096.3795977980142
339.9507156123421,1096.4433216336515
339.9507156123421,1096.4460540937935
339.9507156123421,1096.481585553807
339.9507156123421,1096.5720079365162
339.9507156123421,1096.5989175413724
339.9507156123421,1096.6101275517126
339.9507156123421,1096.6149748916632
339.9507156123421,1096.6261849020034
339.9507156123421,1096.6275655288123
339.9507156123421,1096.6716966466884
339.9507156123421,1096.829090403159
339.9507156123421,1096.8447232970746
339.9507156123421,1096.8523540125966
339.9507156123421,1096.878290860328
339.9507156123421,1096.9213202737765
339.9507156123421,1096.9369935429281
339.9507156123421,1096.9482035532683
339.9507156123421,1097.0886582697033
339.9507156123421,1097.2637342608546
339.9507156123421,1097.432802860376
339.9507156123421,1097.444012870716
339.9507156123421,1097.481725947607
339.9507156123421,1097.5005985156488
339.9507156123421,1097.5891365502264
339.9507156123421,1097.7061172905576
339.9507156123421,1097.7958080868982
339.9507156123421,1097.8037337723656
339.9507156123421,1097.8315462069204
339.9507156123421,1097.876187834798
339.9507156123421,1097.8869293506225
339.9507156123421,1097.8922451850888
339.9507156123421,1097.9628400602428
339.9507156123421,1098.1140740755004
339.9507156123421,1098.1424022536116
339.9507156123421,1098.1545071201733
339.9507156123421,1098.173638712711
339.9507156123421,1098.2142638363537
339.9507156123421,1098.4671638818616
339.9507156123421,1098.4927629808149
339.9507156123421,1098.6240900935652
339.9507156123421,1098.7100731538014
339.9507156123421,1099.3274288077716
339.9507156123421,1099.3989081984898
339.9507156123421,1099.4740576852705
339.9507156123421,1099.474491163218
339.9507156123421,1099.598317206827
339.9507156123421,1099.6070577429439
339.9507156123421,1099.7392647405438
339.9507156123421,1099.87863472606
339.9507156123421,1099.8804779808684
339.9507156123421,1100.0354110405826
339.9507156123421,1100.1413287488099
339.9507156123421,1100.1440935494973
339.9507156123421,1100.1626087952238
339.9507156123421,1100.1687772833845
339.9507156123421,1100.210827245556
339.9507156123421,1100.3472107263567
339.9507156123421,1100.3547661416358
339.9507156123421,1100.4636884466145
339.9507156123421,1100.5415395456655
339.9507156123421,1100.5850659734097
339.9507156123421,1100.5962759837498
339.9507156123421,1100.6004816629302
339.9507156123421,1100.6976475936115
339.9507156123421,1100.7722123706635
339.9507156123421,1101.111451269953
339.9507156123421,1101.1598021083328
339.9507156123421,1101.1872413983049
339.9507156123421,1101.3443961297633
339.9507156123421,1101.8623362668352
339.9507156123421,1101.9836919025465
339.9507156123421,1102.1229571958684
339.9507156123421,1102.2245179976887
339.9507156123421,1102.2250974087672
339.9507156123421,1102.3226002348654
339.9507156123421,1102.4151549441694
339.9507156123421,1102.446304431321
339.9507156123421,1102.8285324960461
339.9507156123421,1102.9381243904406
339.9507156123421,1103.1528214155205
339.9507156123421,1103.3439362688682
339.9507156123421,1103.358609018471
339.9507156123421,1103.536466916766
339.9507156123421,1103.630296555763
339.9507156123421,1103.6390189206938
339.9507156123421,1103.6927481371492
339.9507156123421,1103.767738466958
339.9507156123421,1103.7968646418562
339.9507156123421,1103.8616674421055
339.9507156123421,1103.9568693940314
339.9507156123421,1104.0299648134344
339.9507156123421,1104.4221721939464
339.9507156123421,1104.9087648737445
339.9507156123421,1104.9248222240353
339.9507156123421,1105.2468408753002
339.9507156123421,1105.5824117481973
339.9507156123421,1105.6532890839053
339.9507156123421,1105.742650192748
339.9507156123421,1106.0264893781873
339.9507156123421,1106.0536655789197
339.9507156123421,1106.1280424058584
339.9507156123421,1106.2567241711843
339.9507156123421,1106.4048167926894
339.9507156123421,1106.5258658224986
339.9507156123421,1107.1972216174622
339.9507156123421,1107.2801038609662
339.9507156123421,1107.5464928341194
339.9507156123421,1108.0628462355203
339.9507156123421,1108.2444151457387
339.9507156123421,1108.549454639392
339.9507156123421,1108.6281846580778
339.9507156123421,1108.8949133057818
339.9507156123421,1109.0495950021027
339.9507156123421,1109.0608050124429
339.9507156123421,1109.121028204738
339.9507156123421,1109.193746182215
339.9507156123421,1109.4749201700045
339.9507156123421,1109.8975354365036
339.9507156123421,1110.3268652955283
339.9507156123421,1110.3903789831638
339.9507156123421,1110.7137496381472
339.9507156123421,1110.7442709484303
339.9507156123421,1111.169128731618
339.9507156123421,1111.3279061094418
339.9507156123421,1112.1350820112832
339.9507156123421,1112.5972568878676
339.9507156123421,1113.1444403796686
339.9507156123421,1113.8072160773115
339.9507156123421,1114.4533782985789
339.9507156123421,1114.7827073109652
339.9507156123421,1115.1935312819915
339.9507156123421,1115.5749753780644
339.9507156123421,1115.6166532643556
339.9507156123421,1115.7227290770047
339.9507156123421,1115.9560054458457
339.9507156123421,1116.0228342700757
339.9507156123421,1116.1035935421826
339.9507156123421,1116.22234896491
339.9507156123421,1116.4628820604173
339.9507156123421,1116.468588275409
339.9507156123421,1116.7494229102308
339.9507156123421,1116.772402301794
339.9507156123421,1116.8664030296416
339.9507156123421,1116.9065245336985
339.9507156123421,1116.9744728813391
339.9507156123421,1117.185055185361
339.9507156123421,1117.2367144193502
339.9507156123421,1117.3594423344748
339.9507156123421,1117.4650646323778
339.9507156123421,1117.9431918952318
339.9507156123421,1118.0636398536315
339.9507156123421,1118.1492052007225
339.9507156123421,1118.2145091828738
339.9507156123421,1118.2451227261001
339.9507156123421,1118.4341413430798
339.9507156123421,1118.5281420709273
339.9507156123421,1118.7350831653632
339.9507156123421,1118.7515329314638
339.9507156123421,1118.8031899496661
339.9507156123421,1118.8948034680227
339.9507156123421,1118.9071396874124
339.9507156123421,1119.2043498973694
339.9507156123421,1119.4136300460734
339.9507156123421,1119.4785855593552
339.9507156123421,1119.5713670327084
339.9507156123421,1119.5883981671032
339.9507156123421,1119.6451269907698
339.9507156123421,1119.7205352859694
339.9507156123421,1119.7282091864433
339.9507156123421,1119.8380217941913
339.9507156123421,1119.917771572081
339.9507156123421,1119.919614826889
339.9507156123421,1119.9451371552352
339.9507156123421,1119.9749002700416
339.9507156123421,1119.9777638323872
339.9507156123421,1120.0430678145385
339.9507156123421,1120.0438745459232
339.9507156123421,1120.072540728092
339.9507156123421,1120.0972866095
339.9507156123421,1120.1033612833253
339.9507156123421,1120.1052045381334
339.9507156123421,1120.1093091148732
339.9507156123421,1120.1481052478068
339.9507156123421,1120.158206492342
339.9507156123421,1120.2068246104086
339.9507156123421,1120.2886713855723
339.9507156123421,1120.402809815857
339.9507156123421,1120.419549165412
339.9507156123421,1120.492559710578
339.9507156123421,1120.4949554255018
339.9507156123421,1120.5130062032242
339.9507156123421,1120.5806763916862
339.9507156123421,1120.6106226850325
339.9507156123421,1120.6228188109724
339.9507156123421,1120.6281356929237
339.9507156123421,1120.6447343882132
339.9507156123421,1120.7204352927804
339.9507156123421,1120.7316532012371
339.9507156123421,1120.7421833376661
339.9507156123421,1120.7662661029306
339.9507156123421,1120.7805555306695
339.9507156123421,1120.8560863025289
339.9507156123421,1120.8660889386551
339.9507156123421,1120.8724173097223
339.9507156123421,1120.8733090298088
339.9507156123421,1120.917962209699
339.9507156123421,1120.963459812795
339.9507156123421,1120.9804079873397
339.9507156123421,1120.984741525484
339.9507156123421,1120.9927437667266
339.9507156123421,1121.0119629375465
339.9507156123421,1121.0125900877526
339.9507156123421,1121.0374860680815
339.9507156123421,1121.0382460321791
339.9507156123421,1121.0400892869875
339.9507156123421,1121.0457024485468
339.9507156123421,1121.1201141687209
339.9507156123421,1121.1210780638362
339.9507156123421,1121.1501300589841
339.9507156123421,1121.1680477477844
339.9507156123421,1121.1766418640939
339.9507156123421,1121.1989389543537
339.9507156123421,1121.221318408322
339.9507156123421,1121.2949824464145
339.9507156123421,1121.2968257012226
339.9507156123421,1121.3334362812845
339.9507156123421,1121.339967276524
339.9507156123421,1121.3672156248012
339.9507156123421,1121.372013060685
339.9507156123421,1121.383543776822
339.9507156123421,1121.384528665598
339.9507156123421,1121.4042515341382
339.9507156123421,1121.4052712586754
339.9507156123421,1121.448957554101
339.9507156123421,1121.459800272009
339.9507156123421,1121.4815628481617
339.9507156123421,1121.496478461999
339.9507156123421,1121.4982522619857
339.9507156123421,1121.5147674848463
339.9507156123421,1121.526980354447
339.9507156123421,1121.5553192829855
339.9507156123421,1121.570054379112
339.9507156123421,1121.5834040865318
339.9507156123421,1121.6245968362553
339.9507156123421,1121.6596435025194
339.9507156123421,1121.6797846842994
339.9507156123421,1121.6977123402037
339.9507156123421,1121.7011508517846
339.9507156123421,1121.7059232787458
339.9507156123421,1121.7966428269604
339.9507156123421,1121.8804597806215
339.9507156123421,1121.888218144115
339.9507156123421,1121.89694425582
339.9507156123421,1121.8994517111914
339.9507156123421,1121.9578872660197
339.9507156123421,1121.9671073835727
339.9507156123421,1121.9683889917314
339.9507156123421,1121.9696952958316
339.9507156123421,1121.987703600856
339.9507156123421,1121.9950611775198
339.9507156123421,1122.006201609911
339.9507156123421,1122.0321898489058
339.9507156123421,1122.035587419554
339.9507156123421,1122.0698442334522
339.9507156123421,1122.1291711870026
339.9507156123421,1122.1297852415237
339.9507156123421,1122.1325614036818
339.9507156123421,1122.1446522054737
339.9507156123421,1122.1638449612997
339.9507156123421,1122.1986584079498
339.9507156123421,1122.2222644038302
339.9507156123421,1122.2295730965584
339.9507156123421,1122.319413414452
339.9507156123421,1122.3557544198343
339.9507156123421,1122.3577458285981
339.9507156123421,1122.3843517332705
339.9507156123421,1122.3950271166675
339.9507156123421,1122.4032543463104
339.9507156123421,1122.4216265514547
339.9507156123421,1122.4694016975905
339.9507156123421,1122.4836891712978
339.9507156123421,1122.50945977601
339.9507156123421,1122.52750179333
339.9507156123421,1122.5761498286872
339.9507156123421,1122.599679334346
339.9507156123421,1122.6112839895154
339.9507156123421,1122.6167560640554
339.9507156123421,1122.6527079198909
339.9507156123421,1122.6846449341936
339.9507156123421,1122.7037637983476
339.9507156123421,1122.7122638128935
339.9507156123421,1122.7318145837962
339.9507156123421,1122.7567022214123
339.9507156123421,1122.7592751738061
339.9507156123421,1122.7762565794326
339.9507156123421,1122.7798405652632
339.9507156123421,1122.8115519412665
339.9507156123421,1122.8522286627497
339.9507156123421,1122.8577328556455
339.9507156123421,1122.8621450473318
339.9507156123421,1122.8701734090348
339.9507156123421,1122.8811456990697
339.9507156123421,1122.9356134138263
339.9507156123421,1122.9633068179896
339.9507156123421,1122.9694977078905
339.9507156123421,1122.9906324473652
339.9507156123421,1123.0128208356475
339.9507156123421,1123.0230457404766
339.9507156123421,1123.0253464091427
339.9507156123421,1123.036253118775
339.9507156123421,1123.0423062782488
339.9507156123421,1123.0447873817263
339.9507156123421,1123.074610141274
339.9507156123421,1123.0793103156386
339.9507156123421,1123.0812489931398
339.9507156123421,1123.0983244577794
339.9507156123421,1123.1016560861344
339.9507156123421,1123.1187353766315
339.9507156123421,1123.123396763682
339.9507156123421,1123.1459407223554
339.9507156123421,1123.1550031652393
339.9507156123421,1123.1705758242383
339.9507156123421,1123.2192070889607
339.9507156123421,1123.2413954772433
339.9507156123421,1123.2648277603705
339.9507156123421,1123.278268086578
339.9507156123421,1123.2810796257497
339.9507156123421,1123.2837671284628
339.9507156123421,1123.302041598932
339.9507156123421,1123.307253094712
339.9507156123421,1123.3101214798264
339.9507156123421,1123.3379955036173
339.9507156123421,1123.3435720687294
339.9507156123421,1123.3479480848675
339.9507156123421,1123.3499098052744
339.9507156123421,1123.3682366355793
339.9507156123421,1123.3706635341405
339.9507156123421,1123.3830731148892
339.9507156123421,1123.4190241931108
339.9507156123421,1123.4270052869092
339.9507156123421,1123.447303515408
339.9507156123421,1123.4491467702162
339.9507156123421,1123.5059928268047
339.9507156123421,1123.5686628261335
339.9507156123421,1123.5874777618988
339.9507156123421,1123.6228737969823
339.9507156123421,1123.635597610045
339.9507156123421,1123.646368722892
339.9507156123421,1123.6475988347065
339.9507156123421,1123.688882758159
339.9507156123421,1123.6953003032843
339.9507156123421,1123.6967805070383
339.9507156123421,1123.7090184122862
339.9507156123421,1123.7100197147308
339.9507156123421,1123.711862969539
339.9507156123421,1123.7255028874847
339.9507156123421,1123.7424156360312
339.9507156123421,1123.7915161798453
339.9507156123421,1123.8061800192827
339.9507156123421,1123.8075192394087
339.9507156123421,1123.8361991297136
339.9507156123421,1123.8401912186237
339.9507156123421,1123.8498612408991
339.9507156123421,1123.8607484805705
339.9507156123421,1123.8744724694034
339.9507156123421,1123.8959923499801
339.9507156123421,1123.8982988669582
339.9507156123421,1123.914074335594
339.9507156123421,1123.9313560240894
339.9507156123421,1123.9331992788977
339.9507156123421,1123.9530818504886
339.9507156123421,1123.9537518995169
339.9507156123421,1123.962605979137
339.9507156123421,1123.9834718591133
339.9507156123421,1123.9896124322502
339.9507156123421,1123.990125927266
339.9507156123421,1124.0236988423624
339.9507156123421,1124.0255420971705
339.9507156123421,1124.0277206329263
339.9507156123421,1124.0468483783304
339.9507156123421,1124.050823035495
339.9507156123421,1124.0571428664969
339.9507156123421,1124.072238502496
339.9507156123421,1124.0881581700148
339.9507156123421,1124.0973805578944
339.9507156123421,1124.1102083350133
339.9507156123421,1124.1327451016487
339.9507156123421,1124.1357919837571
339.9507156123421,1124.1425408861123
339.9507156123421,1124.1647292743946
339.9507156123421,1124.1802003253633
339.9507156123421,1124.1804170796806
339.9507156123421,1124.188161557522
339.9507156123421,1124.194709202919
339.9507156123421,1124.203375526605
339.9507156123421,1124.2142659553156
339.9507156123421,1124.2303615834567
339.9507156123421,1124.2714643923152
339.9507156123421,1124.2786759168696
339.9507156123421,1124.280196802669
339.9507156123421,1124.2898658063855
339.9507156123421,1124.2969911501975
339.9507156123421,1124.3171289317168
339.9507156123421,1124.3458056131808
339.9507156123421,1124.372676644717
339.9507156123421,1124.372924534336
339.9507156123421,1124.3797199754247
339.9507156123421,1124.391651487933
339.9507156123421,1124.4041213171172
339.9507156123421,1124.4206168090675
339.9507156123421,1124.427948863996
339.9507156123421,1124.4700824427694
339.9507156123421,1124.473172028686
339.9507156123421,1124.494521050629
339.9507156123421,1124.5017918290275
339.9507156123421,1124.5035475749874
339.9507156123421,1124.5264477954868
339.9507156123421,1124.567688614882
339.9507156123421,1124.5704730676143
339.9507156123421,1124.5709326318579
339.9507156123421,1124.5917517776381
339.9507156123421,1124.5942608436949
339.9507156123421,1124.6257078670735
339.9507156123421,1124.6660220011277
339.9507156123421,1124.6723249239633
339.9507156123421,1124.680789366761
339.9507156123421,1124.6828005894308
339.9507156123421,1124.6866036619676
339.9507156123421,1124.6921540161957
339.9507156123421,1124.7016524789863
339.9507156123421,1124.7049300804078
339.9507156123421,1124.7238408672688
339.9507156123421,1124.7284708976808
339.9507156123421,1124.747273150396
339.9507156123421,1124.7502866950658
339.9507156123421,1124.7521306956305
339.9507156123421,1124.7602839892227
339.9507156123421,1124.7784058485693
339.9507156123421,1124.8069664489778
339.9507156123421,1124.8178614149867
339.9507156123421,1124.8222994736482
339.9507156123421,1124.8419398832777
339.9507156123421,1124.846837906089
339.9507156123421,1124.8650420175784
339.9507156123421,1124.8663823227532
339.9507156123421,1124.8818363651071
339.9507156123421,1124.9112861538888
339.9507156123421,1124.939556365086
339.9507156123421,1124.956217501295
339.9507156123421,1124.9670563946702
339.9507156123421,1124.9673957933935
339.9507156123421,1124.9862823107396
339.9507156123421,1124.988172543386
339.9507156123421,1124.9889431035751
339.9507156123421,1124.9911870970036
339.9507156123421,1124.991933539209
339.9507156123421,1125.0213321550843
339.9507156123421,1125.026999137006
339.9507156123421,1125.0660936324925
339.9507156123421,1125.0711347060267
339.9507156123421,1125.071221856423
339.9507156123421,1125.0829438314227
339.9507156123421,1125.0857890251941
339.9507156123421,1125.0877063316216
339.9507156123421,1125.1262261224053
339.9507156123421,1125.130044224732
339.9507156123421,1125.143020469934
339.9507156123421,1125.166554135282
339.9507156123421,1125.1773428041035
339.9507156123421,1125.1870393559798
339.9507156123421,1125.2125234063622
339.9507156123421,1125.2229519247073
339.9507156123421,1125.2810400838273
339.9507156123421,1125.2916801425145
339.9507156123421,1125.2919459534692
339.9507156123421,1125.3048662246351
339.9507156123421,1125.3055966532127
339.9507156123421,1125.3084744900432
339.9507156123421,1125.333218907487
339.9507156123421,1125.4130264796318
339.9507156123421,1125.4190304314234
339.9507156123421,1125.4214701235821
339.9507156123421,1125.4272196353345
339.9507156123421,1125.5522297070304
339.9507156123421,1125.5869588777553
339.9507156123421,1125.6193193892318
339.9507156123421,1125.6650772517871
339.9507156123421,1125.676412111589
339.9507156123421,1125.6937407693672
339.9507156123421,1125.7587980731787
339.9507156123421,1125.7755924207074
339.9507156123421,1125.7849787144648
339.9507156123421,1125.794649908378
339.9507156123421,1125.8599938449115
339.9507156123421,1125.8885581159066
339.9507156123421,1125.9389593040958
339.9507156123421,1125.9557536516245
339.9507156123421,1125.979893832898
339.9507156123421,1125.9851491883842
339.9507156123421,1126.0383512391234
339.9507156123421,1126.0474136820073
339.9507156123421,1126.0662157952927
339.9507156123421,1126.1135342313323
339.9507156123421,1126.1391918174504
339.9507156123421,1126.144072179773
339.9507156123421,1126.1709543262616
339.9507156123421,1126.1718040926648
339.9507156123421,1126.203906120559
339.9507156123421,1126.2207004680877
339.9507156123421,1126.2430761002017
339.9507156123421,1126.2642764400557
339.9507156123421,1126.2739309112087
339.9507156123421,1126.3144109308282
339.9507156123421,1126.3631578584204
339.9507156123421,1126.3650965643305
339.9507156123421,1126.4280127951374
339.9507156123421,1126.4329881974918
339.9507156123421,1126.5287575794189
339.9507156123421,1126.589236606315
339.9507156123421,1126.5895343313073
339.9507156123421,1126.591138161959
339.9507156123421,1126.598442217601
339.9507156123421,1126.6106257340173
339.9507156123421,1126.6348261527992
339.9507156123421,1126.6674518450789
339.9507156123421,1126.6732496308323
339.9507156123421,1126.710623512445
339.9507156123421,1126.7500193762692
339.9507156123421,1126.7722077645515
339.9507156123421,1126.795640047679
339.9507156123421,1126.7998771322832
339.9507156123421,1126.8066068204485
339.9507156123421,1126.8079829147848
339.9507156123421,1126.818549351179
339.9507156123421,1126.8424876923013
339.9507156123421,1126.8649917860726
339.9507156123421,1126.882536444034
339.9507156123421,1126.9126050582163
339.9507156123421,1126.9520886521507
339.9507156123421,1127.009522666477
339.9507156123421,1127.0260071416756
339.9507156123421,1127.0286084783095
339.9507156123421,1127.039751319683
339.9507156123421,1127.0655601482651
339.9507156123421,1127.1097498897907
339.9507156123421,1127.1205844483948
339.9507156123421,1127.124495673702
339.9507156123421,1127.1341552848774
339.9507156123421,1127.1372808714273
339.9507156123421,1127.1479548752015
339.9507156123421,1127.1539134352154
339.9507156123421,1127.1612527347613
339.9507156123421,1127.175321257539
339.9507156123421,1127.1784111220147
339.9507156123421,1127.188869608598
339.9507156123421,1127.2173056592085
339.9507156123421,1127.2184147014862
339.9507156123421,1127.233328897293
339.9507156123421,1127.2395139301732
339.9507156123421,1127.2455713570096
339.9507156123421,1127.2457213791822
339.9507156123421,1127.257183119905
339.9507156123421,1127.2838337242115
339.9507156123421,1127.298431387944
339.9507156123421,1127.3193019687155
339.9507156123421,1127.3513272896857
339.9507156123421,1127.3966575668976
339.9507156123421,1127.4208906991505
339.9507156123421,1127.4446640480523
339.9507156123421,1127.450991423555
339.9507156123421,1127.4528346783634
339.9507156123421,1127.46297902022
339.9507156123421,1127.4796400335551
339.9507156123421,1127.481130900809
339.9507156123421,1127.4855413605821
339.9507156123421,1127.4890003851706
339.9507156123421,1127.5058574492375
339.9507156123421,1127.5106681956454
339.9507156123421,1127.520071742577
339.9507156123421,1127.5339599890451
339.9507156123421,1127.5411849704167
339.9507156123421,1127.550504532429
339.9507156123421,1127.6189869515551
339.9507156123421,1127.6232085400427
339.9507156123421,1127.6542070902317
339.9507156123421,1127.6656503717304
339.9507156123421,1127.6740270525388
339.9507156123421,1127.6808973730836
339.9507156123421,1127.7024672101677
339.9507156123421,1127.7036534758997
339.9507156123421,1127.7102719317547
339.9507156123421,1127.7147099904162
339.9507156123421,1127.7500608947498
339.9507156123421,1127.7651665030623
339.9507156123421,1127.7948100284405
339.9507156123421,1127.802150874118
339.9507156123421,1127.8235534638861
339.9507156123421,1127.8333460892013
339.9507156123421,1127.8349084393856
339.9507156123421,1127.8487589909241
339.9507156123421,1127.858805442926
339.9507156123421,1127.8640488192405
339.9507156123421,1127.8808431667692
339.9507156123421,1127.9595194714548
339.9507156123421,1127.9773386396605
339.9507156123421,1127.9852999305808
339.9507156123421,1128.0146139572498
339.9507156123421,1128.0166523115017
339.9507156123421,1128.0220364310521
339.9507156123421,1128.0237242822666
339.9507156123421,1128.0399146160312
339.9507156123421,1128.059949213056
339.9507156123421,1128.063334978945
339.9507156123421,1128.1138962431605
339.9507156123421,1128.1339153438787
339.9507156123421,1128.1805169170566
339.9507156123421,1128.2287889990541
339.9507156123421,1128.2452240564546
339.9507156123421,1128.2577023753859
339.9507156123421,1128.2703923045863
339.9507156123421,1128.2741868505843
339.9507156123421,1128.282431986707
339.9507156123421,1128.3138806403501
339.9507156123421,1128.315464260413
339.9507156123421,1128.335090095245
339.9507156123421,1128.3477359688584
339.9507156123421,1128.3508148598137
339.9507156123421,1128.3616211290835
339.9507156123421,1128.368965241246
339.9507156123421,1128.3707511546786
339.9507156123421,1128.40943244367
339.9507156123421,1128.420125214347
339.9507156123421,1128.4214166897132
339.9507156123421,1128.4670583894729
339.9507156123421,1128.4963587290142
339.9507156123421,1128.566063343788
339.9507156123421,1128.5995069985945
339.9507156123421,1128.6385736073219
339.9507156123421,1128.685275926044
339.9507156123421,1128.688936166845
339.9507156123421,1128.6941456804054
339.9507156123421,1128.6959069297184
339.9507156123421,1128.7321588058278
339.9507156123421,1128.7396285099305
339.9507156123421,1128.8403698766924
339.9507156123421,1128.845790698908
339.9507156123421,1128.8760681606354
339.9507156123421,1128.9349313185253
339.9507156123421,1128.967177709039
339.9507156123421,1128.9854119841796
339.9507156123421,1129.0447439262732
339.9507156123421,1129.0494140862359
339.9507156123421,1129.1410149770986
339.9507156123421,1129.1584638513282
339.9507156123421,1129.170810894327
339.9507156123421,1129.1740251183053
339.9507156123421,1129.188697325858
339.9507156123421,1129.2207340839734
339.9507156123421,1129.2388355786127
339.9507156123421,1129.287907286363
339.9507156123421,1129.3101565515767
339.9507156123421,1129.312853488235
339.9507156123421,1129.3323363706675
339.9507156123421,1129.3960898227137
339.9507156123421,1129.4084121435835
339.9507156123421,1129.411980765082
339.9507156123421,1129.426187026517
339.9507156123421,1129.487814356588
339.9507156123421,1129.5129818356233
339.9507156123421,1129.5261833410784
339.9507156123421,1129.5598623618469
339.9507156123421,1129.6044463798678
339.9507156123421,1129.624115426984
339.9507156123421,1129.644607583017
339.9507156123421,1129.7152380983816
339.9507156123421,1129.7920457067137
339.9507156123421,1129.841843828047
339.9507156123421,1129.873739054072
339.9507156123421,1129.8816245850155
339.9507156123421,1129.9450136045675
339.9507156123421,1129.948905469748
339.9507156123421,1130.01690619047
339.9507156123421,1130.0199251116908
339.9507156123421,1130.0350414157913
339.9507156123421,1130.042113499973
339.9507156123421,1130.0655457831006
339.9507156123421,1130.081280125366
339.9507156123421,1130.0832462453254
339.9507156123421,1130.097248346766
339.9507156123421,1130.1226784628689
339.9507156123421,1130.1983182232993
339.9507156123421,1130.2085635942954
339.9507156123421,1130.2347984955863
339.9507156123421,1130.2573300797462
339.9507156123421,1130.3064650103931
339.9507156123421,1130.3565660239167
339.9507156123421,1130.417941254466
339.9507156123421,1130.426370505813
339.9507156123421,1130.4336725686055
339.9507156123421,1130.434659539068
339.9507156123421,1130.4355158234139
339.9507156123421,1130.4483168574363
339.9507156123421,1130.4590377161169
339.9507156123421,1130.4718622116065
339.9507156123421,1130.539872246217
339.9507156123421,1130.5466176069997
339.9507156123421,1130.546842017518
339.9507156123421,1130.5583107379991
339.9507156123421,1130.6058390673134
339.9507156123421,1130.612071393848
339.9507156123421,1130.6585360708532
339.9507156123421,1130.6998397951609
339.9507156123421,1130.7177613364568
339.9507156123421,1130.7474156533906
339.9507156123421,1130.7535757998746
339.9507156123421,1130.7561525526612
339.9507156123421,1130.7879954072134
339.9507156123421,1130.7993404887682
339.9507156123421,1130.8011576757801
339.9507156123421,1130.8383201850158
339.9507156123421,1130.8777104473488
339.9507156123421,1130.8808975442894
339.9507156123421,1130.9162929663632
339.9507156123421,1130.9237127942336
339.9507156123421,1130.9853951056357
339.9507156123421,1130.9893130885132
339.9507156123421,1131.029021643398
339.9507156123421,1131.082495209601
339.9507156123421,1131.096577388211
339.9507156123421,1131.1670337651287
339.9507156123421,1131.1782525698877
339.9507156123421,1131.2221026096333
339.9507156123421,1131.2952178261955
339.9507156123421,1131.3119390891636
339.9507156123421,1131.3425686934665
339.9507156123421,1131.420963528856
339.9507156123421,1131.4368954062695
339.9507156123421,1131.5132782190174
339.9507156123421,1131.6147896341463
339.9507156123421,1131.6183782787382
339.9507156123421,1131.6828392479767
339.9507156123421,1131.7148399508783
339.9507156123421,1131.7446588948126
339.9507156123421,1131.747827629703
339.9507156123421,1131.7552472759023
339.9507156123421,1131.8496083648513
339.9507156123421,1131.8915128098888
339.9507156123421,1131.9373652993197
339.9507156123421,1131.9379447103981
339.9507156123421,1132.013686566606
339.9507156123421,1132.0301710418046
339.9507156123421,1132.1241389732077
339.9507156123421,1132.1501246413814
339.9507156123421,1132.1654166348903
339.9507156123421,1132.1718925031423
339.9507156123421,1132.1742188573041
339.9507156123421,1132.247838814301
339.9507156123421,1132.2842289188998
339.9507156123421,1132.3300712047785
339.9507156123421,1132.3554911898148
339.9507156123421,1132.3598085685485
339.9507156123421,1132.376834921834
339.9507156123421,1132.4601503484214
339.9507156123421,1132.4726355857258
339.9507156123421,1132.5151145622403
339.9507156123421,1132.5254759687787
339.9507156123421,1132.5403259437085
339.9507156123421,1132.5455556781924
339.9507156123421,1132.5546702169495
339.9507156123421,1132.5866900590509
339.9507156123421,1132.605990083016
339.9507156123421,1132.6068864996578
339.9507156123421,1132.6389388418174
339.9507156123421,1132.6430037459866
339.9507156123421,1132.7341835893044
339.9507156123421,1132.7581363747822
339.9507156123421,1132.7653751604912
339.9507156123421,1132.7744376033752
339.9507156123421,1132.7982759691738
339.9507156123421,1132.8023447075414
339.9507156123421,1132.8184020578321
339.9507156123421,1132.8518614051507
339.9507156123421,1132.8535628634395
339.9507156123421,1132.915533444431
339.9507156123421,1132.940802405616
339.9507156123421,1132.9934341811813
339.9507156123421,1132.9952774359895
339.9507156123421,1133.0079581089005
339.9507156123421,1133.0377866628887
339.9507156123421,1133.0719890070066
339.9507156123421,1133.0746276867753
339.9507156123421,1133.102714482062
339.9507156123421,1133.1150275755194
339.9507156123421,1133.140420709097
339.9507156123421,1133.1642882305337
339.9507156123421,1133.198630426657
339.9507156123421,1133.2097837745516
339.9507156123421,1133.2534621394202
339.9507156123421,1133.2638649985788
339.9507156123421,1133.2911266957142
339.9507156123421,1133.2952046111886
339.9507156123421,1133.3559674874139
339.9507156123421,1133.361850074167
339.9507156123421,1133.36699711573
339.9507156123421,1133.3891164141398
339.9507156123421,1133.410097658687
339.9507156123421,1133.4482540537451
339.9507156123421,1133.4712222896019
339.9507156123421,1133.484596511021
339.9507156123421,1133.5249558176827
339.9507156123421,1133.5514297316377
339.9507156123421,1133.5522415781134
339.9507156123421,1133.5814489642853
339.9507156123421,1133.6095603654019
339.9507156123421,1133.6337874906899
339.9507156123421,1133.6362300265448
339.9507156123421,1133.6498448409807
339.9507156123421,1133.6563390007866
339.9507156123421,1133.6644310454637
339.9507156123421,1133.6903443511828
339.9507156123421,1133.7087629869377
339.9507156123421,1133.79280471805
339.9507156123421,1133.7929682603376
339.9507156123421,1133.8682109781398
339.9507156123421,1133.8759719106238
339.9507156123421,1133.894792473843
339.9507156123421,1133.8989741114137
339.9507156123421,1133.912227352884
339.9507156123421,1133.9167309416118
339.9507156123421,1133.96263087607
339.9507156123421,1133.9709292028306
339.9507156123421,1133.9718634922456
339.9507156123421,1133.9786882263609
339.9507156123421,1134.0025179989327
339.9507156123421,1134.0228672232067
339.9507156123421,1134.0366927541977
339.9507156123421,1134.057901142635
339.9507156123421,1134.0833319543854
339.9507156123421,1134.117049656513
339.9507156123421,1134.1371560154507
339.9507156123421,1134.1811729829187
339.9507156123421,1134.1821643103024
339.9507156123421,1134.2047837546838
339.9507156123421,1134.2113856621727
339.9507156123421,1134.2274430124635
339.9507156123421,1134.2281640655326
339.9507156123421,1134.233051070526
339.9507156123421,1134.274601563454
339.9507156123421,1134.2936082018473
339.9507156123421,1134.3007068776258
339.9507156123421,1134.3026100355598
339.9507156123421,1134.313374045624
339.9507156123421,1134.3306675523343
339.9507156123421,1134.4189580011848
339.9507156123421,1134.4372958531226
339.9507156123421,1134.441733911784
339.9507156123421,1134.45088906315
339.9507156123421,1134.4676728096933
339.9507156123421,1134.49239490769
339.9507156123421,1134.5448897909976
339.9507156123421,1134.5473934649426
339.9507156123421,1134.5494616637284
339.9507156123421,1134.5547923066742
339.9507156123421,1134.5682319764644
339.9507156123421,1134.6682848827213
339.9507156123421,1134.6991021578715
339.9507156123421,1134.7202463267834
339.9507156123421,1134.745583472963
339.9507156123421,1134.769727966224
339.9507156123421,1134.7801515444496
339.9507156123421,1134.7965161950735
339.9507156123421,1134.837244266807
339.9507156123421,1134.846912891985
339.9507156123421,1134.8802538791772
339.9507156123421,1134.9367850786336
339.9507156123421,1134.9498891971411
339.9507156123421,1134.9584741732847
339.9507156123421,1135.0096159897892
339.9507156123421,1135.0208260001293
339.9507156123421,1135.040904561718
339.9507156123421,1135.0452709811761
339.9507156123421,1135.0540536522287
339.9507156123421,1135.1018566261087
339.9507156123421,1135.1304293860244
339.9507156123421,1135.1407259881157
339.9507156123421,1135.1464867363152
339.9507156123421,1135.1873642574476
339.9507156123421,1135.1892221005323
339.9507156123421,1135.2148360136043
339.9507156123421,1135.3317864814796
339.9507156123421,1135.3538561680525
339.9507156123421,1135.3661363855363
339.9507156123421,1135.3675254883647
339.9507156123421,1135.3760445563348
339.9507156123421,1135.3994768394623
339.9507156123421,1135.4016848918777
339.9507156123421,1135.438823439197
339.9507156123421,1135.46850538758
339.9507156123421,1135.498400599784
339.9507156123421,1135.5698799905024
339.9507156123421,1135.6153294081034
339.9507156123421,1135.6313867583942
339.9507156123421,1135.6324723048278
339.9507156123421,1135.6439773955433
339.9507156123421,1135.6589496688302
339.9507156123421,1135.7037508006313
339.9507156123421,1135.7122618277751
339.9507156123421,1135.7713645258682
339.9507156123421,1135.7780295349564
339.9507156123421,1135.782247913798
339.9507156123421,1135.7948821040927
339.9507156123421,1135.9278766943626
339.9507156123421,1135.9534054096591
339.9507156123421,1135.9643147050278
339.9507156123421,1135.966466999954
339.9507156123421,1136.020771335968
339.9507156123421,1136.1011510838678
339.9507156123421,1136.1050701364343
339.9507156123421,1136.1172084341586
339.9507156123421,1136.1325307264442
339.9507156123421,1136.1423478282074
339.9507156123421,1136.163088089181
339.9507156123421,1136.1878033093126
339.9507156123421,1136.2801461275856
339.9507156123421,1136.2868862832147
339.9507156123421,1136.3986019617807
339.9507156123421,1136.4392270854235
339.9507156123421,1136.449214727107
339.9507156123421,1136.4542886277927
339.9507156123421,1136.4587357239895
339.9507156123421,1136.5131097812043
339.9507156123421,1136.525737933648
339.9507156123421,1136.6037996327302
339.9507156123421,1136.6283724622135
339.9507156123421,1136.6895425751923
339.9507156123421,1136.743930111838
339.9507156123421,1136.7645453672594
339.9507156123421,1136.7884931395783
339.9507156123421,1136.798072526334
339.9507156123421,1136.8083040467338
339.9507156123421,1136.8300800985842
339.9507156123421,1136.8749787122858
339.9507156123421,1136.8828366587254
339.9507156123421,1136.8887325794626
339.9507156123421,1136.9350364028712
339.9507156123421,1136.9800741384129
339.9507156123421,1137.153394427181
339.9507156123421,1137.2736415283675
339.9507156123421,1137.2926150035094
339.9507156123421,1137.3582131903174
339.9507156123421,1137.4835757485926
339.9507156123421,1137.5518601808244
339.9507156123421,1137.5574393955362
339.9507156123421,1137.6047343687167
339.9507156123421,1137.619935922727
339.9507156123421,1137.6519680068889
339.9507156123421,1137.7105367049342
339.9507156123421,1137.7860918812023
339.9507156123421,1137.8045374327817
339.9507156123421,1137.8610001281413
339.9507156123421,1137.948779308107
339.9507156123421,1138.0058471365112
339.9507156123421,1138.0110235920492
339.9507156123421,1138.1945797852632
339.9507156123421,1138.1975340942097
339.9507156123421,1138.19866795359
339.9507156123421,1138.2017397733903
339.9507156123421,1138.3403082027414
339.9507156123421,1138.3662919978797
339.9507156123421,1138.3996677338307
339.9507156123421,1138.490903029949
339.9507156123421,1138.5008229756056
339.9507156123421,1138.6222099857366
339.9507156123421,1138.9386213298958
339.9507156123421,1139.0712183041956
339.9507156123421,1139.0755057749918
339.9507156123421,1139.080461186154
339.9507156123421,1139.1165778180616
339.9507156123421,1139.181215617776
339.9507156123421,1139.274269419631
339.9507156123421,1139.3918321989968
339.9507156123421,1139.4672971656112
339.9507156123421,1139.6014778401407
339.9507156123421,1139.7074387087782
339.9507156123421,1139.73668378656
339.9507156123421,1139.8012683477755
339.9507156123421,1139.8637199291618
339.9507156123421,1140.032639234118
339.9507156123421,1140.087299515905
339.9507156123421,1140.1424843005095
339.9507156123421,1140.2686452279254
339.9507156123421,1140.310807859305
339.9507156123421,1140.362645955773
339.9507156123421,1140.3735603814
339.9507156123421,1140.5393825009005
339.9507156123421,1140.543620198057
339.9507156123421,1140.9125363509277
339.9507156123421,1140.997600970164
339.9507156123421,1141.0403979669918
339.9507156123421,1141.079736665757
339.9507156123421,1141.0957940160479
339.9507156123421,1141.1074597334273
339.9507156123421,1141.1683104957149
339.9507156123421,1141.3689965774179
339.9507156123421,1141.4028599064004
339.9507156123421,1141.4178126673128
339.9507156123421,1141.462716298052
339.9507156123421,1141.5835722675408
339.9507156123421,1141.626859628728
339.9507156123421,1141.9136219847605
339.9507156123421,1142.021827890926
339.9507156123421,1142.0551312717462
339.9507156123421,1142.085834485808
339.9507156123421,1142.1805082454762
339.9507156123421,1142.1818871293535
339.9507156123421,1142.20058795489
339.9507156123421,1142.2254245211518
339.9507156123421,1142.2689035899632
339.9507156123421,1142.3521780048725
339.9507156123421,1142.360873457907
339.9507156123421,1142.41316865148
339.9507156123421,1142.4402442957635
339.9507156123421,1142.4907635468767
339.9507156123421,1142.5506381546443
339.9507156123421,1142.5958346823138
339.9507156123421,1142.654976185827
339.9507156123421,1142.690119853829
339.9507156123421,1142.7005928235008
339.9507156123421,1142.727021283704
339.9507156123421,1142.7377364210001
339.9507156123421,1142.8967803161156
339.9507156123421,1143.0463766801654
339.9507156123421,1143.1146611123972
339.9507156123421,1143.3194633221615
339.9507156123421,1143.355185264234
339.9507156123421,1143.6215287832983
339.9507156123421,1143.654749942614
339.9507156123421,1144.070194788209
339.9507156123421,1144.5918173553314
339.9507156123421,1144.7012691414272
339.9507156123421,1144.7508290715687
339.9507156123421,1144.8813619714263
339.9507156123421,1144.9508927685154
339.9507156123421,1145.0658850977943
339.9507156123421,1145.2498814664045
339.9507156123421,1145.2530221682716
339.9507156123421,1145.5281302619346
339.9507156123421,1145.7356897852965
339.9507156123421,1145.8333062671045
339.9507156123421,1145.8411245777008
339.9507156123421,1145.9230774039238
339.9507156123421,1146.0844649514202
339.9507156123421,1146.1507127498521
339.9507156123421,1146.2136334841932
339.9507156123421,1146.2819179164248
339.9507156123421,1146.3514108100621
339.9507156123421,1146.4133083368006
339.9507156123421,1146.5951498602685
339.9507156123421,1146.662063122903
339.9507156123421,1147.3064709040564
339.9507156123421,1147.3401005236306
339.9507156123421,1147.5811068467547
339.9507156123421,1147.6445965248088
339.9507156123421,1147.6998834190745
339.9507156123421,1147.7626757569733
339.9507156123421,1147.8974447030835
339.9507156123421,1147.9082072207989
339.9507156123421,1147.9100504756072
339.9507156123421,1148.0649835353215
339.9507156123421,1148.0660068688337
339.9507156123421,1148.1921812899627
339.9507156123421,1148.5518285445983
339.9507156123421,1148.5711120404044
339.9507156123421,1148.5758216824822
339.9507156123421,1148.6392888159726
339.9507156123421,1148.7411130294777
339.9507156123421,1148.9139473032346
339.9507156123421,1148.9692341975003
339.9507156123421,1149.1893746030717
339.9507156123421,1149.8856362833253
339.9507156123421,1149.9086395943982
339.9507156123421,1150.0104638079035
339.9507156123421,1150.3521727296043
339.9507156123421,1150.605841156479
339.9507156123421,1150.6243500905914
339.9507156123421,1151.3256363782216
339.9507156123421,1151.373508763607
339.9507156123421,1151.8937008690173
339.9507156123421,1151.941956408708
339.9507156123421,1152.4037599511712
339.9507156123421,1152.4454395095286
339.9507156123421,1152.6740315799923
339.9507156123421,1153.3254766885461
339.9507156123421,1153.5304141264874
339.9507156123421,1153.6731107295968
339.9507156123421,1154.1576149005973
339.9507156123421,1154.8160098537076
339.9507156123421,1155.3701480838458
339.9507156123421,1156.2381217857026
339.9507156123421,1156.4927334925737
339.9507156123421,1157.084151105439
339.9507156123421,1157.115224145598
339.9507156123421,1157.2463851012296
339.9507156123421,1157.2496051255482
339.9507156123421,1158.0082404411014
339.9507156123421,1158.1064962767643
339.9507156123421,1158.3845749240238
339.9507156123421,1159.8219738022742
339.9507156123421,1160.162816402147
339.9507156123421,1160.164654506022
339.9507156123421,1160.5368715242864
339.9507156123421,1160.6282175953804
339.9507156123421,1161.175497245129
339.9507156123421,1161.4055187857464
339.9507156123421,1162.091022008005
339.9507156123421,1162.593191649669
339.9507156123421,1163.5910080772849
339.9507156123421,1163.918704018437
339.9507156123421,1164.6960052088032
339.9507156123421,1165.3815084310615
339.9507156123421,1165.9750241438196
339.9507156123421,1166.021383324807
339.9507156123421,1166.7523253341858
339.9507156123421,1167.4378285564442
339.9507156123421,1169.4032158189577
339.9507156123421,1169.8114279832
339.9507156123421,1170.073893696186
339.9507156123421,1170.1805170093237
339.9507156123421,1170.8660202315823
339.9507156123421,1172.058586554943
339.9507156123421,1172.3701220163853
339.9507156123421,1172.9705467220329
339.9507156123421,1172.9873410695614
339.9507156123421,1173.125468747811
339.9507156123421,1174.277308797119
339.9507156123421,1174.9650671008603
339.9507156123421,1175.660608439442
339.9507156123421,1175.9076555785725
339.9507156123421,1177.0528857689408
339.9507156123421,1177.7169285648247
339.9507156123421,1180.3433721919973
339.9507156123421,1180.5278680324332
339.9507156123421,1181.1451202399626
339.9507156123421,1181.9814766150782
339.9507156123421,1182.3991129063015
339.9507156123421,1182.39969231738
339.9507156123421,1183.6951248364608
339.9507156123421,1185.827883992518
339.9507156123421,1199.5725133602725
339.9507156123421,1202.8629997833293
339.9507156123421,1204.2676942804414
339.9507156123421,1205.113723600178
